trade_dt,ticker,factor
2025-11-18,600000.SH,0.2752415694120718
2025-11-19,600000.SH,1.0998634296874206
2025-11-20,600000.SH,-0.7686366973836103
2025-11-21,600000.SH,-1.0106817084387978
2025-11-24,600000.SH,0.5117764803922021
2025-11-25,600000.SH,-1.4497134756396572
2025-11-26,600000.SH,0.7084184382093696
2025-11-27,600000.SH,-0.18968074192792878
2025-11-28,600000.SH,-0.18298441744427987
2025-12-01,600000.SH,1.1859265685059066
2025-12-02,600000.SH,0.6938109776187006
2025-12-03,600000.SH,0.27346641199844457
2025-12-04,600000.SH,-2.0115935567384096
2025-12-05,600000.SH,0.1637504038169864
2025-12-08,600000.SH,-0.7810125563266386
2025-12-09,600000.SH,0.06944183942011356
2025-12-10,600000.SH,0.4672566960423965
2025-12-11,600000.SH,1.9671120399427109
2025-12-12,600000.SH,-0.3538285873003591
2025-12-15,600000.SH,-1.2965053655275698
2025-12-16,600000.SH,1.4904646660232865
2025-12-17,600000.SH,0.8078150373242059
2025-12-18,600000.SH,0.9355479706394645
2025-12-19,600000.SH,0.6513299442312026
2025-12-22,600000.SH,0.962308864449626
2025-12-23,600000.SH,-0.9051982263890886
2025-12-24,600000.SH,-1.303666743646156
2025-12-25,600000.SH,0.15256676526765828
2025-12-26,600000.SH,0.24546669028461032
2025-12-29,600000.SH,0.06288185089206522
2025-12-30,600000.SH,-0.6519878399715688
2025-12-31,600000.SH,0.5333389112775893
2026-01-01,600000.SH,0.9227103411297779
2026-01-02,600000.SH,0.09317928446322421
2026-01-05,600000.SH,-0.9383804278504956
2026-01-06,600000.SH,0.9489145487504633
2026-01-07,600000.SH,-0.09795292966247282
2026-01-08,600000.SH,0.581576668668682
2026-01-09,600000.SH,-1.3956059693723242
2026-01-12,600000.SH,0.044941353093688345
2026-01-13,600000.SH,-0.5811744461188444
2026-01-14,600000.SH,0.7404677029525111
2026-01-15,600000.SH,1.0070590552709346
2026-01-16,600000.SH,0.10184945382059707
2026-01-19,600000.SH,0.04753781829368802
2026-01-20,600000.SH,0.35923835059555387
2026-01-21,600000.SH,-1.5073146476671528
2026-01-22,600000.SH,-0.7184314166372199
2026-01-23,600000.SH,0.8607689985386298
2026-01-26,600000.SH,-0.6089238898372205
2026-01-27,600000.SH,1.6137687068817783
2026-01-28,600000.SH,-0.1424989943221565
2026-01-29,600000.SH,1.0502744527522265
2026-01-30,600000.SH,0.48755635861994484
2026-02-02,600000.SH,-0.8022865888506537
2026-02-03,600000.SH,0.46593117210230606
2026-02-04,600000.SH,1.0368875320175432
2026-02-05,600000.SH,-1.3825588079645708
2026-02-06,600000.SH,1.1215555199015492
2026-02-09,600000.SH,0.6087749100385313
2026-02-10,600000.SH,-0.19297691663022246
2026-02-11,600000.SH,0.2043944246902879
2026-02-12,600000.SH,-0.11957426839800028
2026-02-13,600000.SH,-0.021059162332168868
2026-02-16,600000.SH,0.4482829860042368
2026-02-17,600000.SH,0.5648763419598186
2026-02-18,600000.SH,-1.2883292611134967
2026-02-19,600000.SH,-0.692061388703912
2026-02-20,600000.SH,0.9140110362670663
2026-02-23,600000.SH,0.10362296735672633
2026-02-24,600000.SH,-0.025150264299841806
2026-02-25,600000.SH,-0.8559112847762793
2026-02-26,600000.SH,0.49151324676025876
2026-02-27,600000.SH,-0.961820937541024
2026-03-02,600000.SH,-0.4377865654883923
2026-03-03,600000.SH,-0.2878150657428481
2026-03-04,600000.SH,0.2251224369081921
2026-03-05,600000.SH,-1.0301693086229238
2026-03-06,600000.SH,0.3092625817293996
2026-03-09,600000.SH,1.0358747653496319
2026-03-10,600000.SH,-0.40384558846651336
2026-03-11,600000.SH,1.4050239742793116
2026-03-12,600000.SH,-0.7449233280959763
2026-03-13,600000.SH,-0.8003304121471154
2026-03-16,600000.SH,-0.5107071241583281
2026-03-17,600000.SH,1.0595838973043128
2026-03-18,600000.SH,1.3954198157004203
2026-03-19,600000.SH,0.6214850452030528
2026-03-20,600000.SH,0.1647683649573253
2026-03-23,600000.SH,-2.2432975401120125
2026-03-24,600000.SH,-0.013315473113499066
2026-03-25,600000.SH,1.437116149476885
2026-03-26,600000.SH,-0.38848454393771015
2026-03-27,600000.SH,-1.2814873383719259
2026-03-30,600000.SH,0.4817360096452016
2026-03-31,600000.SH,0.5424956017719158
2026-04-01,600000.SH,-0.3122342405550623
2026-04-02,600000.SH,-0.7121697848886189
2026-04-03,600000.SH,-0.6981751932883971
2026-04-06,600000.SH,0.4319194964500594
2026-04-07,600000.SH,0.16587856582870508
2026-04-08,600000.SH,-1.2711372336234503
2026-04-09,600000.SH,0.48582028045979503
2026-04-10,600000.SH,-0.5535818605640803
2026-04-13,600000.SH,0.9883870510029316
2026-04-14,600000.SH,-0.15567716793969766
2026-04-15,600000.SH,-0.0032360924146180303
2026-04-16,600000.SH,0.743755665343262
2026-04-17,600000.SH,0.6457663654183362
2026-04-20,600000.SH,-0.3832584135061332
2026-04-21,600000.SH,0.7615551210141382
2026-04-22,600000.SH,1.435533301414197
2026-04-23,600000.SH,-0.5978343812262766
2026-04-24,600000.SH,1.2876933928527148
2026-04-27,600000.SH,1.6528229273531245
2026-04-28,600000.SH,-0.26563786323988825
2026-04-29,600000.SH,-0.673627973103188
2026-04-30,600000.SH,0.45635403777915085
2026-05-01,600000.SH,0.5457133957301362
2026-05-04,600000.SH,-1.1319060048710847
2026-05-05,600000.SH,0.2777392204369879
2026-05-06,600000.SH,-0.8266444509215969
2026-05-07,600000.SH,0.028065953484617823
2026-05-08,600000.SH,0.19239185494722952
2026-05-11,600000.SH,-0.8335099462058042
2026-05-12,600000.SH,0.5453542124455792
2025-11-18,000002.SZ,0.596628160814871
2025-11-19,000002.SZ,1.217252410800051
2025-11-20,000002.SZ,-0.36801444245138953
2025-11-21,000002.SZ,0.5459643577696106
2025-11-24,000002.SZ,-0.8336169948765048
2025-11-25,000002.SZ,0.3269069341662529
2025-11-26,000002.SZ,-0.269334703358515
2025-11-27,000002.SZ,0.16879522522793988
2025-11-28,000002.SZ,0.09495140511362164
2025-12-01,000002.SZ,1.2059650102496684
2025-12-02,000002.SZ,0.47428472931896315
2025-12-03,000002.SZ,-0.304442433437592
2025-12-04,000002.SZ,-0.5336599177872288
2025-12-05,000002.SZ,0.26926166459470335
2025-12-08,000002.SZ,-0.9161316642597949
2025-12-09,000002.SZ,0.2947608834041237
2025-12-10,000002.SZ,1.0212150200855028
2025-12-11,000002.SZ,0.9263209737727511
2025-12-12,000002.SZ,-1.1061596184168165
2025-12-15,000002.SZ,0.742015946721285
2025-12-16,000002.SZ,-0.3640775595133028
2025-12-17,000002.SZ,-0.4698673518439215
2025-12-18,000002.SZ,-0.27095122423325135
2025-12-19,000002.SZ,0.3222871431190458
2025-12-22,000002.SZ,-0.8800772000119402
2025-12-23,000002.SZ,0.253677212890857
2025-12-24,000002.SZ,1.1264671846785614
2025-12-25,000002.SZ,0.6218939231885531
2025-12-26,000002.SZ,-0.04265731674918995
2025-12-29,000002.SZ,0.038046348985481315
2025-12-30,000002.SZ,-0.5209528172489903
2025-12-31,000002.SZ,-0.3696139653453244
2026-01-01,000002.SZ,-0.3094038611109051
2026-01-02,000002.SZ,-0.022108828547578868
2026-01-05,000002.SZ,-0.003464366763203608
2026-01-06,000002.SZ,-0.5569414872336647
2026-01-07,000002.SZ,-0.8925581087551946
2026-01-08,000002.SZ,0.36320211399418
2026-01-09,000002.SZ,1.027254704464971
2026-01-12,000002.SZ,0.3038815344210614
2026-01-13,000002.SZ,0.30444009648841824
2026-01-14,000002.SZ,2.417732133288598
2026-01-15,000002.SZ,1.4023421583517428
2026-01-16,000002.SZ,0.05270035237952875
2026-01-19,000002.SZ,0.1084470637076732
2026-01-20,000002.SZ,0.03810758609872472
2026-01-21,000002.SZ,-0.6956786896918258
2026-01-22,000002.SZ,0.3916873628335348
2026-01-23,000002.SZ,0.19001506550399794
2026-01-26,000002.SZ,0.05489107977375446
2026-01-27,000002.SZ,-1.2904764583035284
2026-01-28,000002.SZ,-0.05332945802861158
2026-01-29,000002.SZ,-1.3473676986384004
2026-01-30,000002.SZ,0.436717125228429
2026-02-02,000002.SZ,1.055256914746688
2026-02-03,000002.SZ,0.7823967076296251
2026-02-04,000002.SZ,0.5286451891204966
2026-02-05,000002.SZ,-2.1940844456907636
2026-02-06,000002.SZ,-0.057024244640036775
2026-02-09,000002.SZ,-0.06071186566921841
2026-02-10,000002.SZ,-1.1666309735356635
2026-02-11,000002.SZ,-1.500231480729799
2026-02-12,000002.SZ,-0.6485917524126035
2026-02-13,000002.SZ,0.2555621921296345
2026-02-16,000002.SZ,0.5713963368093209
2026-02-17,000002.SZ,0.5544179192436097
2026-02-18,000002.SZ,2.0025971648484893
2026-02-19,000002.SZ,1.0672570570784268
2026-02-20,000002.SZ,-0.39762577459329773
2026-02-23,000002.SZ,1.2940041785128826
2026-02-24,000002.SZ,-0.701078744619675
2026-02-25,000002.SZ,-2.2731471546335946
2026-02-26,000002.SZ,-0.7030080160347514
2026-02-27,000002.SZ,-0.6073560814942622
2026-03-02,000002.SZ,0.15507423585142888
2026-03-03,000002.SZ,-0.7059452244506342
2026-03-04,000002.SZ,-0.4074297898641206
2026-03-05,000002.SZ,-1.10018193842333
2026-03-06,000002.SZ,-0.05160042668424586
2026-03-09,000002.SZ,0.7150223043779167
2026-03-10,000002.SZ,-0.05241529614350746
2026-03-11,000002.SZ,1.1039471732707777
2026-03-12,000002.SZ,-0.18816450050958072
2026-03-13,000002.SZ,0.1881836279252159
2026-03-16,000002.SZ,1.3466130887315098
2026-03-17,000002.SZ,0.675756364561533
2026-03-18,000002.SZ,0.4497374188591379
2026-03-19,000002.SZ,0.3626506638474435
2026-03-20,000002.SZ,0.7634128227579509
2026-03-23,000002.SZ,-0.9886139362256687
2026-03-24,000002.SZ,0.9392709993149198
2026-03-25,000002.SZ,-0.13863883077880043
2026-03-26,000002.SZ,-0.9148937534801006
2026-03-27,000002.SZ,0.5708039968020715
2026-03-30,000002.SZ,-0.23724255582686554
2026-03-31,000002.SZ,-0.6050833231074061
2026-04-01,000002.SZ,-0.0724421968479029
2026-04-02,000002.SZ,-1.1312344624656716
2026-04-03,000002.SZ,-0.9215493512027142
2026-04-06,000002.SZ,-0.7413032463664859
2026-04-07,000002.SZ,0.25234400359153447
2026-04-08,000002.SZ,0.20494507393009892
2026-04-09,000002.SZ,0.9166943755904815
2026-04-10,000002.SZ,-0.7743003563743565
2026-04-13,000002.SZ,-1.0391394309505153
2026-04-14,000002.SZ,0.38067589598048146
2026-04-15,000002.SZ,0.4505926886017227
2026-04-16,000002.SZ,-0.3548831899143755
2026-04-17,000002.SZ,0.2874894325164452
2026-04-20,000002.SZ,-0.3453387222919072
2026-04-21,000002.SZ,-0.3132597253836631
2026-04-22,000002.SZ,0.2125743865929581
2026-04-23,000002.SZ,0.16830459327660519
2026-04-24,000002.SZ,1.0098752974228127
2026-04-27,000002.SZ,-0.4029918287600463
2026-04-28,000002.SZ,0.26449740555943035
2026-04-29,000002.SZ,-0.10194095121641196
2026-04-30,000002.SZ,1.5055437821358788
2026-05-01,000002.SZ,-0.7258543288987518
2026-05-04,000002.SZ,-0.42986450009576194
2026-05-05,000002.SZ,0.8515789851437015
2026-05-06,000002.SZ,-0.1528449683012646
2026-05-07,000002.SZ,-0.3578787948346832
2026-05-08,000002.SZ,2.368213440903597
2026-05-11,000002.SZ,-0.7896279171193996
2026-05-12,000002.SZ,0.6738560356635804
2025-11-18,600002.SH,0.4640441020951936
2025-11-19,600002.SH,0.8174426447278862
2025-11-20,600002.SH,-0.3205565852503982
2025-11-21,600002.SH,0.7804792323644811
2025-11-24,600002.SH,0.3948251187266495
2025-11-25,600002.SH,-0.7873899243405986
2025-11-26,600002.SH,-0.6854349117331335
2025-11-27,600002.SH,0.8046069279691406
2025-11-28,600002.SH,-0.5662251327511303
2025-12-01,600002.SH,0.2164386809436537
2025-12-02,600002.SH,-1.1381982875104746
2025-12-03,600002.SH,-0.0215265585637869
2025-12-04,600002.SH,0.6100981836520313
2025-12-05,600002.SH,0.027136420651803883
2025-12-08,600002.SH,0.1111633238402506
2025-12-09,600002.SH,2.313739322817178
2025-12-10,600002.SH,-0.6477299283709531
2025-12-11,600002.SH,0.7415269009720198
2025-12-12,600002.SH,-0.6690367387603067
2025-12-15,600002.SH,-0.6017803547689116
2025-12-16,600002.SH,1.4091686355248003
2025-12-17,600002.SH,-0.6834556845670088
2025-12-18,600002.SH,-0.9229835162325888
2025-12-19,600002.SH,0.6028248267478803
2025-12-22,600002.SH,0.23207419251093542
2025-12-23,600002.SH,0.9535264776446557
2025-12-24,600002.SH,0.16472342310126467
2025-12-25,600002.SH,-0.7875209788996955
2025-12-26,600002.SH,0.5402968446455089
2025-12-29,600002.SH,-0.0975920389690293
2025-12-30,600002.SH,0.13303120507900235
2025-12-31,600002.SH,-0.5023522866872641
2026-01-01,600002.SH,-0.002130815691288035
2026-01-02,600002.SH,0.4315861400501601
2026-01-05,600002.SH,-0.40050246953401614
2026-01-06,600002.SH,-1.0613463420395086
2026-01-07,600002.SH,0.23956069178035577
2026-01-08,600002.SH,-0.02975096304685826
2026-01-09,600002.SH,0.6682700620634412
2026-01-12,600002.SH,0.33815275715703186
2026-01-13,600002.SH,1.1424001379695834
2026-01-14,600002.SH,-1.7917637614943196
2026-01-15,600002.SH,-0.44590392740313517
2026-01-16,600002.SH,-0.4643883799229449
2026-01-19,600002.SH,0.17514447137184036
2026-01-20,600002.SH,-0.4775721464766727
2026-01-21,600002.SH,0.5478947648849203
2026-01-22,600002.SH,0.24587043514964352
2026-01-23,600002.SH,-0.38292386154493296
2026-01-26,600002.SH,0.42676681110842646
2026-01-27,600002.SH,0.11972784542411564
2026-01-28,600002.SH,-0.3468515262238939
2026-01-29,600002.SH,0.8424961253773521
2026-01-30,600002.SH,-0.5904767995961122
2026-02-02,600002.SH,-0.016401009008126417
2026-02-03,600002.SH,-0.7691673041285163
2026-02-04,600002.SH,-0.4429875724837604
2026-02-05,600002.SH,-1.5691666442966925
2026-02-06,600002.SH,-1.0226184100070717
2026-02-09,600002.SH,0.7074446537401414
2026-02-10,600002.SH,-0.031119991377065045
2026-02-11,600002.SH,-0.34156455651653156
2026-02-12,600002.SH,0.36397901907005464
2026-02-13,600002.SH,1.3565385246140151
2026-02-16,600002.SH,-0.24265030254219205
2026-02-17,600002.SH,-0.6912280263663818
2026-02-18,600002.SH,-0.25573305441310584
2026-02-19,600002.SH,0.17506406764884352
2026-02-20,600002.SH,0.2038018184549817
2026-02-23,600002.SH,0.7694819027102229
2026-02-24,600002.SH,0.5713316150167411
2026-02-25,600002.SH,-0.3368774872368232
2026-02-26,600002.SH,-0.16378004925251194
2026-02-27,600002.SH,1.5190591278187273
2026-03-02,600002.SH,-2.6414899444758473
2026-03-03,600002.SH,-0.5408461859537145
2026-03-04,600002.SH,-0.2934061248511303
2026-03-05,600002.SH,1.4612268253641703
2026-03-06,600002.SH,-0.8774729372087298
2026-03-09,600002.SH,0.06544686400049793
2026-03-10,600002.SH,-0.9826788251330277
2026-03-11,600002.SH,-0.6592244874798249
2026-03-12,600002.SH,-0.46294239211336574
2026-03-13,600002.SH,0.482572003141134
2026-03-16,600002.SH,0.5453563334415458
2026-03-17,600002.SH,0.0035362439641433707
2026-03-18,600002.SH,0.0904095461345471
2026-03-19,600002.SH,-0.5259008077055314
2026-03-20,600002.SH,-0.09114834409400385
2026-03-23,600002.SH,0.8113131435667605
2026-03-24,600002.SH,-0.33069066476754977
2026-03-25,600002.SH,0.5057404079666871
2026-03-26,600002.SH,-1.021227780269787
2026-03-27,600002.SH,0.011034479984312145
2026-03-30,600002.SH,0.8013468674291987
2026-03-31,600002.SH,0.38914503094159947
2026-04-01,600002.SH,-0.7475175114425314
2026-04-02,600002.SH,-0.6552055463775065
2026-04-03,600002.SH,0.5822345205598352
2026-04-06,600002.SH,0.44869610211129446
2026-04-07,600002.SH,0.31107305059784773
2026-04-08,600002.SH,1.0716596990781635
2026-04-09,600002.SH,-1.2713429096714033
2026-04-10,600002.SH,0.1290455126933308
2026-04-13,600002.SH,-1.6474132599691504
2026-04-14,600002.SH,0.35359667438304676
2026-04-15,600002.SH,0.9149213789460695
2026-04-16,600002.SH,2.1675277966794555
2026-04-17,600002.SH,0.9231217737206245
2026-04-20,600002.SH,0.05086243776520907
2026-04-21,600002.SH,-0.04189582235853023
2026-04-22,600002.SH,0.415997075923086
2026-04-23,600002.SH,0.5975623973568082
2026-04-24,600002.SH,0.4021746139441636
2026-04-27,600002.SH,-0.757911125854372
2026-04-28,600002.SH,1.020006180261458
2026-04-29,600002.SH,-0.43794700210156784
2026-04-30,600002.SH,2.023801882532436
2026-05-01,600002.SH,-0.9664007978923694
2026-05-04,600002.SH,-0.5720515296459143
2026-05-05,600002.SH,0.35489039006087597
2026-05-06,600002.SH,-0.017684657629047255
2026-05-07,600002.SH,-0.12618295574464733
2026-05-08,600002.SH,-0.26848420887175717
2026-05-11,600002.SH,-0.19828273319785816
2026-05-12,600002.SH,-0.09370166654540812
2025-11-18,000004.SZ,-1.119717535846507
2025-11-19,000004.SZ,0.2538061343165083
2025-11-20,000004.SZ,-0.41158019812359553
2025-11-21,000004.SZ,-0.512630823577129
2025-11-24,000004.SZ,0.5820539761578176
2025-11-25,000004.SZ,-0.9111554178157433
2025-11-26,000004.SZ,1.057850544389097
2025-11-27,000004.SZ,0.25299039124210126
2025-11-28,000004.SZ,-0.7712251587423833
2025-12-01,000004.SZ,-0.10167914813963352
2025-12-02,000004.SZ,-1.5229205362609883
2025-12-03,000004.SZ,-0.3364122196204348
2025-12-04,000004.SZ,0.5291520087571848
2025-12-05,000004.SZ,0.032823874149795707
2025-12-08,000004.SZ,-0.47837048194888476
2025-12-09,000004.SZ,1.4170921707347006
2025-12-10,000004.SZ,-0.3391760529429356
2025-12-11,000004.SZ,0.5132869114796113
2025-12-12,000004.SZ,-0.9302925744174423
2025-12-15,000004.SZ,-0.43718342230671975
2025-12-16,000004.SZ,-1.5186137270822848
2025-12-17,000004.SZ,0.34870978530394275
2025-12-18,000004.SZ,-1.4448665032407497
2025-12-19,000004.SZ,1.35868965038676
2025-12-22,000004.SZ,-1.7714031475276053
2025-12-23,000004.SZ,0.805703681207275
2025-12-24,000004.SZ,0.46750283293492456
2025-12-25,000004.SZ,0.7394218018685847
2025-12-26,000004.SZ,0.0922251340928773
2025-12-29,000004.SZ,0.5405602674668558
2025-12-30,000004.SZ,2.8982297932936825
2025-12-31,000004.SZ,0.0624118263746849
2026-01-01,000004.SZ,0.30862057151874395
2026-01-02,000004.SZ,-0.08973669565501072
2026-01-05,000004.SZ,-1.453517756964248
2026-01-06,000004.SZ,0.21524449691552497
2026-01-07,000004.SZ,0.24284333704375455
2026-01-08,000004.SZ,-1.26528403523014
2026-01-09,000004.SZ,-0.02610945133627135
2026-01-12,000004.SZ,0.15929472185761614
2026-01-13,000004.SZ,-0.3236832477721892
2026-01-14,000004.SZ,-0.8937005034404812
2026-01-15,000004.SZ,0.23736489565338506
2026-01-16,000004.SZ,1.2933136160074254
2026-01-19,000004.SZ,0.1266251673055387
2026-01-20,000004.SZ,1.2188210280018694
2026-01-21,000004.SZ,-0.6582928245050864
2026-01-22,000004.SZ,-0.49271814954661725
2026-01-23,000004.SZ,0.8826855355925309
2026-01-26,000004.SZ,-0.8996100102425547
2026-01-27,000004.SZ,0.398618624114655
2026-01-28,000004.SZ,-0.0506530039195998
2026-01-29,000004.SZ,-0.16166109188883315
2026-01-30,000004.SZ,0.09763992782888734
2026-02-02,000004.SZ,-0.0976099940861504
2026-02-03,000004.SZ,-0.33906458691667557
2026-02-04,000004.SZ,-1.4086297900779576
2026-02-05,000004.SZ,-0.5788937897209496
2026-02-06,000004.SZ,1.3987401491983873
2026-02-09,000004.SZ,0.5451839512943493
2026-02-10,000004.SZ,0.15689142713326104
2026-02-11,000004.SZ,-0.10341482946553252
2026-02-12,000004.SZ,-0.26914962385117025
2026-02-13,000004.SZ,-0.40321582028540237
2026-02-16,000004.SZ,0.19171263331097507
2026-02-17,000004.SZ,0.19752497469501668
2026-02-18,000004.SZ,1.0115199088997104
2026-02-19,000004.SZ,-0.13804536793448177
2026-02-20,000004.SZ,0.8258641879819666
2026-02-23,000004.SZ,0.05612495897527009
2026-02-24,000004.SZ,-1.3885243401023661
2026-02-25,000004.SZ,-0.5025724686046085
2026-02-26,000004.SZ,0.679608526639813
2026-02-27,000004.SZ,1.2211367998289575
2026-03-02,000004.SZ,-0.31698061591356896
2026-03-03,000004.SZ,-0.307898447126986
2026-03-04,000004.SZ,0.45398569086733837
2026-03-05,000004.SZ,-0.6436078210260406
2026-03-06,000004.SZ,0.2889375382983498
2026-03-09,000004.SZ,0.13270256516310286
2026-03-10,000004.SZ,-0.3702519531675011
2026-03-11,000004.SZ,-2.6784151424584373
2026-03-12,000004.SZ,0.06770998411602952
2026-03-13,000004.SZ,-0.624001733482746
2026-03-16,000004.SZ,-1.1704122560857635
2026-03-17,000004.SZ,-1.0892242755854862
2026-03-18,000004.SZ,0.32963233048176005
2026-03-19,000004.SZ,-0.8125473513494041
2026-03-20,000004.SZ,1.388786001377841
2026-03-23,000004.SZ,0.7959861996044517
2026-03-24,000004.SZ,0.47847517453197863
2026-03-25,000004.SZ,-0.924755899586486
2026-03-26,000004.SZ,-0.2790850287776067
2026-03-27,000004.SZ,0.9392315718460948
2026-03-30,000004.SZ,-1.6955072972411838
2026-03-31,000004.SZ,1.6208466966476933
2026-04-01,000004.SZ,0.3092535432297894
2026-04-02,000004.SZ,-0.22775602645834825
2026-04-03,000004.SZ,-1.406647456951685
2026-04-06,000004.SZ,0.47506508615765153
2026-04-07,000004.SZ,-0.5933871797487228
2026-04-08,000004.SZ,-0.006617756479795733
2026-04-09,000004.SZ,-1.2666691707348914
2026-04-10,000004.SZ,-0.3510806645327763
2026-04-13,000004.SZ,-0.6715067744157057
2026-04-14,000004.SZ,-0.4789767718169766
2026-04-15,000004.SZ,0.026978765892675616
2026-04-16,000004.SZ,-0.5530655301449324
2026-04-17,000004.SZ,2.242898178903994
2026-04-20,000004.SZ,-0.8918282900991614
2026-04-21,000004.SZ,-0.6854673388017247
2026-04-22,000004.SZ,-1.0457970185860848
2026-04-23,000004.SZ,-0.10780757105548305
2026-04-24,000004.SZ,-0.5776084363542473
2026-04-27,000004.SZ,0.10477528427415461
2026-04-28,000004.SZ,0.05954004535647654
2026-04-29,000004.SZ,0.23449361196871707
2026-04-30,000004.SZ,0.9117577329851558
2026-05-01,000004.SZ,-1.3124895518964603
2026-05-04,000004.SZ,-0.3347622034675156
2026-05-05,000004.SZ,1.1198991160226615
2026-05-06,000004.SZ,0.12062665085640502
2026-05-07,000004.SZ,0.7471033760692982
2026-05-08,000004.SZ,1.066332848426121
2026-05-11,000004.SZ,0.19538240651973748
2026-05-12,000004.SZ,0.18574526258910562
2025-11-18,600004.SH,0.9980949252420801
2025-11-19,600004.SH,-0.3165430023662199
2025-11-20,600004.SH,0.2617849909841299
2025-11-21,600004.SH,-0.17841766341850787
2025-11-24,600004.SH,0.5943571098910019
2025-11-25,600004.SH,-0.35199242257272234
2025-11-26,600004.SH,-1.4906360926759081
2025-11-27,600004.SH,0.5992464213092196
2025-11-28,600004.SH,-0.7439463121342176
2025-12-01,600004.SH,-0.5269719176855719
2025-12-02,600004.SH,0.9613652917533593
2025-12-03,600004.SH,0.6106114109985097
2025-12-04,600004.SH,-1.0605212654281295
2025-12-05,600004.SH,-1.34008582726505
2025-12-08,600004.SH,-0.2682881602955754
2025-12-09,600004.SH,0.47047386785881506
2025-12-10,600004.SH,-0.21095180504682048
2025-12-11,600004.SH,0.5907980965663546
2025-12-12,600004.SH,0.28904991411247144
2025-12-15,600004.SH,-0.3448641557299689
2025-12-16,600004.SH,-0.499732724524513
2025-12-17,600004.SH,0.1532287116364277
2025-12-18,600004.SH,0.4008681185181773
2025-12-19,600004.SH,0.1699410576991242
2025-12-22,600004.SH,1.0074457908332635
2025-12-23,600004.SH,-1.0971681636998216
2025-12-24,600004.SH,-1.703461215770674
2025-12-25,600004.SH,-0.5133665419746771
2025-12-26,600004.SH,-0.8912807069091784
2025-12-29,600004.SH,0.41228162572138427
2025-12-30,600004.SH,-1.0652293530921608
2025-12-31,600004.SH,0.9563622162285834
2026-01-01,600004.SH,-0.68704571205018
2026-01-02,600004.SH,1.66429035670479
2026-01-05,600004.SH,-0.2688180641686428
2026-01-06,600004.SH,-0.5519667248115743
2026-01-07,600004.SH,0.9146639046890758
2026-01-08,600004.SH,-0.554032615094361
2026-01-09,600004.SH,0.1088036147446463
2026-01-12,600004.SH,0.12120413455637746
2026-01-13,600004.SH,0.10348650915249452
2026-01-14,600004.SH,0.9407079676366722
2026-01-15,600004.SH,-0.4204940237287552
2026-01-16,600004.SH,-0.762225527917772
2026-01-19,600004.SH,0.5681055380720054
2026-01-20,600004.SH,0.6897908124797913
2026-01-21,600004.SH,0.27953610510057525
2026-01-22,600004.SH,0.6348956657225164
2026-01-23,600004.SH,-0.585321550505703
2026-01-26,600004.SH,0.14304944954450938
2026-01-27,600004.SH,-0.8879634211401202
2026-01-28,600004.SH,-0.08776103742572905
2026-01-29,600004.SH,-0.41707225582978474
2026-01-30,600004.SH,-0.6549755705241709
2026-02-02,600004.SH,0.49451090943797416
2026-02-03,600004.SH,-0.03281738319433475
2026-02-04,600004.SH,0.5958138759095555
2026-02-05,600004.SH,-0.6624977793853759
2026-02-06,600004.SH,0.28349373792617244
2026-02-09,600004.SH,0.24990613564781444
2026-02-10,600004.SH,-0.27060605923325387
2026-02-11,600004.SH,0.23526222815852588
2026-02-12,600004.SH,1.1653469938632524
2026-02-13,600004.SH,-0.4121254126393943
2026-02-16,600004.SH,0.10846286673903292
2026-02-17,600004.SH,0.7668219525628721
2026-02-18,600004.SH,0.07071823890320837
2026-02-19,600004.SH,0.8408050173392166
2026-02-20,600004.SH,0.08078803588028591
2026-02-23,600004.SH,0.18159557205669627
2026-02-24,600004.SH,0.04725063367458632
2026-02-25,600004.SH,-0.3121553989870135
2026-02-26,600004.SH,0.09441666973258928
2026-02-27,600004.SH,0.4569081555946303
2026-03-02,600004.SH,1.2206632607986985
2026-03-03,600004.SH,-0.4146921285475844
2026-03-04,600004.SH,0.9316030060308758
2026-03-05,600004.SH,-0.44416224216213607
2026-03-06,600004.SH,0.37731825036099775
2026-03-09,600004.SH,-0.15665366353027924
2026-03-10,600004.SH,-0.8904384975051117
2026-03-11,600004.SH,-0.4888486037622266
2026-03-12,600004.SH,-0.6645938756336849
2026-03-13,600004.SH,0.9455298635226986
2026-03-16,600004.SH,-0.38180193955297087
2026-03-17,600004.SH,-0.6232451417467869
2026-03-18,600004.SH,0.49488939925502395
2026-03-19,600004.SH,0.005318925237609587
2026-03-20,600004.SH,-0.17915840755944967
2026-03-23,600004.SH,2.902284179144388
2026-03-24,600004.SH,-0.3597382014116338
2026-03-25,600004.SH,-1.3452966378334716
2026-03-26,600004.SH,0.7148220335860969
2026-03-27,600004.SH,0.032433659298681916
2026-03-30,600004.SH,-0.12473957497745261
2026-03-31,600004.SH,-0.14544431523072024
2026-04-01,600004.SH,0.9485138908505362
2026-04-02,600004.SH,0.825482810423358
2026-04-03,600004.SH,0.0071891034300705925
2026-04-06,600004.SH,0.6120149565180184
2026-04-07,600004.SH,0.4967671800130989
2026-04-08,600004.SH,-0.6584616940918039
2026-04-09,600004.SH,0.6503580872599253
2026-04-10,600004.SH,-0.4458205810660921
2026-04-13,600004.SH,2.1001917317473726
2026-04-14,600004.SH,0.8640679110656664
2026-04-15,600004.SH,-0.8017916593329335
2026-04-16,600004.SH,-0.46862371105005207
2026-04-17,600004.SH,-1.0681986829493286
2026-04-20,600004.SH,-1.7535510645306442
2026-04-21,600004.SH,-0.01358902916165499
2026-04-22,600004.SH,-0.3952332779627168
2026-04-23,600004.SH,0.6834885340325754
2026-04-24,600004.SH,0.819322445396371
2026-04-27,600004.SH,-0.19798815526842364
2026-04-28,600004.SH,-0.3431853761971757
2026-04-29,600004.SH,1.3640558472108715
2026-04-30,600004.SH,1.498617821437424
2026-05-01,600004.SH,-1.3197522487083075
2026-05-04,600004.SH,-0.16872218673698214
2026-05-05,600004.SH,0.5021130831814584
2026-05-06,600004.SH,0.23767809150015065
2026-05-07,600004.SH,-0.5071711139800361
2026-05-08,600004.SH,0.469910558406541
2026-05-11,600004.SH,1.0531462543088779
2026-05-12,600004.SH,-1.661833468450014
2025-11-18,000006.SZ,-0.7853321885058488
2025-11-19,000006.SZ,-1.3034300914670789
2025-11-20,000006.SZ,-0.28833530721480827
2025-11-21,000006.SZ,-0.3105168820533344
2025-11-24,000006.SZ,-0.40249631001350206
2025-11-25,000006.SZ,0.14406573368813447
2025-11-26,000006.SZ,0.17430404548700446
2025-11-27,000006.SZ,0.17900955778390498
2025-11-28,000006.SZ,-0.3262463919577495
2025-12-01,000006.SZ,0.43575679407515083
2025-12-02,000006.SZ,-0.8319026340993667
2025-12-03,000006.SZ,0.3916021767914971
2025-12-04,000006.SZ,0.11967917899033123
2025-12-05,000006.SZ,-1.2003238526702296
2025-12-08,000006.SZ,0.3303918622761011
2025-12-09,000006.SZ,-0.38437940647243024
2025-12-10,000006.SZ,-0.08680673308142431
2025-12-11,000006.SZ,-1.1784602503281298
2025-12-12,000006.SZ,-0.2120378661474226
2025-12-15,000006.SZ,0.5304047607889218
2025-12-16,000006.SZ,-0.175944113398856
2025-12-17,000006.SZ,-1.17593590847434
2025-12-18,000006.SZ,0.1960813301891061
2025-12-19,000006.SZ,0.981627722212908
2025-12-22,000006.SZ,-0.10748944366478486
2025-12-23,000006.SZ,0.625016634945686
2025-12-24,000006.SZ,-1.7822611702553501
2025-12-25,000006.SZ,-0.30828067702597767
2025-12-26,000006.SZ,-0.01999311440181034
2025-12-29,000006.SZ,0.3376413168285795
2025-12-30,000006.SZ,-0.5765841702289835
2025-12-31,000006.SZ,2.343084694173915
2026-01-01,000006.SZ,0.9152760614358534
2026-01-02,000006.SZ,-1.6268758227787172
2026-01-05,000006.SZ,1.0265908747101926
2026-01-06,000006.SZ,-1.1350344134348471
2026-01-07,000006.SZ,0.05061326438479566
2026-01-08,000006.SZ,-0.7075045803258526
2026-01-09,000006.SZ,-0.38770876420035333
2026-01-12,000006.SZ,0.9611482440331729
2026-01-13,000006.SZ,0.08853947011945823
2026-01-14,000006.SZ,1.361743832670467
2026-01-15,000006.SZ,-0.6395499545689118
2026-01-16,000006.SZ,-1.7221508932359924
2026-01-19,000006.SZ,-0.4857589468858311
2026-01-20,000006.SZ,1.8167627941292623
2026-01-21,000006.SZ,0.608368687008646
2026-01-22,000006.SZ,0.4536212299245147
2026-01-23,000006.SZ,-0.5852128550408036
2026-01-26,000006.SZ,-0.3678812948566128
2026-01-27,000006.SZ,1.2378758973842636
2026-01-28,000006.SZ,0.2212441453700364
2026-01-29,000006.SZ,0.35106901834758003
2026-01-30,000006.SZ,0.611999290921889
2026-02-02,000006.SZ,-0.33832706165331755
2026-02-03,000006.SZ,-0.44820796451598294
2026-02-04,000006.SZ,0.5567669874161013
2026-02-05,000006.SZ,-0.16282372816608343
2026-02-06,000006.SZ,-1.795733756798124
2026-02-09,000006.SZ,0.8201665880002431
2026-02-10,000006.SZ,-0.021464817236863637
2026-02-11,000006.SZ,-1.4817209325401204
2026-02-12,000006.SZ,-0.5371438493636831
2026-02-13,000006.SZ,-0.011676022187891155
2026-02-16,000006.SZ,-1.283259218568022
2026-02-17,000006.SZ,1.683049231407211
2026-02-18,000006.SZ,0.8303767043076824
2026-02-19,000006.SZ,0.16262095322841114
2026-02-20,000006.SZ,0.006655800880550247
2026-02-23,000006.SZ,-0.48124414922631853
2026-02-24,000006.SZ,-0.14957221658178987
2026-02-25,000006.SZ,-0.03482530185511526
2026-02-26,000006.SZ,-0.4282644088993427
2026-02-27,000006.SZ,-0.25616122348326437
2026-03-02,000006.SZ,-0.8751331947086594
2026-03-03,000006.SZ,0.4296487332720966
2026-03-04,000006.SZ,0.6949374038245799
2026-03-05,000006.SZ,-0.9182378527051345
2026-03-06,000006.SZ,0.3852600695329493
2026-03-09,000006.SZ,-0.9180866716784769
2026-03-10,000006.SZ,-1.2293589830435703
2026-03-11,000006.SZ,-0.6681423090614945
2026-03-12,000006.SZ,2.188380871634922
2026-03-13,000006.SZ,0.37635965893842893
2026-03-16,000006.SZ,1.107994700664151
2026-03-17,000006.SZ,0.5187789927854453
2026-03-18,000006.SZ,-0.01244677121574278
2026-03-19,000006.SZ,0.12905648341900722
2026-03-20,000006.SZ,-1.0079356908747859
2026-03-23,000006.SZ,0.35318757837483555
2026-03-24,000006.SZ,0.8328081862950807
2026-03-25,000006.SZ,0.42221057396457284
2026-03-26,000006.SZ,0.5584713229299865
2026-03-27,000006.SZ,0.42167248799445844
2026-03-30,000006.SZ,0.877276826336663
2026-03-31,000006.SZ,-0.37347172593474964
2026-04-01,000006.SZ,1.4415733681164224
2026-04-02,000006.SZ,0.497724743224178
2026-04-03,000006.SZ,-0.3939145891533793
2026-04-06,000006.SZ,-0.47200009298495466
2026-04-07,000006.SZ,-0.4527989794532837
2026-04-08,000006.SZ,-1.0638898323445514
2026-04-09,000006.SZ,-0.022925738113501987
2026-04-10,000006.SZ,-0.6362345028414896
2026-04-13,000006.SZ,0.7609087791640439
2026-04-14,000006.SZ,-0.03210141434227909
2026-04-15,000006.SZ,0.20342622714282058
2026-04-16,000006.SZ,-1.3697406557036396
2026-04-17,000006.SZ,-0.5525462022046818
2026-04-20,000006.SZ,-0.9023881654511947
2026-04-21,000006.SZ,0.856197289495301
2026-04-22,000006.SZ,-1.5603020601278068
2026-04-23,000006.SZ,-0.562056719295298
2026-04-24,000006.SZ,1.3254810039592313
2026-04-27,000006.SZ,-0.0689735435584038
2026-04-28,000006.SZ,0.224136681078533
2026-04-29,000006.SZ,0.3008645905553049
2026-04-30,000006.SZ,1.0906286858650664
2026-05-01,000006.SZ,0.08470728222861851
2026-05-04,000006.SZ,-1.4074297474478663
2026-05-05,000006.SZ,0.9775117567881642
2026-05-06,000006.SZ,0.3626391672459761
2026-05-07,000006.SZ,0.7765318873077133
2026-05-08,000006.SZ,-1.0285797818814708
2026-05-11,000006.SZ,-0.9708602641217003
2026-05-12,000006.SZ,-0.7274624274880945
2025-11-18,600006.SH,-1.1348764542406187
2025-11-19,600006.SH,-1.8254557006779653
2025-11-20,600006.SH,-0.13649656228692997
2025-11-21,600006.SH,0.430431687719526
2025-11-24,600006.SH,-0.06418502482356506
2025-11-25,600006.SH,0.2886774063839047
2025-11-26,600006.SH,-0.3926545662019583
2025-11-27,600006.SH,-0.11406250852650363
2025-11-28,600006.SH,-0.23174632577171692
2025-12-01,600006.SH,0.8498166257466256
2025-12-02,600006.SH,-1.5093609856460293
2025-12-03,600006.SH,0.5046934607468753
2025-12-04,600006.SH,-0.7451874673160341
2025-12-05,600006.SH,-0.31797761779976724
2025-12-08,600006.SH,0.8934516801550216
2025-12-09,600006.SH,-0.1719208849973971
2025-12-10,600006.SH,-1.1279235029880077
2025-12-11,600006.SH,1.9081061935716277
2025-12-12,600006.SH,0.5779642102726404
2025-12-15,600006.SH,-1.3952423176917477
2025-12-16,600006.SH,-0.9396830557494862
2025-12-17,600006.SH,-0.730243128703948
2025-12-18,600006.SH,1.1112741477311363
2025-12-19,600006.SH,-1.1479154448547515
2025-12-22,600006.SH,-0.6267492559983546
2025-12-23,600006.SH,0.8144862651319292
2025-12-24,600006.SH,-1.2872105289592544
2025-12-25,600006.SH,-0.34284382622181514
2025-12-26,600006.SH,-0.2476699131925868
2025-12-29,600006.SH,-0.39031199054489674
2025-12-30,600006.SH,-0.418651673834503
2025-12-31,600006.SH,1.2441157653590933
2026-01-01,600006.SH,0.09971567400540783
2026-01-02,600006.SH,-0.5334536815240446
2026-01-05,600006.SH,0.7961244168589048
2026-01-06,600006.SH,0.5542127829237727
2026-01-07,600006.SH,-0.7571399848736893
2026-01-08,600006.SH,1.3858327679828821
2026-01-09,600006.SH,-0.5364183112433788
2026-01-12,600006.SH,-0.0859865699132214
2026-01-13,600006.SH,-0.685976955427601
2026-01-14,600006.SH,0.679610057322495
2026-01-15,600006.SH,0.10486654396606837
2026-01-16,600006.SH,-0.49159689454768757
2026-01-19,600006.SH,0.2536356928335375
2026-01-20,600006.SH,-0.7268091682613307
2026-01-21,600006.SH,1.1239914737224193
2026-01-22,600006.SH,-0.8404498953927466
2026-01-23,600006.SH,-0.5274894583975072
2026-01-26,600006.SH,-0.047014176689510315
2026-01-27,600006.SH,0.05172744631137888
2026-01-28,600006.SH,0.7703246215595313
2026-01-29,600006.SH,-0.8337653623018296
2026-01-30,600006.SH,0.8233973165266812
2026-02-02,600006.SH,-0.528044264846497
2026-02-03,600006.SH,-0.5103202914623908
2026-02-04,600006.SH,-0.8514858504244851
2026-02-05,600006.SH,-0.7009198591194472
2026-02-06,600006.SH,-0.2931086170122526
2026-02-09,600006.SH,1.610501692636769
2026-02-10,600006.SH,-0.23213252699791376
2026-02-11,600006.SH,0.19624720164719162
2026-02-12,600006.SH,-0.745843821144377
2026-02-13,600006.SH,-0.04544570211445709
2026-02-16,600006.SH,0.6890037137031342
2026-02-17,600006.SH,0.7989846663212568
2026-02-18,600006.SH,-0.32250575629322986
2026-02-19,600006.SH,-0.40220330132722437
2026-02-20,600006.SH,-0.15072172142248047
2026-02-23,600006.SH,-0.2791581699246815
2026-02-24,600006.SH,1.659632794992057
2026-02-25,600006.SH,-0.1932295039190633
2026-02-26,600006.SH,-0.02618519162467582
2026-02-27,600006.SH,-0.11404811456983674
2026-03-02,600006.SH,0.8648816633395704
2026-03-03,600006.SH,1.34607775475701
2026-03-04,600006.SH,0.06384952984735533
2026-03-05,600006.SH,-0.71086020866482
2026-03-06,600006.SH,-0.7021550760689731
2026-03-09,600006.SH,1.648978919697536
2026-03-10,600006.SH,-0.05711448446091108
2026-03-11,600006.SH,0.626076705539819
2026-03-12,600006.SH,-1.7913254631762954
2026-03-13,600006.SH,0.0789963765764577
2026-03-16,600006.SH,-0.8515031498115402
2026-03-17,600006.SH,-0.5058243169481657
2026-03-18,600006.SH,0.6192832018402449
2026-03-19,600006.SH,-0.13225302491182267
2026-03-20,600006.SH,1.2082220064763762
2026-03-23,600006.SH,1.220963926170204
2026-03-24,600006.SH,0.04456997344126701
2026-03-25,600006.SH,0.9280208522695642
2026-03-26,600006.SH,0.8765060566625958
2026-03-27,600006.SH,-0.31920749037661955
2026-03-30,600006.SH,0.18783460779894962
2026-03-31,600006.SH,-2.2848122168184606
2026-04-01,600006.SH,0.9149944390284457
2026-04-02,600006.SH,-0.8622854655513233
2026-04-03,600006.SH,0.8188355603140505
2026-04-06,600006.SH,-0.7208603647909181
2026-04-07,600006.SH,-0.024108338475142765
2026-04-08,600006.SH,-0.6814373360870116
2026-04-09,600006.SH,-1.1376208231383194
2026-04-10,600006.SH,0.16888035273170574
2026-04-13,600006.SH,-0.46381028259888424
2026-04-14,600006.SH,0.8272031801560872
2026-04-15,600006.SH,-0.29318362728437997
2026-04-16,600006.SH,-0.24487514940793564
2026-04-17,600006.SH,1.1902398556942153
2026-04-20,600006.SH,-0.6490116844152292
2026-04-21,600006.SH,1.2508539292534584
2026-04-22,600006.SH,-0.3576155873120937
2026-04-23,600006.SH,-0.27551635479619846
2026-04-24,600006.SH,-0.6800764863460746
2026-04-27,600006.SH,-0.319376235736249
2026-04-28,600006.SH,0.4390332746352943
2026-04-29,600006.SH,0.178501590832358
2026-04-30,600006.SH,1.7859688027436185
2026-05-01,600006.SH,-0.328352587697021
2026-05-04,600006.SH,0.7279926630710403
2026-05-05,600006.SH,0.5398573103782421
2026-05-06,600006.SH,0.16547768595274262
2026-05-07,600006.SH,-0.3961481104436383
2026-05-08,600006.SH,-0.20678547992353433
2026-05-11,600006.SH,-0.10996694989914912
2026-05-12,600006.SH,-0.8863826359648259
2025-11-18,000008.SZ,-0.6084775231799567
2025-11-19,000008.SZ,0.43315107983877194
2025-11-20,000008.SZ,-0.7851239040844746
2025-11-21,000008.SZ,0.47772243670285386
2025-11-24,000008.SZ,0.6183185651364481
2025-11-25,000008.SZ,0.7611868486532103
2025-11-26,000008.SZ,0.18772418562703416
2025-11-27,000008.SZ,0.02533111175981878
2025-11-28,000008.SZ,-0.6125961165215662
2025-12-01,000008.SZ,1.1369125225862327
2025-12-02,000008.SZ,-0.3015301188940561
2025-12-03,000008.SZ,-0.4658466757437584
2025-12-04,000008.SZ,-1.120239496715647
2025-12-05,000008.SZ,0.34933417344492573
2025-12-08,000008.SZ,-0.04840751156754697
2025-12-09,000008.SZ,-0.5956775190637807
2025-12-10,000008.SZ,-1.3979473412675743
2025-12-11,000008.SZ,-0.7006978270103074
2025-12-12,000008.SZ,-1.0104134291585003
2025-12-15,000008.SZ,1.2352919450452227
2025-12-16,000008.SZ,-0.549586373127902
2025-12-17,000008.SZ,-1.754930117157108
2025-12-18,000008.SZ,0.15410642783842424
2025-12-19,000008.SZ,-0.6797298717839856
2025-12-22,000008.SZ,0.8778858647074814
2025-12-23,000008.SZ,-0.5541579425512809
2025-12-24,000008.SZ,-0.4824972835100397
2025-12-25,000008.SZ,1.376398163669143
2025-12-26,000008.SZ,0.9092220935474785
2025-12-29,000008.SZ,-0.9696468549314856
2025-12-30,000008.SZ,-0.41527508507005884
2025-12-31,000008.SZ,-1.3844653581707165
2026-01-01,000008.SZ,2.0220086487330646
2026-01-02,000008.SZ,-0.8694607234272815
2026-01-05,000008.SZ,0.16492509522325094
2026-01-06,000008.SZ,-0.8298746787148003
2026-01-07,000008.SZ,-0.561686345568571
2026-01-08,000008.SZ,0.3992352016753452
2026-01-09,000008.SZ,-0.30162337525722255
2026-01-12,000008.SZ,0.0022313713894795972
2026-01-13,000008.SZ,0.21906170757432294
2026-01-14,000008.SZ,-0.17838713858388064
2026-01-15,000008.SZ,-1.2898843875236439
2026-01-16,000008.SZ,-1.5601678169400233
2026-01-19,000008.SZ,-1.6175620088076035
2026-01-20,000008.SZ,-0.6113930379553345
2026-01-21,000008.SZ,-0.875225535244067
2026-01-22,000008.SZ,-1.116076704819877
2026-01-23,000008.SZ,-1.4694138732577238
2026-01-26,000008.SZ,-0.019348197057194177
2026-01-27,000008.SZ,-0.48356894481737134
2026-01-28,000008.SZ,0.1446384102716687
2026-01-29,000008.SZ,0.09607316997824594
2026-01-30,000008.SZ,-0.036388101000361744
2026-02-02,000008.SZ,-0.129071217123602
2026-02-03,000008.SZ,-0.5371252447052723
2026-02-04,000008.SZ,-1.2219343865979329
2026-02-05,000008.SZ,-0.744263971430514
2026-02-06,000008.SZ,0.34977596653048365
2026-02-09,000008.SZ,-0.24547088753152288
2026-02-10,000008.SZ,1.050953892056096
2026-02-11,000008.SZ,0.3533323660296509
2026-02-12,000008.SZ,-0.7827230074427376
2026-02-13,000008.SZ,0.3143193417518247
2026-02-16,000008.SZ,0.9919616547890813
2026-02-17,000008.SZ,0.1179586509506236
2026-02-18,000008.SZ,-1.2027273623608654
2026-02-19,000008.SZ,0.49699678457601953
2026-02-20,000008.SZ,-0.3294082132840025
2026-02-23,000008.SZ,-1.0414279856638737
2026-02-24,000008.SZ,0.9199835059497148
2026-02-25,000008.SZ,0.3209063173960508
2026-02-26,000008.SZ,-0.21209237812071408
2026-02-27,000008.SZ,-0.36290341746149857
2026-03-02,000008.SZ,-0.05773184833612051
2026-03-03,000008.SZ,-0.8006675743880729
2026-03-04,000008.SZ,0.44574450687368694
2026-03-05,000008.SZ,-0.9226130758055224
2026-03-06,000008.SZ,0.1409069584510682
2026-03-09,000008.SZ,-1.076089329774334
2026-03-10,000008.SZ,0.44004766065387785
2026-03-11,000008.SZ,1.0277672644861444
2026-03-12,000008.SZ,-0.4544309580550477
2026-03-13,000008.SZ,0.3923124178245489
2026-03-16,000008.SZ,0.13418203561314668
2026-03-17,000008.SZ,0.034894011160885
2026-03-18,000008.SZ,1.0675617749003394
2026-03-19,000008.SZ,-0.9687890341474777
2026-03-20,000008.SZ,0.35702858547261446
2026-03-23,000008.SZ,0.028841569554825502
2026-03-24,000008.SZ,-0.5070493036898669
2026-03-25,000008.SZ,1.804091313849823
2026-03-26,000008.SZ,1.425596476976152
2026-03-27,000008.SZ,-0.22260391268445512
2026-03-30,000008.SZ,-0.32903312972247034
2026-03-31,000008.SZ,-0.3554784974854601
2026-04-01,000008.SZ,-0.05877311834930188
2026-04-02,000008.SZ,-1.9469974475362886
2026-04-03,000008.SZ,-0.8770454409872472
2026-04-06,000008.SZ,0.8622939786209006
2026-04-07,000008.SZ,0.22800495504673352
2026-04-08,000008.SZ,-0.09769779449042759
2026-04-09,000008.SZ,-0.9687234772881097
2026-04-10,000008.SZ,0.14173349462189536
2026-04-13,000008.SZ,-1.0982725081270786
2026-04-14,000008.SZ,-0.0018669660735127491
2026-04-15,000008.SZ,-1.8243916316357236
2026-04-16,000008.SZ,0.6996934869362288
2026-04-17,000008.SZ,-1.0929073807445626
2026-04-20,000008.SZ,-0.6131836433328578
2026-04-21,000008.SZ,-1.9591130334351246
2026-04-22,000008.SZ,0.06497264049948204
2026-04-23,000008.SZ,-0.6013659553459836
2026-04-24,000008.SZ,1.336434482081481
2026-04-27,000008.SZ,-0.25692610020045725
2026-04-28,000008.SZ,-0.20883730974090275
2026-04-29,000008.SZ,0.3947579181298503
2026-04-30,000008.SZ,-0.9239667040580336
2026-05-01,000008.SZ,1.8327405431778385
2026-05-04,000008.SZ,-0.08754959602799788
2026-05-05,000008.SZ,0.35546206142294523
2026-05-06,000008.SZ,0.2977000371715758
2026-05-07,000008.SZ,-1.0238059715569408
2026-05-08,000008.SZ,0.27232304290646636
2026-05-11,000008.SZ,-0.26323531284780977
2026-05-12,000008.SZ,0.3622998949421831
2025-11-18,600008.SH,-0.10870050672072484
2025-11-19,600008.SH,-0.23659407953197675
2025-11-20,600008.SH,-1.226989988064246
2025-11-21,600008.SH,1.360446967052125
2025-11-24,600008.SH,0.14605462253662335
2025-11-25,600008.SH,-1.1772922190170267
2025-11-26,600008.SH,-1.14243425087135
2025-11-27,600008.SH,-1.1871311861190987
2025-11-28,600008.SH,1.198971956990316
2025-12-01,600008.SH,-0.6531666655335715
2025-12-02,600008.SH,-0.11368561891892483
2025-12-03,600008.SH,-0.7007574230418336
2025-12-04,600008.SH,0.6193330558170353
2025-12-05,600008.SH,0.1807451768646279
2025-12-08,600008.SH,0.7904032591677908
2025-12-09,600008.SH,0.30797144881950966
2025-12-10,600008.SH,-0.7062922070316852
2025-12-11,600008.SH,-0.5951129402040043
2025-12-12,600008.SH,1.2424995727453103
2025-12-15,600008.SH,-0.8387513139803786
2025-12-16,600008.SH,-0.6318654055750115
2025-12-17,600008.SH,-1.3139352766548549
2025-12-18,600008.SH,0.5214414986471699
2025-12-19,600008.SH,-1.3326894945064547
2025-12-22,600008.SH,-0.09070957358650039
2025-12-23,600008.SH,-0.15731698031722402
2025-12-24,600008.SH,-1.0990310230850098
2025-12-25,600008.SH,-0.04812975581031439
2025-12-26,600008.SH,0.5972679378637088
2025-12-29,600008.SH,0.23326491211474132
2025-12-30,600008.SH,-0.2222598812933288
2025-12-31,600008.SH,-0.5742134131804513
2026-01-01,600008.SH,-0.7445594179201515
2026-01-02,600008.SH,0.3758769588178125
2026-01-05,600008.SH,-0.031208473442148166
2026-01-06,600008.SH,-0.3541529028349454
2026-01-07,600008.SH,0.18636203388303435
2026-01-08,600008.SH,0.35396530204324456
2026-01-09,600008.SH,-0.17144749711421134
2026-01-12,600008.SH,1.380591853258494
2026-01-13,600008.SH,-0.7757957443257136
2026-01-14,600008.SH,0.6558735509357319
2026-01-15,600008.SH,0.6695815178550661
2026-01-16,600008.SH,0.5650828325754644
2026-01-19,600008.SH,2.016064561656315
2026-01-20,600008.SH,-0.7725729477419105
2026-01-21,600008.SH,-0.17433925816104562
2026-01-22,600008.SH,0.24374694829133844
2026-01-23,600008.SH,0.5502840804401993
2026-01-26,600008.SH,0.05605951430062639
2026-01-27,600008.SH,-0.04697720622938559
2026-01-28,600008.SH,2.186705620777029
2026-01-29,600008.SH,0.568474448758392
2026-01-30,600008.SH,0.4314550191177627
2026-02-02,600008.SH,0.906179063294005
2026-02-03,600008.SH,2.245744603001976
2026-02-04,600008.SH,-0.33771313296249417
2026-02-05,600008.SH,1.0299325133896016
2026-02-06,600008.SH,-0.5799943355261368
2026-02-09,600008.SH,-0.5144306977451919
2026-02-10,600008.SH,-0.8429582744481745
2026-02-11,600008.SH,-0.6522507131470047
2026-02-12,600008.SH,-1.4138999533358594
2026-02-13,600008.SH,0.2792980973560534
2026-02-16,600008.SH,-0.07174305833181918
2026-02-17,600008.SH,-0.3960865616828155
2026-02-18,600008.SH,0.9506370272052413
2026-02-19,600008.SH,-0.7734711138557073
2026-02-20,600008.SH,-0.6246072245856884
2026-02-23,600008.SH,-0.24938320556766264
2026-02-24,600008.SH,0.022486549878335357
2026-02-25,600008.SH,0.5638359146787917
2026-02-26,600008.SH,1.026569034825772
2026-02-27,600008.SH,0.5948539091573553
2026-03-02,600008.SH,0.5183769349232656
2026-03-03,600008.SH,-1.3004384326643157
2026-03-04,600008.SH,0.46012999868384996
2026-03-05,600008.SH,-0.6484939349622816
2026-03-06,600008.SH,-0.08437717371970077
2026-03-09,600008.SH,0.22141388838208362
2026-03-10,600008.SH,0.17190085737739702
2026-03-11,600008.SH,-0.16929446270765527
2026-03-12,600008.SH,-0.09221001798944914
2026-03-13,600008.SH,1.2241596418410126
2026-03-16,600008.SH,-0.5989618667320127
2026-03-17,600008.SH,0.4541673840971565
2026-03-18,600008.SH,-1.1124593253872563
2026-03-19,600008.SH,0.35731408148349664
2026-03-20,600008.SH,0.19694706427948938
2026-03-23,600008.SH,0.12563053945082392
2026-03-24,600008.SH,-1.081086099159762
2026-03-25,600008.SH,0.24382773152870352
2026-03-26,600008.SH,-0.0014169334937963601
2026-03-27,600008.SH,0.259879528874572
2026-03-30,600008.SH,0.12025965654587867
2026-03-31,600008.SH,-0.42592206013155853
2026-04-01,600008.SH,-0.7247808087418838
2026-04-02,600008.SH,0.07854153832708125
2026-04-03,600008.SH,-1.599851247612566
2026-04-06,600008.SH,-2.196234593689263
2026-04-07,600008.SH,-0.48335611091679587
2026-04-08,600008.SH,-0.8615195259918497
2026-04-09,600008.SH,-0.20522719004884188
2026-04-10,600008.SH,1.3941766746698923
2026-04-13,600008.SH,0.17065245096030904
2026-04-14,600008.SH,0.9279911818686116
2026-04-15,600008.SH,0.7597974750562432
2026-04-16,600008.SH,-0.46434338468170117
2026-04-17,600008.SH,0.03576060873225485
2026-04-20,600008.SH,0.675738677408496
2026-04-21,600008.SH,0.07338249321679564
2026-04-22,600008.SH,1.4196600256924863
2026-04-23,600008.SH,0.47336045249157305
2026-04-24,600008.SH,1.1028978783826011
2026-04-27,600008.SH,1.091941281203845
2026-04-28,600008.SH,-0.22452830661605938
2026-04-29,600008.SH,0.3650070894138271
2026-04-30,600008.SH,-0.31706660628684846
2026-05-01,600008.SH,-0.3033073026376164
2026-05-04,600008.SH,-0.6719485705267866
2026-05-05,600008.SH,-1.073508678802462
2026-05-06,600008.SH,-0.39290250793312287
2026-05-07,600008.SH,0.8529555936514961
2026-05-08,600008.SH,0.8067949706597481
2026-05-11,600008.SH,-1.2941037015568448
2026-05-12,600008.SH,-0.4702756902189703
2025-11-18,000010.SZ,0.7140914280644555
2025-11-19,000010.SZ,0.30823527269464784
2025-11-20,000010.SZ,-0.250725790573344
2025-11-21,000010.SZ,-0.10293117298272952
2025-11-24,000010.SZ,0.16244961336311148
2025-11-25,000010.SZ,-0.1822519265593102
2025-11-26,000010.SZ,-0.562315815867346
2025-11-27,000010.SZ,-0.22287524014137444
2025-11-28,000010.SZ,-0.33926260969963784
2025-12-01,000010.SZ,-0.5913335487393316
2025-12-02,000010.SZ,-0.9387445534088431
2025-12-03,000010.SZ,-0.8469804860701873
2025-12-04,000010.SZ,0.08137213578106312
2025-12-05,000010.SZ,-0.3924809953487544
2025-12-08,000010.SZ,-0.7493080205935959
2025-12-09,000010.SZ,-0.035962855171818964
2025-12-10,000010.SZ,1.6226743864060142
2025-12-11,000010.SZ,0.5542527340384487
2025-12-12,000010.SZ,0.7257562913883664
2025-12-15,000010.SZ,-0.16489897034346557
2025-12-16,000010.SZ,-0.16477669909171283
2025-12-17,000010.SZ,0.2442168594616756
2025-12-18,000010.SZ,-0.5301038799339856
2025-12-19,000010.SZ,0.09382213597768307
2025-12-22,000010.SZ,0.5861696996932526
2025-12-23,000010.SZ,-0.7118920174676786
2025-12-24,000010.SZ,-0.004079638593640425
2025-12-25,000010.SZ,0.16923011695365825
2025-12-26,000010.SZ,-0.607602575994209
2025-12-29,000010.SZ,0.16153960664924352
2025-12-30,000010.SZ,0.1789122953483603
2025-12-31,000010.SZ,-0.29639651903522507
2026-01-01,000010.SZ,-0.3003082707986874
2026-01-02,000010.SZ,0.1698473624080575
2026-01-05,000010.SZ,-1.14168414637041
2026-01-06,000010.SZ,-0.5129797090353947
2026-01-07,000010.SZ,-1.1373750929830506
2026-01-08,000010.SZ,-0.2042629661476552
2026-01-09,000010.SZ,0.3709883814577369
2026-01-12,000010.SZ,0.6498586341055005
2026-01-13,000010.SZ,-0.25110072608187056
2026-01-14,000010.SZ,-0.369535040382341
2026-01-15,000010.SZ,-0.4920619411577414
2026-01-16,000010.SZ,1.1186211012257201
2026-01-19,000010.SZ,-0.2444994532459029
2026-01-20,000010.SZ,-0.5815175958067703
2026-01-21,000010.SZ,-1.663387631279
2026-01-22,000010.SZ,-1.0990464440770995
2026-01-23,000010.SZ,0.33272500620714573
2026-01-26,000010.SZ,0.04573777420315661
2026-01-27,000010.SZ,-0.4006101896933108
2026-01-28,000010.SZ,0.005286495988068428
2026-01-29,000010.SZ,0.9862159748477887
2026-01-30,000010.SZ,-0.6869896293408055
2026-02-02,000010.SZ,-1.0577615052643536
2026-02-03,000010.SZ,-0.5447927966531939
2026-02-04,000010.SZ,-0.340091509017868
2026-02-05,000010.SZ,-0.16151638533938031
2026-02-06,000010.SZ,-0.28753900570623386
2026-02-09,000010.SZ,-0.522093165341205
2026-02-10,000010.SZ,0.5381490701359856
2026-02-11,000010.SZ,0.6345015055770671
2026-02-12,000010.SZ,0.40399804634442227
2026-02-13,000010.SZ,1.0979228585931384
2026-02-16,000010.SZ,-1.5151631637192693
2026-02-17,000010.SZ,-0.5809506244627651
2026-02-18,000010.SZ,0.5632662492521354
2026-02-19,000010.SZ,-0.9544546105512366
2026-02-20,000010.SZ,-1.06020413285487
2026-02-23,000010.SZ,-0.19773993988128563
2026-02-24,000010.SZ,0.044019193251484345
2026-02-25,000010.SZ,-0.84300089524458
2026-02-26,000010.SZ,1.5603967558723724
2026-02-27,000010.SZ,-0.3312353531376693
2026-03-02,000010.SZ,-0.6333797410910975
2026-03-03,000010.SZ,-0.42337918292047905
2026-03-04,000010.SZ,0.5914412207809155
2026-03-05,000010.SZ,-0.6210352583680693
2026-03-06,000010.SZ,1.516181669378893
2026-03-09,000010.SZ,0.6534875208964199
2026-03-10,000010.SZ,0.0010634653066883826
2026-03-11,000010.SZ,0.4878560908350388
2026-03-12,000010.SZ,0.7972429220758332
2026-03-13,000010.SZ,-1.782157063330516
2026-03-16,000010.SZ,-0.7104459665639492
2026-03-17,000010.SZ,0.5177751781978588
2026-03-18,000010.SZ,1.6844610127946216
2026-03-19,000010.SZ,-1.1541216450588805
2026-03-20,000010.SZ,-1.3786197328675782
2026-03-23,000010.SZ,-0.3051403797513955
2026-03-24,000010.SZ,-0.10222403024151172
2026-03-25,000010.SZ,0.7153298834734729
2026-03-26,000010.SZ,0.7370267445849322
2026-03-27,000010.SZ,-1.2614552681158662
2026-03-30,000010.SZ,-0.527713707001231
2026-03-31,000010.SZ,0.3842873220991935
2026-04-01,000010.SZ,-0.43899539687550515
2026-04-02,000010.SZ,-1.9027541260717644
2026-04-03,000010.SZ,1.017028954340928
2026-04-06,000010.SZ,0.42878843300056774
2026-04-07,000010.SZ,-0.6198138203152102
2026-04-08,000010.SZ,-0.04222723369725566
2026-04-09,000010.SZ,-0.28620460222499233
2026-04-10,000010.SZ,0.5129023257478474
2026-04-13,000010.SZ,0.30393797053957117
2026-04-14,000010.SZ,0.5812349967167825
2026-04-15,000010.SZ,0.5865442710731298
2026-04-16,000010.SZ,1.0048153866408887
2026-04-17,000010.SZ,-1.1875065963360412
2026-04-20,000010.SZ,2.466738183238983
2026-04-21,000010.SZ,1.283215106258364
2026-04-22,000010.SZ,-0.34507233504799173
2026-04-23,000010.SZ,0.012061318243930363
2026-04-24,000010.SZ,-1.519808786905681
2026-04-27,000010.SZ,-0.2611200588010928
2026-04-28,000010.SZ,0.598315773463478
2026-04-29,000010.SZ,1.7066874980184967
2026-04-30,000010.SZ,-0.015611139459248524
2026-05-01,000010.SZ,0.273497952196406
2026-05-04,000010.SZ,-0.5393367370019304
2026-05-05,000010.SZ,1.3982650113223927
2026-05-06,000010.SZ,-1.3890493676866333
2026-05-07,000010.SZ,2.1688858219458447
2026-05-08,000010.SZ,-0.28819011970802083
2026-05-11,000010.SZ,0.3301600888459715
2026-05-12,000010.SZ,-0.23089975671391327
2025-11-18,600010.SH,0.6238318256883452
2025-11-19,600010.SH,0.3457755666595065
2025-11-20,600010.SH,-0.37744595433711814
2025-11-21,600010.SH,0.515468845794791
2025-11-24,600010.SH,0.3906828048959785
2025-11-25,600010.SH,1.168005227858042
2025-11-26,600010.SH,-0.021856764737051226
2025-11-27,600010.SH,1.20087180874481
2025-11-28,600010.SH,-0.5358630175493111
2025-12-01,600010.SH,0.7189446006920824
2025-12-02,600010.SH,-1.82699135295617
2025-12-03,600010.SH,-1.3417410892862776
2025-12-04,600010.SH,-0.0032263966665165567
2025-12-05,600010.SH,0.5684786275266898
2025-12-08,600010.SH,-0.6960419961452443
2025-12-09,600010.SH,-0.23401787361725548
2025-12-10,600010.SH,-0.3428936489722853
2025-12-11,600010.SH,0.1310773695981269
2025-12-12,600010.SH,1.028365016995608
2025-12-15,600010.SH,0.019241044415623798
2025-12-16,600010.SH,0.03650477566104182
2025-12-17,600010.SH,0.009859739926093791
2025-12-18,600010.SH,0.6564961880660283
2025-12-19,600010.SH,0.694608267649975
2025-12-22,600010.SH,0.1313814487400715
2025-12-23,600010.SH,1.4413410963888003
2025-12-24,600010.SH,-0.20873036588917732
2025-12-25,600010.SH,0.4664026185153669
2025-12-26,600010.SH,-0.535482664225097
2025-12-29,600010.SH,0.6566676979970769
2025-12-30,600010.SH,1.0830720042682365
2025-12-31,600010.SH,-0.9865576428431677
2026-01-01,600010.SH,-0.24366964853231596
2026-01-02,600010.SH,1.945931790186656
2026-01-05,600010.SH,-0.5278082480318601
2026-01-06,600010.SH,0.03614978356519197
2026-01-07,600010.SH,0.757926700313766
2026-01-08,600010.SH,0.41677041191493935
2026-01-09,600010.SH,-1.3098595547485308
2026-01-12,600010.SH,0.7690976458826521
2026-01-13,600010.SH,-0.33774413192992114
2026-01-14,600010.SH,0.9002844056171262
2026-01-15,600010.SH,0.03987200111693733
2026-01-16,600010.SH,-0.1302848449036862
2026-01-19,600010.SH,0.8843163227398868
2026-01-20,600010.SH,-0.32348635422440003
2026-01-21,600010.SH,0.9957784797586187
2026-01-22,600010.SH,-0.39278280464342624
2026-01-23,600010.SH,0.22759909525956304
2026-01-26,600010.SH,0.7491210157213956
2026-01-27,600010.SH,0.09428302074788929
2026-01-28,600010.SH,-0.11682391887658863
2026-01-29,600010.SH,0.6372925019813991
2026-01-30,600010.SH,0.3558002289353895
2026-02-02,600010.SH,0.0293481182549806
2026-02-03,600010.SH,0.764527077281022
2026-02-04,600010.SH,0.15015405008316907
2026-02-05,600010.SH,1.1401882948238184
2026-02-06,600010.SH,0.2852779586679084
2026-02-09,600010.SH,-0.3455853403923828
2026-02-10,600010.SH,-0.6782076583257011
2026-02-11,600010.SH,-0.5871603960597848
2026-02-12,600010.SH,-0.8305659044598939
2026-02-13,600010.SH,0.8564820294031109
2026-02-16,600010.SH,-0.20071532062885472
2026-02-17,600010.SH,1.3817940389601708
2026-02-18,600010.SH,-1.1507980695089584
2026-02-19,600010.SH,0.3768536980574581
2026-02-20,600010.SH,-0.39424098573205146
2026-02-23,600010.SH,2.041277681824396
2026-02-24,600010.SH,0.4629045715279418
2026-02-25,600010.SH,0.6220647958384985
2026-02-26,600010.SH,1.5998676512449386
2026-02-27,600010.SH,0.017966101872100237
2026-03-02,600010.SH,0.5631543785551079
2026-03-03,600010.SH,-0.543270541939815
2026-03-04,600010.SH,-0.015071020756736359
2026-03-05,600010.SH,-1.723700401729464
2026-03-06,600010.SH,0.26971279235442114
2026-03-09,600010.SH,-0.385338770266754
2026-03-10,600010.SH,-0.05109814332646066
2026-03-11,600010.SH,-0.5702534073425469
2026-03-12,600010.SH,-0.7707242107031534
2026-03-13,600010.SH,-0.9190243096148414
2026-03-16,600010.SH,0.8811152735486731
2026-03-17,600010.SH,-0.13326006697272041
2026-03-18,600010.SH,-1.0192810943664947
2026-03-19,600010.SH,-0.6121769372214213
2026-03-20,600010.SH,0.7915622523918465
2026-03-23,600010.SH,0.09995707315574315
2026-03-24,600010.SH,-0.727938440005412
2026-03-25,600010.SH,-0.3089146088850474
2026-03-26,600010.SH,-0.4816822974309868
2026-03-27,600010.SH,-0.3061367643975938
2026-03-30,600010.SH,-0.3723764409956015
2026-03-31,600010.SH,0.2216267698365003
2026-04-01,600010.SH,-0.8498842959598185
2026-04-02,600010.SH,0.4553504061799766
2026-04-03,600010.SH,1.3824130206183871
2026-04-06,600010.SH,-0.6907148240315492
2026-04-07,600010.SH,-0.8611904455023428
2026-04-08,600010.SH,-0.3466478806350778
2026-04-09,600010.SH,0.7191209556662765
2026-04-10,600010.SH,-0.25010038245608157
2026-04-13,600010.SH,0.544224703676055
2026-04-14,600010.SH,0.08606166916323937
2026-04-15,600010.SH,1.0709265645637187
2026-04-16,600010.SH,0.1777803228376399
2026-04-17,600010.SH,-0.49131713045744135
2026-04-20,600010.SH,-1.512536056368068
2026-04-21,600010.SH,1.357434732735886
2026-04-22,600010.SH,0.584448248461819
2026-04-23,600010.SH,0.10797098269886121
2026-04-24,600010.SH,0.02038516838716664
2026-04-27,600010.SH,0.34671696088657494
2026-04-28,600010.SH,0.28151180903754053
2026-04-29,600010.SH,-0.017696462690351356
2026-04-30,600010.SH,0.15680392289430267
2026-05-01,600010.SH,-0.6465946097174828
2026-05-04,600010.SH,-1.0612570967169654
2026-05-05,600010.SH,-2.050483256149785
2026-05-06,600010.SH,-0.13036581502294903
2026-05-07,600010.SH,0.30850753346869675
2026-05-08,600010.SH,-0.5822729363933816
2026-05-11,600010.SH,-0.9379811123810515
2026-05-12,600010.SH,0.30516328237874685
2025-11-18,000012.SZ,-0.02249927105849099
2025-11-19,000012.SZ,1.350057229969467
2025-11-20,000012.SZ,0.45017736971035577
2025-11-21,000012.SZ,-1.2629041564745223
2025-11-24,000012.SZ,0.029260886903423558
2025-11-25,000012.SZ,-0.5435216984696536
2025-11-26,000012.SZ,-0.482552821857741
2025-11-27,000012.SZ,-0.029086824824668775
2025-11-28,000012.SZ,0.4088354503340218
2025-12-01,000012.SZ,0.28713770113038173
2025-12-02,000012.SZ,-0.2648883932210449
2025-12-03,000012.SZ,-1.7166215205034467
2025-12-04,000012.SZ,-0.0674177937458994
2025-12-05,000012.SZ,0.18894925548605007
2025-12-08,000012.SZ,-1.0042782153033045
2025-12-09,000012.SZ,1.3346927753220168
2025-12-10,000012.SZ,-1.0172361277671857
2025-12-11,000012.SZ,0.23477343865369185
2025-12-12,000012.SZ,-0.4319396355383294
2025-12-15,000012.SZ,-1.056258971483329
2025-12-16,000012.SZ,-0.14262327906872657
2025-12-17,000012.SZ,-0.5879187543337892
2025-12-18,000012.SZ,-0.25911484304985105
2025-12-19,000012.SZ,-2.2961948987595853
2025-12-22,000012.SZ,1.333568982313383
2025-12-23,000012.SZ,-0.18746814260762681
2025-12-24,000012.SZ,1.3556772549750764
2025-12-25,000012.SZ,0.18041265568415304
2025-12-26,000012.SZ,0.541488808034652
2025-12-29,000012.SZ,-0.6261043189921105
2025-12-30,000012.SZ,-0.4332907146044883
2025-12-31,000012.SZ,0.3912009895061051
2026-01-01,000012.SZ,0.15221629993988003
2026-01-02,000012.SZ,-0.9138375702654031
2026-01-05,000012.SZ,0.49586958542207255
2026-01-06,000012.SZ,0.6608670246776979
2026-01-07,000012.SZ,0.12126281432578112
2026-01-08,000012.SZ,-1.0783517304688854
2026-01-09,000012.SZ,0.32936247158160054
2026-01-12,000012.SZ,0.40363101744734203
2026-01-13,000012.SZ,0.6413549189504728
2026-01-14,000012.SZ,1.078705111611314
2026-01-15,000012.SZ,0.1065146293221994
2026-01-16,000012.SZ,-0.08020690805989854
2026-01-19,000012.SZ,-0.09777536488881233
2026-01-20,000012.SZ,0.4785674919864429
2026-01-21,000012.SZ,0.6716546989787802
2026-01-22,000012.SZ,0.3097134002021644
2026-01-23,000012.SZ,0.12559204378141647
2026-01-26,000012.SZ,-0.6286805986530116
2026-01-27,000012.SZ,0.576010608079079
2026-01-28,000012.SZ,-1.3227339443828332
2026-01-29,000012.SZ,0.03241353574045466
2026-01-30,000012.SZ,-0.4887034148930389
2026-02-02,000012.SZ,-0.24941206613370018
2026-02-03,000012.SZ,-0.09830213868666712
2026-02-04,000012.SZ,-0.5268088486183666
2026-02-05,000012.SZ,1.1366234523053889
2026-02-06,000012.SZ,-0.8333451362739717
2026-02-09,000012.SZ,-0.9053178117155813
2026-02-10,000012.SZ,-0.7037798448883089
2026-02-11,000012.SZ,0.4928484310656574
2026-02-12,000012.SZ,1.0979468282647122
2026-02-13,000012.SZ,0.3567664831857864
2026-02-16,000012.SZ,0.46661270598785853
2026-02-17,000012.SZ,-1.0593084988047006
2026-02-18,000012.SZ,1.5811894729944722
2026-02-19,000012.SZ,-0.4567676383366165
2026-02-20,000012.SZ,-0.45391362999389806
2026-02-23,000012.SZ,1.7421002664852043
2026-02-24,000012.SZ,-1.536730708806776
2026-02-25,000012.SZ,1.3108367705991906
2026-02-26,000012.SZ,-0.18118279093273895
2026-02-27,000012.SZ,-0.16197356986979738
2026-03-02,000012.SZ,-0.409763309647554
2026-03-03,000012.SZ,-0.6112125323183419
2026-03-04,000012.SZ,0.013654857516775754
2026-03-05,000012.SZ,-1.9357112533261946
2026-03-06,000012.SZ,0.18273254052406024
2026-03-09,000012.SZ,-0.35954438996253174
2026-03-10,000012.SZ,0.2370272843730297
2026-03-11,000012.SZ,-1.089497173130921
2026-03-12,000012.SZ,1.7514527217942977
2026-03-13,000012.SZ,0.13907570514162043
2026-03-16,000012.SZ,-0.04114662375075562
2026-03-17,000012.SZ,0.5154541035249343
2026-03-18,000012.SZ,-1.1416791749721926
2026-03-19,000012.SZ,0.49688575526981266
2026-03-20,000012.SZ,1.419757402990785
2026-03-23,000012.SZ,-0.3426772905646606
2026-03-24,000012.SZ,0.14582016549431964
2026-03-25,000012.SZ,-0.27321017747201276
2026-03-26,000012.SZ,0.5364340903086985
2026-03-27,000012.SZ,0.47550299628431525
2026-03-30,000012.SZ,-0.4405888451495805
2026-03-31,000012.SZ,2.1313522114541374
2026-04-01,000012.SZ,-0.660784237184843
2026-04-02,000012.SZ,0.4265992970939188
2026-04-03,000012.SZ,-0.5236608128166342
2026-04-06,000012.SZ,-0.06425423621504517
2026-04-07,000012.SZ,-0.21665840043131895
2026-04-08,000012.SZ,-0.980760891718023
2026-04-09,000012.SZ,1.305371375988649
2026-04-10,000012.SZ,-1.1463949263475919
2026-04-13,000012.SZ,0.5841681817092388
2026-04-14,000012.SZ,1.481745079547057
2026-04-15,000012.SZ,0.4118770614106032
2026-04-16,000012.SZ,-0.03540582342658072
2026-04-17,000012.SZ,0.5321643710451194
2026-04-20,000012.SZ,0.7835964529682442
2026-04-21,000012.SZ,-0.937469493317818
2026-04-22,000012.SZ,0.9248730884431142
2026-04-23,000012.SZ,0.5517266816430013
2026-04-24,000012.SZ,0.42540376620602816
2026-04-27,000012.SZ,-0.4968845276044639
2026-04-28,000012.SZ,0.449785041227019
2026-04-29,000012.SZ,-0.5904316561298075
2026-04-30,000012.SZ,-1.6059473653067833
2026-05-01,000012.SZ,0.1265737191352022
2026-05-04,000012.SZ,1.1642320907820747
2026-05-05,000012.SZ,0.863595505696592
2026-05-06,000012.SZ,0.7631478462044434
2026-05-07,000012.SZ,0.1786669426865228
2026-05-08,000012.SZ,-0.06803945044288551
2026-05-11,000012.SZ,0.8165171411670122
2026-05-12,000012.SZ,-0.2732340858848903
2025-11-18,600012.SH,0.9329055556789724
2025-11-19,600012.SH,-0.02658933347771733
2025-11-20,600012.SH,-0.557161429117381
2025-11-21,600012.SH,0.02506910914992437
2025-11-24,600012.SH,-0.4537125127199515
2025-11-25,600012.SH,-0.46271854558098585
2025-11-26,600012.SH,-0.013990373515210437
2025-11-27,600012.SH,-0.12272276035394919
2025-11-28,600012.SH,-1.0139457684594908
2025-12-01,600012.SH,0.9364049658944362
2025-12-02,600012.SH,-0.6958720856895458
2025-12-03,600012.SH,0.6018623104605356
2025-12-04,600012.SH,-0.10732711063065767
2025-12-05,600012.SH,1.1775224966108544
2025-12-08,600012.SH,0.589660815330735
2025-12-09,600012.SH,-0.7724363248566684
2025-12-10,600012.SH,0.5967329433529307
2025-12-11,600012.SH,0.981690185733414
2025-12-12,600012.SH,-0.5646651177118434
2025-12-15,600012.SH,0.13418270164389767
2025-12-16,600012.SH,-0.08489547480717452
2025-12-17,600012.SH,-1.2727284851915168
2025-12-18,600012.SH,-0.062089014420210975
2025-12-19,600012.SH,-0.5306293479031324
2025-12-22,600012.SH,0.4053765480485022
2025-12-23,600012.SH,-0.1407740362893372
2025-12-24,600012.SH,-0.3415639109042039
2025-12-25,600012.SH,-0.48896116261265327
2025-12-26,600012.SH,0.8998843203816096
2025-12-29,600012.SH,-0.6764479683468387
2025-12-30,600012.SH,-0.779471625782458
2025-12-31,600012.SH,-0.9145639718869001
2026-01-01,600012.SH,0.031258667411921626
2026-01-02,600012.SH,0.6631185935652824
2026-01-05,600012.SH,1.2580468020217088
2026-01-06,600012.SH,0.15982588853596358
2026-01-07,600012.SH,-0.5707195073395703
2026-01-08,600012.SH,2.13561755280596
2026-01-09,600012.SH,0.2344604408096251
2026-01-12,600012.SH,-0.17763088420405315
2026-01-13,600012.SH,-0.13393497093156395
2026-01-14,600012.SH,-0.15435321362628462
2026-01-15,600012.SH,0.6809894134563449
2026-01-16,600012.SH,-0.35124894947017754
2026-01-19,600012.SH,-0.31574735322617514
2026-01-20,600012.SH,-0.12175783921653688
2026-01-21,600012.SH,-0.8557274756075212
2026-01-22,600012.SH,-0.7115102423688465
2026-01-23,600012.SH,1.115662602568326
2026-01-26,600012.SH,-1.0368121202120346
2026-01-27,600012.SH,-0.4476008864824571
2026-01-28,600012.SH,0.01100619088781718
2026-01-29,600012.SH,-0.697595785943798
2026-01-30,600012.SH,0.5439100973226035
2026-02-02,600012.SH,0.19484923379873736
2026-02-03,600012.SH,0.8610553704641629
2026-02-04,600012.SH,0.8382300844620909
2026-02-05,600012.SH,-0.10741995180509481
2026-02-06,600012.SH,0.01345553416094769
2026-02-09,600012.SH,0.6786825832521438
2026-02-10,600012.SH,-0.3278014721474148
2026-02-11,600012.SH,-1.2224031610008035
2026-02-12,600012.SH,0.46308924259844203
2026-02-13,600012.SH,-0.967103878242903
2026-02-16,600012.SH,1.4849758772926651
2026-02-17,600012.SH,-1.380816587808041
2026-02-18,600012.SH,-0.2331044122450212
2026-02-19,600012.SH,0.16683134362636143
2026-02-20,600012.SH,-0.4858343044635359
2026-02-23,600012.SH,0.2045196689615312
2026-02-24,600012.SH,-0.41123791846145125
2026-02-25,600012.SH,-0.0013604650763549553
2026-02-26,600012.SH,-0.14220951196771844
2026-02-27,600012.SH,-0.23456367703530884
2026-03-02,600012.SH,1.3035833190170012
2026-03-03,600012.SH,1.202642171484027
2026-03-04,600012.SH,0.15621436120366722
2026-03-05,600012.SH,1.0138295665444674
2026-03-06,600012.SH,-0.3303302713185429
2026-03-09,600012.SH,-0.15217301556610954
2026-03-10,600012.SH,-1.4406097833578002
2026-03-11,600012.SH,-0.9286707914512725
2026-03-12,600012.SH,-0.5778902288145817
2026-03-13,600012.SH,0.5311670928324858
2026-03-16,600012.SH,-0.5486878337609846
2026-03-17,600012.SH,0.32941923504067605
2026-03-18,600012.SH,0.04840111798615168
2026-03-19,600012.SH,-1.5197787387313435
2026-03-20,600012.SH,1.6781356827946619
2026-03-23,600012.SH,-1.0449667572671393
2026-03-24,600012.SH,1.489423792574494
2026-03-25,600012.SH,-2.126822122599738
2026-03-26,600012.SH,-0.05365684281083599
2026-03-27,600012.SH,-0.6241634467239715
2026-03-30,600012.SH,-0.35850992702227025
2026-03-31,600012.SH,1.0357760253874686
2026-04-01,600012.SH,-0.18111108960555908
2026-04-02,600012.SH,-0.7910393069515602
2026-04-03,600012.SH,0.0192745061892598
2026-04-06,600012.SH,0.007174147824139165
2026-04-07,600012.SH,-0.031346377410178136
2026-04-08,600012.SH,-0.2123736572022709
2026-04-09,600012.SH,-0.46689296906703387
2026-04-10,600012.SH,-0.4233324826069355
2026-04-13,600012.SH,0.8124969909740754
2026-04-14,600012.SH,-0.6745052029776832
2026-04-15,600012.SH,-1.215932287690266
2026-04-16,600012.SH,0.5408260294701086
2026-04-17,600012.SH,0.4661898044744616
2026-04-20,600012.SH,0.6456893325394023
2026-04-21,600012.SH,-0.7445835811333315
2026-04-22,600012.SH,-0.5156194992737144
2026-04-23,600012.SH,0.36049124139268285
2026-04-24,600012.SH,-1.211183684587969
2026-04-27,600012.SH,0.9818779960735721
2026-04-28,600012.SH,-0.1721770974885805
2026-04-29,600012.SH,-0.300395274551554
2026-04-30,600012.SH,-0.3717154931650824
2026-05-01,600012.SH,-0.3222779036163102
2026-05-04,600012.SH,0.061663595031249685
2026-05-05,600012.SH,0.29439642715346526
2026-05-06,600012.SH,-1.179196220478143
2026-05-07,600012.SH,-0.3638383590040531
2026-05-08,600012.SH,-0.21500799069873783
2026-05-11,600012.SH,0.2876143526761501
2026-05-12,600012.SH,0.16597469127232245
2025-11-18,000014.SZ,0.08148957339864694
2025-11-19,000014.SZ,-0.670786421027517
2025-11-20,000014.SZ,-0.5287004967006943
2025-11-21,000014.SZ,0.14437802375292405
2025-11-24,000014.SZ,0.41151559858600784
2025-11-25,000014.SZ,-0.8872772455401561
2025-11-26,000014.SZ,-0.6687878997775504
2025-11-27,000014.SZ,-1.3110062482313019
2025-11-28,000014.SZ,-0.8592362581923843
2025-12-01,000014.SZ,1.1077966792984826
2025-12-02,000014.SZ,-1.5838915217569876
2025-12-03,000014.SZ,-0.16875029761306584
2025-12-04,000014.SZ,-0.5514042797364198
2025-12-05,000014.SZ,0.043175888324688494
2025-12-08,000014.SZ,0.2976512982955335
2025-12-09,000014.SZ,-0.9222835489839163
2025-12-10,000014.SZ,-0.029445559991587156
2025-12-11,000014.SZ,-0.13159649230490017
2025-12-12,000014.SZ,0.07640839830558122
2025-12-15,000014.SZ,-1.8461335565659338
2025-12-16,000014.SZ,-0.019122845523722787
2025-12-17,000014.SZ,-0.20279450654884007
2025-12-18,000014.SZ,0.9024883326553931
2025-12-19,000014.SZ,0.22972720564517896
2025-12-22,000014.SZ,-0.4013601129821862
2025-12-23,000014.SZ,0.3171016260275124
2025-12-24,000014.SZ,0.8311278688612298
2025-12-25,000014.SZ,0.15032722861300146
2025-12-26,000014.SZ,-1.3376033617049432
2025-12-29,000014.SZ,-1.3496001235934525
2025-12-30,000014.SZ,0.6959726516487496
2025-12-31,000014.SZ,-0.4974802358760557
2026-01-01,000014.SZ,-0.14559773192044848
2026-01-02,000014.SZ,-0.8079155076841701
2026-01-05,000014.SZ,0.017159878996304313
2026-01-06,000014.SZ,0.03359923134180981
2026-01-07,000014.SZ,-0.001398365366551968
2026-01-08,000014.SZ,-0.25387172577922024
2026-01-09,000014.SZ,0.1866890242478998
2026-01-12,000014.SZ,-0.9288866085041735
2026-01-13,000014.SZ,-1.1093912615876542
2026-01-14,000014.SZ,-0.854977496176127
2026-01-15,000014.SZ,1.0739486601554546
2026-01-16,000014.SZ,-2.1531310075414227
2026-01-19,000014.SZ,0.8068231956084013
2026-01-20,000014.SZ,1.2265072379690016
2026-01-21,000014.SZ,0.4557836593911001
2026-01-22,000014.SZ,0.39311512793313375
2026-01-23,000014.SZ,1.7494512517345124
2026-01-26,000014.SZ,0.7869395529343102
2026-01-27,000014.SZ,-0.26818556277500044
2026-01-28,000014.SZ,0.4124255152884048
2026-01-29,000014.SZ,0.8874074884054433
2026-01-30,000014.SZ,-0.5165975808170064
2026-02-02,000014.SZ,-0.0006892382250897611
2026-02-03,000014.SZ,-0.2555257093953459
2026-02-04,000014.SZ,0.6728219269464526
2026-02-05,000014.SZ,-1.1392300819321648
2026-02-06,000014.SZ,0.38511749016889296
2026-02-09,000014.SZ,-0.012093951399950897
2026-02-10,000014.SZ,0.8826288228163794
2026-02-11,000014.SZ,-1.0219596396486361
2026-02-12,000014.SZ,-1.4068093106240291
2026-02-13,000014.SZ,1.7885772661817576
2026-02-16,000014.SZ,0.2645431272313268
2026-02-17,000014.SZ,-1.5358952552821625
2026-02-18,000014.SZ,-0.2852269539923832
2026-02-19,000014.SZ,0.3672307469822883
2026-02-20,000014.SZ,0.14514911644987677
2026-02-23,000014.SZ,-0.3166528913740274
2026-02-24,000014.SZ,1.094169325125275
2026-02-25,000014.SZ,-1.25031294613895
2026-02-26,000014.SZ,0.20226102810554963
2026-02-27,000014.SZ,-0.10841701830400427
2026-03-02,000014.SZ,0.04038667023126649
2026-03-03,000014.SZ,-0.5971058112901635
2026-03-04,000014.SZ,-0.146791408173404
2026-03-05,000014.SZ,-0.4589379572020525
2026-03-06,000014.SZ,-0.24668658203671065
2026-03-09,000014.SZ,-0.0628373196307096
2026-03-10,000014.SZ,-0.5940919137224119
2026-03-11,000014.SZ,0.6270193788565517
2026-03-12,000014.SZ,-0.387758405336873
2026-03-13,000014.SZ,0.8479893035019156
2026-03-16,000014.SZ,0.6832725283464826
2026-03-17,000014.SZ,-0.37286705587518293
2026-03-18,000014.SZ,0.13383045279033956
2026-03-19,000014.SZ,0.16945446017263982
2026-03-20,000014.SZ,-0.6725727401689501
2026-03-23,000014.SZ,0.7572027050326018
2026-03-24,000014.SZ,-0.3123079172926033
2026-03-25,000014.SZ,0.5252280177108966
2026-03-26,000014.SZ,0.05826172058736981
2026-03-27,000014.SZ,-1.2249328456571102
2026-03-30,000014.SZ,-1.2063023203716299
2026-03-31,000014.SZ,0.26894585336262816
2026-04-01,000014.SZ,0.35064547116040357
2026-04-02,000014.SZ,0.6556132534314645
2026-04-03,000014.SZ,1.2988197012259595
2026-04-06,000014.SZ,0.6394001107932259
2026-04-07,000014.SZ,1.171672994814757
2026-04-08,000014.SZ,0.39157474316137253
2026-04-09,000014.SZ,0.8895622920758077
2026-04-10,000014.SZ,-1.1209897652003216
2026-04-13,000014.SZ,-0.8288610058129988
2026-04-14,000014.SZ,-1.3660135875288275
2026-04-15,000014.SZ,0.3420023595487165
2026-04-16,000014.SZ,-0.5649523736736627
2026-04-17,000014.SZ,-0.08202196192253819
2026-04-20,000014.SZ,-0.12888415064201658
2026-04-21,000014.SZ,-0.8992262034064118
2026-04-22,000014.SZ,0.7803952077897803
2026-04-23,000014.SZ,-1.1878303732726463
2026-04-24,000014.SZ,-1.1402108198514973
2026-04-27,000014.SZ,0.3139686920447873
2026-04-28,000014.SZ,-0.7094431663895018
2026-04-29,000014.SZ,0.6554226988956716
2026-04-30,000014.SZ,-0.09404973036087334
2026-05-01,000014.SZ,1.7251185303727237
2026-05-04,000014.SZ,0.5327566884910275
2026-05-05,000014.SZ,-0.07791687658634455
2026-05-06,000014.SZ,-0.879625466691514
2026-05-07,000014.SZ,0.6993554903345924
2026-05-08,000014.SZ,0.19878689808685807
2026-05-11,000014.SZ,1.5660531135714295
2026-05-12,000014.SZ,0.3900317189645523
2025-11-18,600014.SH,0.8959839038004662
2025-11-19,600014.SH,0.3578188984223076
2025-11-20,600014.SH,0.045992179869063454
2025-11-21,600014.SH,0.6174918608502294
2025-11-24,600014.SH,1.1609427416015043
2025-11-25,600014.SH,-0.0006307047451871439
2025-11-26,600014.SH,-0.11491195366820045
2025-11-27,600014.SH,-0.6313022567843319
2025-11-28,600014.SH,-0.5437740591649738
2025-12-01,600014.SH,-0.9881092852130384
2025-12-02,600014.SH,1.040865193416673
2025-12-03,600014.SH,0.777589070140994
2025-12-04,600014.SH,0.617228956645069
2025-12-05,600014.SH,1.2798741993011427
2025-12-08,600014.SH,-0.6227423656735003
2025-12-09,600014.SH,-1.4452881348239919
2025-12-10,600014.SH,-0.3790976589324342
2025-12-11,600014.SH,-2.1791872616841705
2025-12-12,600014.SH,-0.9713647557880194
2025-12-15,600014.SH,-0.3428246831934413
2025-12-16,600014.SH,0.13616360928024268
2025-12-17,600014.SH,0.5578566504345056
2025-12-18,600014.SH,-0.6461221493094681
2025-12-19,600014.SH,0.29343065211581143
2025-12-22,600014.SH,-0.20939105128954463
2025-12-23,600014.SH,0.4098320254339569
2025-12-24,600014.SH,-0.7728271979173835
2025-12-25,600014.SH,1.4432025046884902
2025-12-26,600014.SH,-0.2857946219402512
2025-12-29,600014.SH,1.00295290356152
2025-12-30,600014.SH,-1.4794280424478292
2025-12-31,600014.SH,0.2555032153937895
2026-01-01,600014.SH,1.099904923639815
2026-01-02,600014.SH,-1.6252606370462483
2026-01-05,600014.SH,1.3604010109011582
2026-01-06,600014.SH,-1.31065376825725
2026-01-07,600014.SH,0.7364873291375702
2026-01-08,600014.SH,1.6369172378970487
2026-01-09,600014.SH,1.2597880930603962
2026-01-12,600014.SH,-1.1368341074887935
2026-01-13,600014.SH,-0.2678980921474449
2026-01-14,600014.SH,0.5743376639890789
2026-01-15,600014.SH,-0.412066092272548
2026-01-16,600014.SH,-0.7107275113255309
2026-01-19,600014.SH,-0.44264803381158657
2026-01-20,600014.SH,0.74272023213108
2026-01-21,600014.SH,-0.8068551284354446
2026-01-22,600014.SH,0.6135135957302595
2026-01-23,600014.SH,-0.3079985665481905
2026-01-26,600014.SH,0.5109486320717957
2026-01-27,600014.SH,-0.41294087608612884
2026-01-28,600014.SH,0.7134991050141787
2026-01-29,600014.SH,0.08927103022927742
2026-01-30,600014.SH,0.9562240178866307
2026-02-02,600014.SH,1.0761376426082934
2026-02-03,600014.SH,-0.6606382693178238
2026-02-04,600014.SH,0.8203961347595197
2026-02-05,600014.SH,0.09480052049127334
2026-02-06,600014.SH,1.1174303319154357
2026-02-09,600014.SH,0.5858755055065884
2026-02-10,600014.SH,-1.237861959093094
2026-02-11,600014.SH,-0.8264700745366143
2026-02-12,600014.SH,-0.33860407491432204
2026-02-13,600014.SH,-0.04130112081350654
2026-02-16,600014.SH,1.704536813791535
2026-02-17,600014.SH,-0.2738740034911523
2026-02-18,600014.SH,-0.27788796282858097
2026-02-19,600014.SH,0.3262785066634218
2026-02-20,600014.SH,0.6958256248830992
2026-02-23,600014.SH,-0.6236790455386754
2026-02-24,600014.SH,-1.5016958885090559
2026-02-25,600014.SH,0.8272454588591165
2026-02-26,600014.SH,0.19594268852587948
2026-02-27,600014.SH,0.5560353724985404
2026-03-02,600014.SH,0.5966938135930325
2026-03-03,600014.SH,0.7482220556378215
2026-03-04,600014.SH,0.4348780931965519
2026-03-05,600014.SH,-0.32277402320931553
2026-03-06,600014.SH,-1.0392923119685786
2026-03-09,600014.SH,-0.3287835443333341
2026-03-10,600014.SH,-0.25445309524842163
2026-03-11,600014.SH,-0.6135800103065374
2026-03-12,600014.SH,-0.5167891344066369
2026-03-13,600014.SH,-0.18159949416975923
2026-03-16,600014.SH,1.1607958815510409
2026-03-17,600014.SH,0.04674099526746961
2026-03-18,600014.SH,-0.1666197553480635
2026-03-19,600014.SH,0.8075783899328199
2026-03-20,600014.SH,-0.027102681781793536
2026-03-23,600014.SH,1.4422020703502685
2026-03-24,600014.SH,-0.24055090896952133
2026-03-25,600014.SH,-0.18179823126999484
2026-03-26,600014.SH,0.654157123644625
2026-03-27,600014.SH,-0.19766333792379265
2026-03-30,600014.SH,-0.9196975285356288
2026-03-31,600014.SH,-0.08122990356192726
2026-04-01,600014.SH,0.21201789572187676
2026-04-02,600014.SH,1.6918496685248101
2026-04-03,600014.SH,-0.31581981271946025
2026-04-06,600014.SH,-1.012734988238398
2026-04-07,600014.SH,-0.6255872288554699
2026-04-08,600014.SH,-0.2403395232140205
2026-04-09,600014.SH,0.8698247489008126
2026-04-10,600014.SH,0.22671881029622198
2026-04-13,600014.SH,-0.13084501189224887
2026-04-14,600014.SH,1.4162987292454747
2026-04-15,600014.SH,-0.3170092295818149
2026-04-16,600014.SH,0.09553338656515675
2026-04-17,600014.SH,2.0514481285202155
2026-04-20,600014.SH,-0.6751581257302335
2026-04-21,600014.SH,-0.1903295623279135
2026-04-22,600014.SH,-0.1953762398479356
2026-04-23,600014.SH,-0.7819253469594991
2026-04-24,600014.SH,-0.989611322294656
2026-04-27,600014.SH,0.40408189988400156
2026-04-28,600014.SH,0.0977678627789121
2026-04-29,600014.SH,0.5125272083412269
2026-04-30,600014.SH,0.2691113554319845
2026-05-01,600014.SH,0.3953347595776454
2026-05-04,600014.SH,-0.8035815367630115
2026-05-05,600014.SH,-0.17431769418743803
2026-05-06,600014.SH,1.0243954762702188
2026-05-07,600014.SH,-1.2391522877687133
2026-05-08,600014.SH,1.0841818293766805
2026-05-11,600014.SH,-0.5887763425061501
2026-05-12,600014.SH,-1.039655836666235
2025-11-18,000016.SZ,-1.4038687948091935
2025-11-19,000016.SZ,0.6967097602683239
2025-11-20,000016.SZ,0.6035155168749874
2025-11-21,000016.SZ,-0.11598996693520319
2025-11-24,000016.SZ,-0.5124061634172967
2025-11-25,000016.SZ,0.38839039795559555
2025-11-26,000016.SZ,0.30414804605178425
2025-11-27,000016.SZ,-0.3269558898675632
2025-11-28,000016.SZ,0.09393840747248361
2025-12-01,000016.SZ,-0.992252180866213
2025-12-02,000016.SZ,-0.43709922813870905
2025-12-03,000016.SZ,-1.4239164823082064
2025-12-04,000016.SZ,0.4401640785681778
2025-12-05,000016.SZ,0.24494638680020947
2025-12-08,000016.SZ,-2.1586928460127837
2025-12-09,000016.SZ,0.3457065722472584
2025-12-10,000016.SZ,0.7839378887054911
2025-12-11,000016.SZ,-0.893569994644378
2025-12-12,000016.SZ,-0.3338280317946037
2025-12-15,000016.SZ,-0.7092952256013082
2025-12-16,000016.SZ,-0.7941466471213083
2025-12-17,000016.SZ,-1.5901892379348204
2025-12-18,000016.SZ,1.4197863700117208
2025-12-19,000016.SZ,-0.24595501909829254
2025-12-22,000016.SZ,2.1371031011299486
2025-12-23,000016.SZ,-0.30953769227901334
2025-12-24,000016.SZ,-0.2996239703378658
2025-12-25,000016.SZ,-1.2312003250696555
2025-12-26,000016.SZ,0.14188293953843956
2025-12-29,000016.SZ,0.29200699919878675
2025-12-30,000016.SZ,0.23658263676372285
2025-12-31,000016.SZ,-0.23830936750786297
2026-01-01,000016.SZ,0.3255417924532369
2026-01-02,000016.SZ,0.508708997563111
2026-01-05,000016.SZ,-0.4209576998282778
2026-01-06,000016.SZ,-0.42811473403369626
2026-01-07,000016.SZ,-0.17825995681188617
2026-01-08,000016.SZ,0.8733747962222037
2026-01-09,000016.SZ,-0.25944186113414625
2026-01-12,000016.SZ,0.33769629897632836
2026-01-13,000016.SZ,-0.08792878183666603
2026-01-14,000016.SZ,1.2095740973035733
2026-01-15,000016.SZ,-1.7364865549389432
2026-01-16,000016.SZ,-0.3527890414451251
2026-01-19,000016.SZ,-0.9030002982329615
2026-01-20,000016.SZ,-0.35555122870063327
2026-01-21,000016.SZ,0.2169499579606296
2026-01-22,000016.SZ,-1.1074308788549587
2026-01-23,000016.SZ,0.49135847189747
2026-01-26,000016.SZ,0.03316901040415314
2026-01-27,000016.SZ,0.039035545211261846
2026-01-28,000016.SZ,0.88487132803277
2026-01-29,000016.SZ,-0.19211910652110165
2026-01-30,000016.SZ,1.1428135987945167
2026-02-02,000016.SZ,0.25577330331362846
2026-02-03,000016.SZ,1.2677801665558546
2026-02-04,000016.SZ,0.3446470717494168
2026-02-05,000016.SZ,0.7011471754970402
2026-02-06,000016.SZ,-0.7087391047929419
2026-02-09,000016.SZ,0.06069790833325178
2026-02-10,000016.SZ,-0.5347033350403408
2026-02-11,000016.SZ,-1.0509604182760506
2026-02-12,000016.SZ,-0.9842019675532804
2026-02-13,000016.SZ,1.6575584766094642
2026-02-16,000016.SZ,-0.6105775417675111
2026-02-17,000016.SZ,-0.666178129636867
2026-02-18,000016.SZ,0.6703370869127265
2026-02-19,000016.SZ,1.0039360257520213
2026-02-20,000016.SZ,0.0172329449305893
2026-02-23,000016.SZ,0.5661951121735612
2026-02-24,000016.SZ,0.0150661084162034
2026-02-25,000016.SZ,-0.2281881757751279
2026-02-26,000016.SZ,1.5322565054749406
2026-02-27,000016.SZ,0.9608642935485563
2026-03-02,000016.SZ,0.4207505300671353
2026-03-03,000016.SZ,0.3976982745695544
2026-03-04,000016.SZ,0.7220929921510316
2026-03-05,000016.SZ,-1.1734216979677048
2026-03-06,000016.SZ,-0.2349234436784544
2026-03-09,000016.SZ,1.231440924810565
2026-03-10,000016.SZ,1.4371127395085037
2026-03-11,000016.SZ,-0.1006516349294618
2026-03-12,000016.SZ,1.354738016397462
2026-03-13,000016.SZ,0.336730657926137
2026-03-16,000016.SZ,-0.03542300480433286
2026-03-17,000016.SZ,0.651888573106413
2026-03-18,000016.SZ,0.8104650651598476
2026-03-19,000016.SZ,-0.02762437867356031
2026-03-20,000016.SZ,1.2188620304704796
2026-03-23,000016.SZ,-0.19268341873542894
2026-03-24,000016.SZ,0.1919811408163545
2026-03-25,000016.SZ,-0.17209678915915907
2026-03-26,000016.SZ,0.8820014646848277
2026-03-27,000016.SZ,0.7327235332110911
2026-03-30,000016.SZ,-0.6734617300877415
2026-03-31,000016.SZ,-1.0537008052291856
2026-04-01,000016.SZ,-0.5469228783353896
2026-04-02,000016.SZ,-0.3364645561604549
2026-04-03,000016.SZ,-0.2592993070421069
2026-04-06,000016.SZ,0.9291056405769074
2026-04-07,000016.SZ,-0.5896677469030186
2026-04-08,000016.SZ,0.39287299452206614
2026-04-09,000016.SZ,0.1114367753948719
2026-04-10,000016.SZ,-0.7277605856766052
2026-04-13,000016.SZ,0.059660574262161065
2026-04-14,000016.SZ,0.6019698399777895
2026-04-15,000016.SZ,0.6458987703488663
2026-04-16,000016.SZ,-0.5878214052657279
2026-04-17,000016.SZ,0.8567041478660101
2026-04-20,000016.SZ,-1.7653266209833962
2026-04-21,000016.SZ,0.9760453998887865
2026-04-22,000016.SZ,-0.7353589249167893
2026-04-23,000016.SZ,0.2183797198575288
2026-04-24,000016.SZ,0.6980686395072961
2026-04-27,000016.SZ,0.038387989755283125
2026-04-28,000016.SZ,-0.8171424880988578
2026-04-29,000016.SZ,-0.16477727808837894
2026-04-30,000016.SZ,0.44583913256490726
2026-05-01,000016.SZ,0.449997666434501
2026-05-04,000016.SZ,-0.015682460527372655
2026-05-05,000016.SZ,-2.1057053010393174
2026-05-06,000016.SZ,0.40181933809285286
2026-05-07,000016.SZ,0.4514179596441009
2026-05-08,000016.SZ,0.9656919715357588
2026-05-11,000016.SZ,0.3828021636289475
2026-05-12,000016.SZ,0.087215868447507
2025-11-18,600016.SH,-1.5741739927171243
2025-11-19,600016.SH,-0.40413708438508
2025-11-20,600016.SH,-0.3756482798479608
2025-11-21,600016.SH,0.04714171193229885
2025-11-24,600016.SH,0.7013432013061986
2025-11-25,600016.SH,-0.6354803173035504
2025-11-26,600016.SH,-0.9877104564117886
2025-11-27,600016.SH,0.2301922388802779
2025-11-28,600016.SH,0.5263815493477324
2025-12-01,600016.SH,1.0823761205250313
2025-12-02,600016.SH,0.7927849850092117
2025-12-03,600016.SH,0.16861864313920397
2025-12-04,600016.SH,0.25003247063983336
2025-12-05,600016.SH,0.4730643866851445
2025-12-08,600016.SH,1.0698037701966614
2025-12-09,600016.SH,0.8641828775773861
2025-12-10,600016.SH,-0.1585522574233029
2025-12-11,600016.SH,-0.3460151697157571
2025-12-12,600016.SH,-0.8593815383902957
2025-12-15,600016.SH,-0.9356894224554273
2025-12-16,600016.SH,-0.6322964714441717
2025-12-17,600016.SH,0.43502943128005167
2025-12-18,600016.SH,0.21324607201417006
2025-12-19,600016.SH,-0.08017631302080576
2025-12-22,600016.SH,0.6233043924816106
2025-12-23,600016.SH,-0.8507426471508928
2025-12-24,600016.SH,-0.3573170615866016
2025-12-25,600016.SH,-0.626117948830515
2025-12-26,600016.SH,0.6605883292159083
2025-12-29,600016.SH,-0.9114231001345492
2025-12-30,600016.SH,-0.9001142499900455
2025-12-31,600016.SH,0.12425570547591977
2026-01-01,600016.SH,0.39839686561467474
2026-01-02,600016.SH,-0.09219127865371185
2026-01-05,600016.SH,0.7981831879307106
2026-01-06,600016.SH,0.2857293429129858
2026-01-07,600016.SH,0.8229360064718623
2026-01-08,600016.SH,-0.060453469728174565
2026-01-09,600016.SH,0.3505329108522545
2026-01-12,600016.SH,-0.1533148334982657
2026-01-13,600016.SH,-0.8123632691706728
2026-01-14,600016.SH,-0.8683808416109842
2026-01-15,600016.SH,1.2198066666114207
2026-01-16,600016.SH,-0.014691053996156667
2026-01-19,600016.SH,-0.6942155422769554
2026-01-20,600016.SH,-0.7395628175235524
2026-01-21,600016.SH,0.33145915521989344
2026-01-22,600016.SH,-0.14513088155588047
2026-01-23,600016.SH,-0.7091438092049915
2026-01-26,600016.SH,-1.9624908759653112
2026-01-27,600016.SH,-1.0828672776772157
2026-01-28,600016.SH,-0.37040872566926364
2026-01-29,600016.SH,-0.45887286897828267
2026-01-30,600016.SH,0.5815444825431171
2026-02-02,600016.SH,-0.7362720482278514
2026-02-03,600016.SH,-0.39321417977105
2026-02-04,600016.SH,1.1438402029928012
2026-02-05,600016.SH,0.5776850868806169
2026-02-06,600016.SH,0.5366141553844174
2026-02-09,600016.SH,0.6483645099101832
2026-02-10,600016.SH,0.3606525540904076
2026-02-11,600016.SH,1.4043653480694287
2026-02-12,600016.SH,-0.8392107466407328
2026-02-13,600016.SH,0.047624596321707485
2026-02-16,600016.SH,-0.2956931112404606
2026-02-17,600016.SH,-1.3987455763690968
2026-02-18,600016.SH,1.5380026327180385
2026-02-19,600016.SH,-0.12565698395070657
2026-02-20,600016.SH,-0.09518195706850652
2026-02-23,600016.SH,1.0216370186025705
2026-02-24,600016.SH,0.08625777194928919
2026-02-25,600016.SH,-0.8668056113152034
2026-02-26,600016.SH,0.664740450436254
2026-02-27,600016.SH,0.3116455776777105
2026-03-02,600016.SH,-1.9144967739054641
2026-03-03,600016.SH,-1.4179461726483127
2026-03-04,600016.SH,0.8362819567032458
2026-03-05,600016.SH,-1.4607590323401192
2026-03-06,600016.SH,1.291812941398618
2026-03-09,600016.SH,-0.0755733197554759
2026-03-10,600016.SH,1.0967262019246498
2026-03-11,600016.SH,-0.38181765526215844
2026-03-12,600016.SH,-0.013523585798569937
2026-03-13,600016.SH,0.20552980070113977
2026-03-16,600016.SH,0.06135412250238581
2026-03-17,600016.SH,-1.2960356384663123
2026-03-18,600016.SH,0.961012789142352
2026-03-19,600016.SH,-1.8134422223014435
2026-03-20,600016.SH,0.9926353561148439
2026-03-23,600016.SH,-0.4046735337828204
2026-03-24,600016.SH,1.0357283210342763
2026-03-25,600016.SH,-1.9121613543993394
2026-03-26,600016.SH,-1.5417312564689802
2026-03-27,600016.SH,0.4946051201649898
2026-03-30,600016.SH,-0.02365529702071756
2026-03-31,600016.SH,-1.3437106712038207
2026-04-01,600016.SH,1.6728454685441507
2026-04-02,600016.SH,-0.24442142476791712
2026-04-03,600016.SH,-0.6086230044343751
2026-04-06,600016.SH,0.12494995507334133
2026-04-07,600016.SH,-0.6081394231006447
2026-04-08,600016.SH,-0.11171239594697252
2026-04-09,600016.SH,0.98292502968453
2026-04-10,600016.SH,-0.1776405795348191
2026-04-13,600016.SH,0.8834504301339868
2026-04-14,600016.SH,0.7821487727954
2026-04-15,600016.SH,0.28234539838131556
2026-04-16,600016.SH,-1.0546902613759084
2026-04-17,600016.SH,0.8668401756177704
2026-04-20,600016.SH,-0.38418631408205023
2026-04-21,600016.SH,0.5053788021136061
2026-04-22,600016.SH,0.1662807590290884
2026-04-23,600016.SH,-0.8283652883466133
2026-04-24,600016.SH,-1.1031937942961436
2026-04-27,600016.SH,-0.0653303621230178
2026-04-28,600016.SH,0.034087533480262305
2026-04-29,600016.SH,-0.5732160107397126
2026-04-30,600016.SH,1.3854366544853276
2026-05-01,600016.SH,0.5707757629666188
2026-05-04,600016.SH,-1.1056636898516086
2026-05-05,600016.SH,0.021559813123230395
2026-05-06,600016.SH,2.151708427712384
2026-05-07,600016.SH,0.319814618938167
2026-05-08,600016.SH,-0.6673132955560177
2026-05-11,600016.SH,0.1337913405319463
2026-05-12,600016.SH,-0.20575497820946606
2025-11-18,000018.SZ,0.7757204466165352
2025-11-19,000018.SZ,-0.6644999861862949
2025-11-20,000018.SZ,-0.15600375764624033
2025-11-21,000018.SZ,0.6569259989876063
2025-11-24,000018.SZ,0.45367357432662203
2025-11-25,000018.SZ,-0.22145218990178514
2025-11-26,000018.SZ,-1.3312466090600812
2025-11-27,000018.SZ,-0.08145091657617108
2025-11-28,000018.SZ,0.5272031764558133
2025-12-01,000018.SZ,-0.8982191853070813
2025-12-02,000018.SZ,0.7587756415574405
2025-12-03,000018.SZ,0.06350385579913045
2025-12-04,000018.SZ,-0.4502683421313862
2025-12-05,000018.SZ,1.6053216192641515
2025-12-08,000018.SZ,0.5459160988357877
2025-12-09,000018.SZ,-0.4768695592965889
2025-12-10,000018.SZ,-0.2346291373149863
2025-12-11,000018.SZ,0.06089583672141072
2025-12-12,000018.SZ,1.0045969813738371
2025-12-15,000018.SZ,-0.6216022533224126
2025-12-16,000018.SZ,0.2506234655437513
2025-12-17,000018.SZ,-0.09814240904107796
2025-12-18,000018.SZ,-0.07641715867269688
2025-12-19,000018.SZ,1.5082938959822263
2025-12-22,000018.SZ,-0.2840665455644459
2025-12-23,000018.SZ,-0.6808483800308656
2025-12-24,000018.SZ,0.1752065221060491
2025-12-25,000018.SZ,0.5301908484490692
2025-12-26,000018.SZ,1.2720327370040043
2025-12-29,000018.SZ,-0.49117181214017724
2025-12-30,000018.SZ,-0.32348155959827785
2025-12-31,000018.SZ,-1.2841180194533741
2026-01-01,000018.SZ,-0.6786692918478109
2026-01-02,000018.SZ,-1.0220372135286886
2026-01-05,000018.SZ,0.1692308143349227
2026-01-06,000018.SZ,1.0115425561557847
2026-01-07,000018.SZ,-1.3183981378097362
2026-01-08,000018.SZ,0.9788341552118414
2026-01-09,000018.SZ,-0.522759870642156
2026-01-12,000018.SZ,-0.26013402872786895
2026-01-13,000018.SZ,-0.20259658602373293
2026-01-14,000018.SZ,0.4682009739920202
2026-01-15,000018.SZ,1.2400969057848927
2026-01-16,000018.SZ,-0.7451115599335516
2026-01-19,000018.SZ,0.3673045180698907
2026-01-20,000018.SZ,1.263861877932628
2026-01-21,000018.SZ,1.5772996476937
2026-01-22,000018.SZ,-0.006279327561359294
2026-01-23,000018.SZ,1.4996300027076968
2026-01-26,000018.SZ,-0.5738943549495802
2026-01-27,000018.SZ,-0.3494339869630692
2026-01-28,000018.SZ,1.0218485342701527
2026-01-29,000018.SZ,-0.6987685622321254
2026-01-30,000018.SZ,-1.0320555472820105
2026-02-02,000018.SZ,-1.70959086872874
2026-02-03,000018.SZ,-0.12677775488907372
2026-02-04,000018.SZ,-0.8597647627139189
2026-02-05,000018.SZ,-0.42212443500337027
2026-02-06,000018.SZ,0.6424769106478151
2026-02-09,000018.SZ,1.0428339298443583
2026-02-10,000018.SZ,-0.7203259252784866
2026-02-11,000018.SZ,-0.00047835447311672663
2026-02-12,000018.SZ,1.0195057301842403
2026-02-13,000018.SZ,1.6560917234217865
2026-02-16,000018.SZ,1.3439179097030387
2026-02-17,000018.SZ,-1.0902615411285557
2026-02-18,000018.SZ,0.49590483576751415
2026-02-19,000018.SZ,1.5642998488335738
2026-02-20,000018.SZ,-1.2955781981447694
2026-02-23,000018.SZ,0.8323102617230784
2026-02-24,000018.SZ,0.3039927361797084
2026-02-25,000018.SZ,-0.0074510605278299
2026-02-26,000018.SZ,0.23508197703610823
2026-02-27,000018.SZ,0.8929747989170114
2026-03-02,000018.SZ,1.3785203827492707
2026-03-03,000018.SZ,0.1607760345274898
2026-03-04,000018.SZ,-0.17884992067953498
2026-03-05,000018.SZ,-0.09509283600986862
2026-03-06,000018.SZ,-0.3313779824198083
2026-03-09,000018.SZ,0.7696903019772017
2026-03-10,000018.SZ,-1.524961099375053
2026-03-11,000018.SZ,-0.7143986726971456
2026-03-12,000018.SZ,-1.2745693590182152
2026-03-13,000018.SZ,-1.0406885681971396
2026-03-16,000018.SZ,1.1446922522596181
2026-03-17,000018.SZ,-0.9080835926813994
2026-03-18,000018.SZ,-1.6183569138243923
2026-03-19,000018.SZ,0.08507289854320271
2026-03-20,000018.SZ,1.3788336873581368
2026-03-23,000018.SZ,-1.7083163139895645
2026-03-24,000018.SZ,0.521099128795333
2026-03-25,000018.SZ,1.142614408538008
2026-03-26,000018.SZ,-0.7090462717551089
2026-03-27,000018.SZ,2.0215763835589686
2026-03-30,000018.SZ,-0.27092418468752943
2026-03-31,000018.SZ,1.2650705144987306
2026-04-01,000018.SZ,1.2031332678841131
2026-04-02,000018.SZ,-0.10600823093585018
2026-04-03,000018.SZ,-1.3973127545372757
2026-04-06,000018.SZ,-1.3888039819905442
2026-04-07,000018.SZ,-1.7850619013680749
2026-04-08,000018.SZ,1.1386321156121402
2026-04-09,000018.SZ,0.4510249635307237
2026-04-10,000018.SZ,-0.3670126187554814
2026-04-13,000018.SZ,0.4829940395477901
2026-04-14,000018.SZ,0.147817314085391
2026-04-15,000018.SZ,0.7618110928818564
2026-04-16,000018.SZ,-0.4692996758413801
2026-04-17,000018.SZ,-0.29677428803158445
2026-04-20,000018.SZ,1.9672732639786106
2026-04-21,000018.SZ,0.7273573584134201
2026-04-22,000018.SZ,-0.17858270391916753
2026-04-23,000018.SZ,0.09017105856925789
2026-04-24,000018.SZ,0.4861890751440926
2026-04-27,000018.SZ,-0.20186547582482914
2026-04-28,000018.SZ,-0.5367342702114112
2026-04-29,000018.SZ,-0.12233632937189676
2026-04-30,000018.SZ,1.2623710506540886
2026-05-01,000018.SZ,0.4548563250964382
2026-05-04,000018.SZ,-0.164093484807384
2026-05-05,000018.SZ,0.5466600064300623
2026-05-06,000018.SZ,-0.7370830657685785
2026-05-07,000018.SZ,-0.2298966614574244
2026-05-08,000018.SZ,0.04411120561496705
2026-05-11,000018.SZ,-1.1816075835394013
2026-05-12,000018.SZ,-1.8003744311163616
2025-11-18,600018.SH,-1.3900824461260035
2025-11-19,600018.SH,-1.3475076011861926
2025-11-20,600018.SH,-1.5980752408977414
2025-11-21,600018.SH,-0.007456296345459246
2025-11-24,600018.SH,0.49095132868317576
2025-11-25,600018.SH,0.2773727162124753
2025-11-26,600018.SH,0.4449395335922442
2025-11-27,600018.SH,0.8476616902382387
2025-11-28,600018.SH,-0.09662557447491671
2025-12-01,600018.SH,0.3066150888708593
2025-12-02,600018.SH,1.3225204147685994
2025-12-03,600018.SH,0.056291545408864364
2025-12-04,600018.SH,-0.1704269222866569
2025-12-05,600018.SH,0.8918243053727083
2025-12-08,600018.SH,-0.5645013324051573
2025-12-09,600018.SH,0.7998050217778757
2025-12-10,600018.SH,-0.18112895666849652
2025-12-11,600018.SH,-0.055064315207022776
2025-12-12,600018.SH,1.2629427635098098
2025-12-15,600018.SH,-1.039887304713448
2025-12-16,600018.SH,-0.1613482533506285
2025-12-17,600018.SH,-0.10625641701436417
2025-12-18,600018.SH,0.6342892026268215
2025-12-19,600018.SH,0.3973602323922271
2025-12-22,600018.SH,-1.0509236511830724
2025-12-23,600018.SH,2.332646461466803
2025-12-24,600018.SH,0.10854962725037143
2025-12-25,600018.SH,-0.22517805043676223
2025-12-26,600018.SH,0.09052021303703851
2025-12-29,600018.SH,-0.26866787962975486
2025-12-30,600018.SH,0.06596980987933557
2025-12-31,600018.SH,0.683229070705961
2026-01-01,600018.SH,-0.6443511667407799
2026-01-02,600018.SH,-1.0514573207008415
2026-01-05,600018.SH,-1.5850677334392018
2026-01-06,600018.SH,1.1173650854113784
2026-01-07,600018.SH,1.1072304126090662
2026-01-08,600018.SH,-1.500271278367036
2026-01-09,600018.SH,0.48423319862651504
2026-01-12,600018.SH,-0.8560625962178211
2026-01-13,600018.SH,0.45227081005593756
2026-01-14,600018.SH,-0.8825227447852124
2026-01-15,600018.SH,0.526081022295593
2026-01-16,600018.SH,0.8227987347982925
2026-01-19,600018.SH,0.8478439032647996
2026-01-20,600018.SH,-0.17749979120487247
2026-01-21,600018.SH,0.5415733657036317
2026-01-22,600018.SH,-0.9806146926929493
2026-01-23,600018.SH,0.0806223360261627
2026-01-26,600018.SH,0.5353048505421959
2026-01-27,600018.SH,0.7365402520858916
2026-01-28,600018.SH,-0.25816148409503076
2026-01-29,600018.SH,0.571048915904756
2026-01-30,600018.SH,-1.1235803631708212
2026-02-02,600018.SH,0.500617369458819
2026-02-03,600018.SH,-1.4296774806108732
2026-02-04,600018.SH,1.5754559208519576
2026-02-05,600018.SH,-0.1246483258718073
2026-02-06,600018.SH,1.1296952417076187
2026-02-09,600018.SH,-0.575726223039955
2026-02-10,600018.SH,1.8905610416509895
2026-02-11,600018.SH,0.9386586700439621
2026-02-12,600018.SH,0.5763767904786901
2026-02-13,600018.SH,0.7709557365149069
2026-02-16,600018.SH,0.13239664558353437
2026-02-17,600018.SH,-1.4079802100613326
2026-02-18,600018.SH,0.0902465280826309
2026-02-19,600018.SH,-0.5480968137455456
2026-02-20,600018.SH,0.8247146424215361
2026-02-23,600018.SH,1.5556645931345194
2026-02-24,600018.SH,0.3428873849579139
2026-02-25,600018.SH,0.16207751292036515
2026-02-26,600018.SH,0.571770221755795
2026-02-27,600018.SH,-0.010590163378345396
2026-03-02,600018.SH,-0.4288849555983518
2026-03-03,600018.SH,-0.8720185768811117
2026-03-04,600018.SH,0.6176064603563647
2026-03-05,600018.SH,-0.10537171554177502
2026-03-06,600018.SH,1.9491262868009205
2026-03-09,600018.SH,0.6757830153650783
2026-03-10,600018.SH,0.09091373705538294
2026-03-11,600018.SH,-0.06410779023258428
2026-03-12,600018.SH,1.0571373910481032
2026-03-13,600018.SH,0.21989833451638524
2026-03-16,600018.SH,-0.8125633901954525
2026-03-17,600018.SH,0.8189192733228243
2026-03-18,600018.SH,-0.2787975172464481
2026-03-19,600018.SH,0.6412952622998173
2026-03-20,600018.SH,0.6816930689659034
2026-03-23,600018.SH,0.4026921079746842
2026-03-24,600018.SH,1.4190577315961015
2026-03-25,600018.SH,-0.40449826423257695
2026-03-26,600018.SH,-0.8402502403035996
2026-03-27,600018.SH,-0.7849477326090301
2026-03-30,600018.SH,-0.03731131266477017
2026-03-31,600018.SH,-1.5358344383200386
2026-04-01,600018.SH,0.3430350875747854
2026-04-02,600018.SH,-0.15540603370343078
2026-04-03,600018.SH,0.08202204794644485
2026-04-06,600018.SH,-1.0428982563590043
2026-04-07,600018.SH,0.3727041409846426
2026-04-08,600018.SH,0.7513695141352644
2026-04-09,600018.SH,-0.32013259831549845
2026-04-10,600018.SH,0.0043036141604533285
2026-04-13,600018.SH,1.6604640875498002
2026-04-14,600018.SH,-1.3691960623477606
2026-04-15,600018.SH,0.24616820835866546
2026-04-16,600018.SH,0.7853702922680392
2026-04-17,600018.SH,-0.36054828718371235
2026-04-20,600018.SH,1.216285230234891
2026-04-21,600018.SH,0.13597062619605332
2026-04-22,600018.SH,1.6360113461495174
2026-04-23,600018.SH,-0.30364794503971293
2026-04-24,600018.SH,1.0654543627254294
2026-04-27,600018.SH,0.06599593358610398
2026-04-28,600018.SH,-1.6960158152735327
2026-04-29,600018.SH,-0.3943370174250238
2026-04-30,600018.SH,0.46460234622617946
2026-05-01,600018.SH,0.2922865656969166
2026-05-04,600018.SH,-0.06033996797382174
2026-05-05,600018.SH,1.6660075861666788
2026-05-06,600018.SH,0.22905563794164663
2026-05-07,600018.SH,0.724674169489911
2026-05-08,600018.SH,0.3361495579166193
2026-05-11,600018.SH,-1.0011353291714902
2026-05-12,600018.SH,0.08583156390083234
2025-11-18,000020.SZ,-0.30151920047538705
2025-11-19,000020.SZ,-1.0650409110887125
2025-11-20,000020.SZ,0.5939886524219313
2025-11-21,000020.SZ,-0.4793406749237932
2025-11-24,000020.SZ,-0.47872427239304793
2025-11-25,000020.SZ,-1.2729246748536556
2025-11-26,000020.SZ,0.15613677766026673
2025-11-27,000020.SZ,-0.8351118528153283
2025-11-28,000020.SZ,0.703206128888078
2025-12-01,000020.SZ,0.43480051173016054
2025-12-02,000020.SZ,-0.41936108688167795
2025-12-03,000020.SZ,0.4064837204332699
2025-12-04,000020.SZ,-1.098577812523648
2025-12-05,000020.SZ,0.023513575037152495
2025-12-08,000020.SZ,-0.008861590872670376
2025-12-09,000020.SZ,1.2772577437770993
2025-12-10,000020.SZ,-1.0875241790846275
2025-12-11,000020.SZ,-0.28395761014404514
2025-12-12,000020.SZ,0.5871899475941303
2025-12-15,000020.SZ,1.063598495580735
2025-12-16,000020.SZ,-1.0473521813634545
2025-12-17,000020.SZ,-1.157936271857558
2025-12-18,000020.SZ,-0.33578685419728455
2025-12-19,000020.SZ,-1.0603634185466524
2025-12-22,000020.SZ,0.6398069160571161
2025-12-23,000020.SZ,-0.030846931507367115
2025-12-24,000020.SZ,1.3165471824053958
2025-12-25,000020.SZ,-0.6209042560351379
2025-12-26,000020.SZ,0.759432539135379
2025-12-29,000020.SZ,-1.2832894934898962
2025-12-30,000020.SZ,-1.5011379008042274
2025-12-31,000020.SZ,0.6874967344210055
2026-01-01,000020.SZ,-0.944674520437902
2026-01-02,000020.SZ,-1.1964403681503293
2026-01-05,000020.SZ,-0.06769625913550154
2026-01-06,000020.SZ,0.06372287241073743
2026-01-07,000020.SZ,-0.20949379399649654
2026-01-08,000020.SZ,0.3149273626419938
2026-01-09,000020.SZ,0.8472503860973483
2026-01-12,000020.SZ,-0.16477577218141526
2026-01-13,000020.SZ,1.1830716584951455
2026-01-14,000020.SZ,-0.35545231451755815
2026-01-15,000020.SZ,0.661615374124153
2026-01-16,000020.SZ,0.04176755328112536
2026-01-19,000020.SZ,1.6022391492951722
2026-01-20,000020.SZ,-1.140845002701167
2026-01-21,000020.SZ,-0.5709749211557318
2026-01-22,000020.SZ,-0.07186781405697923
2026-01-23,000020.SZ,-0.4470906613137242
2026-01-26,000020.SZ,-0.03106824788758497
2026-01-27,000020.SZ,-0.4806828025964968
2026-01-28,000020.SZ,-2.6226323062279953
2026-01-29,000020.SZ,0.4739305356437612
2026-01-30,000020.SZ,0.19581909303757186
2026-02-02,000020.SZ,-1.3953434454991247
2026-02-03,000020.SZ,1.5763489600849123
2026-02-04,000020.SZ,-0.5503178727286768
2026-02-05,000020.SZ,0.27875276672005844
2026-02-06,000020.SZ,0.3618298594098499
2026-02-09,000020.SZ,1.7471379735146164
2026-02-10,000020.SZ,0.24265957893425502
2026-02-11,000020.SZ,-0.739886018606962
2026-02-12,000020.SZ,0.6554877937822778
2026-02-13,000020.SZ,1.2405101007259507
2026-02-16,000020.SZ,-1.899664321843761
2026-02-17,000020.SZ,0.5939540790650042
2026-02-18,000020.SZ,0.33615154539996095
2026-02-19,000020.SZ,0.019695789461834718
2026-02-20,000020.SZ,-1.6993944268107817
2026-02-23,000020.SZ,-0.03260262662490551
2026-02-24,000020.SZ,-0.9135379750328518
2026-02-25,000020.SZ,0.8911970615253944
2026-02-26,000020.SZ,0.016079245948883672
2026-02-27,000020.SZ,-0.7189120567622641
2026-03-02,000020.SZ,-0.8441492060973088
2026-03-03,000020.SZ,0.4606211770251164
2026-03-04,000020.SZ,-0.4463125386090753
2026-03-05,000020.SZ,-0.4385894720834414
2026-03-06,000020.SZ,1.0136406109644833
2026-03-09,000020.SZ,-0.2541130210506666
2026-03-10,000020.SZ,-1.2804940694166926
2026-03-11,000020.SZ,0.4445721027035417
2026-03-12,000020.SZ,0.769601145467889
2026-03-13,000020.SZ,0.8492771506532975
2026-03-16,000020.SZ,-0.20332879510887975
2026-03-17,000020.SZ,-0.8229794099149066
2026-03-18,000020.SZ,0.35594105697366646
2026-03-19,000020.SZ,-0.640666826843864
2026-03-20,000020.SZ,0.2635889519389584
2026-03-23,000020.SZ,-0.022828987378775034
2026-03-24,000020.SZ,0.19351538703066126
2026-03-25,000020.SZ,-0.1386324574821761
2026-03-26,000020.SZ,1.5564122902847655
2026-03-27,000020.SZ,-0.6890536348511854
2026-03-30,000020.SZ,-0.47145952332617747
2026-03-31,000020.SZ,-1.3048410192344564
2026-04-01,000020.SZ,-0.4657626668760675
2026-04-02,000020.SZ,0.539761880903508
2026-04-03,000020.SZ,-1.1484254863729073
2026-04-06,000020.SZ,-0.8272508227998431
2026-04-07,000020.SZ,0.627821593724683
2026-04-08,000020.SZ,0.07571292348515596
2026-04-09,000020.SZ,0.10481861700908669
2026-04-10,000020.SZ,-0.8911530546018807
2026-04-13,000020.SZ,0.1606730203831513
2026-04-14,000020.SZ,0.30112527295027436
2026-04-15,000020.SZ,0.3576462164768748
2026-04-16,000020.SZ,0.601972548052487
2026-04-17,000020.SZ,0.1025940720600601
2026-04-20,000020.SZ,-0.3516181563932712
2026-04-21,000020.SZ,-0.6364448186990893
2026-04-22,000020.SZ,1.0328985615562079
2026-04-23,000020.SZ,-1.1040865305047454
2026-04-24,000020.SZ,0.2135431441380623
2026-04-27,000020.SZ,0.9923828988466885
2026-04-28,000020.SZ,0.5550424010810606
2026-04-29,000020.SZ,0.4411598209787529
2026-04-30,000020.SZ,0.025008507114347076
2026-05-01,000020.SZ,-0.32864820154208196
2026-05-04,000020.SZ,-0.4990810251761155
2026-05-05,000020.SZ,0.4937943504458922
2026-05-06,000020.SZ,1.1355629532685012
2026-05-07,000020.SZ,0.08577729615229364
2026-05-08,000020.SZ,0.022298709413135054
2026-05-11,000020.SZ,1.1609209812095291
2026-05-12,000020.SZ,-0.6955830304792092
2025-11-18,600020.SH,-0.0981027520154319
2025-11-19,600020.SH,-2.0138118274457444
2025-11-20,600020.SH,1.9984507791602169
2025-11-21,600020.SH,-0.7499697510642358
2025-11-24,600020.SH,0.3740024347851177
2025-11-25,600020.SH,-0.38769285884367477
2025-11-26,600020.SH,0.17933775661775775
2025-11-27,600020.SH,-0.06537573853702414
2025-11-28,600020.SH,-0.9688691740472226
2025-12-01,600020.SH,-2.1683314487354104
2025-12-02,600020.SH,1.187088103831829
2025-12-03,600020.SH,0.8251887035170343
2025-12-04,600020.SH,-0.4821041456593119
2025-12-05,600020.SH,0.26196772612505403
2025-12-08,600020.SH,-0.012958534029420876
2025-12-09,600020.SH,-0.4301390314645882
2025-12-10,600020.SH,-0.0268156161486807
2025-12-11,600020.SH,0.978147968495537
2025-12-12,600020.SH,-1.0575589353837158
2025-12-15,600020.SH,0.12890413021341102
2025-12-16,600020.SH,0.07240290208860345
2025-12-17,600020.SH,1.2573704672622321
2025-12-18,600020.SH,0.480436092012024
2025-12-19,600020.SH,-0.27119319232686573
2025-12-22,600020.SH,-0.23037643521443604
2025-12-23,600020.SH,1.6359015106225134
2025-12-24,600020.SH,0.16568359621987086
2025-12-25,600020.SH,0.8923205581353277
2025-12-26,600020.SH,0.25264859826396907
2025-12-29,600020.SH,0.4884309412140285
2025-12-30,600020.SH,0.21788135739015557
2025-12-31,600020.SH,-0.3614378908189534
2026-01-01,600020.SH,-0.41616621492774214
2026-01-02,600020.SH,-0.538678248106858
2026-01-05,600020.SH,-1.1692575357279975
2026-01-06,600020.SH,-0.2376890097199916
2026-01-07,600020.SH,-0.07287750509028611
2026-01-08,600020.SH,-0.4183694974293599
2026-01-09,600020.SH,-1.6265586568832786
2026-01-12,600020.SH,-0.26365678295854184
2026-01-13,600020.SH,0.96022338269002
2026-01-14,600020.SH,0.05638295686526029
2026-01-15,600020.SH,-0.6345335570787173
2026-01-16,600020.SH,0.5006439047910636
2026-01-19,600020.SH,0.3816804760788729
2026-01-20,600020.SH,0.5109824010123202
2026-01-21,600020.SH,-0.5793349697587781
2026-01-22,600020.SH,1.5200368949482799
2026-01-23,600020.SH,1.0220042909597171
2026-01-26,600020.SH,0.16640015411148457
2026-01-27,600020.SH,0.6300742396752834
2026-01-28,600020.SH,-0.03727580830217786
2026-01-29,600020.SH,-0.22284482792058277
2026-01-30,600020.SH,-0.7810012384305606
2026-02-02,600020.SH,1.0365177916575212
2026-02-03,600020.SH,1.2922335839907677
2026-02-04,600020.SH,-0.6335363321690677
2026-02-05,600020.SH,1.2245724683205594
2026-02-06,600020.SH,-0.49981213165515476
2026-02-09,600020.SH,-0.3463227217672975
2026-02-10,600020.SH,0.6424721130940079
2026-02-11,600020.SH,1.5361574936544355
2026-02-12,600020.SH,0.07805715078879782
2026-02-13,600020.SH,1.5008071375314835
2026-02-16,600020.SH,-0.023883866135023413
2026-02-17,600020.SH,0.0805629894459815
2026-02-18,600020.SH,-1.6549432383562088
2026-02-19,600020.SH,-0.7579970240318745
2026-02-20,600020.SH,1.2895426770478862
2026-02-23,600020.SH,0.5523383023353013
2026-02-24,600020.SH,1.7954031772719303
2026-02-25,600020.SH,0.9713399818016352
2026-02-26,600020.SH,-0.754538335650431
2026-02-27,600020.SH,-0.07644147703460186
2026-03-02,600020.SH,0.6319151243736939
2026-03-03,600020.SH,0.13747225076121172
2026-03-04,600020.SH,0.7054000573109132
2026-03-05,600020.SH,0.9423041660666085
2026-03-06,600020.SH,0.057914590401693514
2026-03-09,600020.SH,-0.4501719549828218
2026-03-10,600020.SH,-0.35582428816767453
2026-03-11,600020.SH,0.16357413845264837
2026-03-12,600020.SH,-0.542338291085535
2026-03-13,600020.SH,0.1926052737944485
2026-03-16,600020.SH,-0.010111473770899881
2026-03-17,600020.SH,-2.14662147158534
2026-03-18,600020.SH,-1.6141112527484764
2026-03-19,600020.SH,0.42573413423683726
2026-03-20,600020.SH,0.14020209651686572
2026-03-23,600020.SH,-0.38992244591701936
2026-03-24,600020.SH,-0.09070716430321857
2026-03-25,600020.SH,-0.8769947181309858
2026-03-26,600020.SH,-0.8705357460475514
2026-03-27,600020.SH,0.26966105377772615
2026-03-30,600020.SH,0.05046820199633531
2026-03-31,600020.SH,0.6238343415854782
2026-04-01,600020.SH,1.0222499053302352
2026-04-02,600020.SH,0.10503676240049904
2026-04-03,600020.SH,0.7586307577786452
2026-04-06,600020.SH,0.7481524349656297
2026-04-07,600020.SH,0.5607692333392532
2026-04-08,600020.SH,0.44780408387814297
2026-04-09,600020.SH,0.7799027635646897
2026-04-10,600020.SH,-1.361150091627123
2026-04-13,600020.SH,0.6994845846278084
2026-04-14,600020.SH,-1.9614576579839373
2026-04-15,600020.SH,1.319534612794387
2026-04-16,600020.SH,-0.05596293560837884
2026-04-17,600020.SH,-0.11517233839297567
2026-04-20,600020.SH,-0.7438266127695637
2026-04-21,600020.SH,-0.14748111730309763
2026-04-22,600020.SH,-0.6255984180400433
2026-04-23,600020.SH,1.1940435938274951
2026-04-24,600020.SH,0.3755035570908498
2026-04-27,600020.SH,-1.0830154227493094
2026-04-28,600020.SH,-1.3330190967826652
2026-04-29,600020.SH,-1.8042629378957677
2026-04-30,600020.SH,-0.27028813462255913
2026-05-01,600020.SH,-0.9256511317617874
2026-05-04,600020.SH,0.02007322290285732
2026-05-05,600020.SH,-0.0021187654877417306
2026-05-06,600020.SH,0.3614438084148248
2026-05-07,600020.SH,-0.403412324489507
2026-05-08,600020.SH,0.16313095350734672
2026-05-11,600020.SH,-0.6991914064268745
2026-05-12,600020.SH,0.017328476874892307
2025-11-18,000022.SZ,-0.4879508406544632
2025-11-19,000022.SZ,-0.22363393427442974
2025-11-20,000022.SZ,-0.3583315237491609
2025-11-21,000022.SZ,-1.5687268083869017
2025-11-24,000022.SZ,-0.9520901494783776
2025-11-25,000022.SZ,0.0584593147473178
2025-11-26,000022.SZ,0.5863613865601494
2025-11-27,000022.SZ,-0.6062498853703335
2025-11-28,000022.SZ,1.4744720480320626
2025-12-01,000022.SZ,-1.9385556374367445
2025-12-02,000022.SZ,-0.30849072079041084
2025-12-03,000022.SZ,0.5049242599505415
2025-12-04,000022.SZ,0.32764955704814
2025-12-05,000022.SZ,-0.6113284454682484
2025-12-08,000022.SZ,-0.6708024991469312
2025-12-09,000022.SZ,0.3596637563207881
2025-12-10,000022.SZ,-0.3586228536634372
2025-12-11,000022.SZ,-0.6883339266708992
2025-12-12,000022.SZ,0.0858600700230179
2025-12-15,000022.SZ,-0.4425186370666815
2025-12-16,000022.SZ,-0.44095227867300224
2025-12-17,000022.SZ,-0.5736381313145716
2025-12-18,000022.SZ,-0.9149666724020048
2025-12-19,000022.SZ,-0.9086437846706492
2025-12-22,000022.SZ,-1.4444558389559106
2025-12-23,000022.SZ,0.001729922249794652
2025-12-24,000022.SZ,-1.0203208864497397
2025-12-25,000022.SZ,0.7526995241753395
2025-12-26,000022.SZ,-0.1931396341887023
2025-12-29,000022.SZ,-0.6408126758650352
2025-12-30,000022.SZ,1.0609139108063999
2025-12-31,000022.SZ,-0.30462672273784974
2026-01-01,000022.SZ,-0.4405982601580233
2026-01-02,000022.SZ,1.228530520349694
2026-01-05,000022.SZ,1.1069107696235292
2026-01-06,000022.SZ,-1.0487680575137557
2026-01-07,000022.SZ,0.7385769138944893
2026-01-08,000022.SZ,0.03166304999906272
2026-01-09,000022.SZ,-1.198526936388411
2026-01-12,000022.SZ,0.7601300659826684
2026-01-13,000022.SZ,0.5131391598567476
2026-01-14,000022.SZ,-0.24910626723436358
2026-01-15,000022.SZ,0.716202137654812
2026-01-16,000022.SZ,0.14721792487507834
2026-01-19,000022.SZ,-1.1566240819344074
2026-01-20,000022.SZ,0.7305600520674064
2026-01-21,000022.SZ,0.2581375899705334
2026-01-22,000022.SZ,-0.22277468382836468
2026-01-23,000022.SZ,-0.09793834153899073
2026-01-26,000022.SZ,-0.6799981284161143
2026-01-27,000022.SZ,-0.03278397140189106
2026-01-28,000022.SZ,0.12845125760683385
2026-01-29,000022.SZ,0.17269001368053252
2026-01-30,000022.SZ,-0.32281205556857684
2026-02-02,000022.SZ,-0.16521512272412106
2026-02-03,000022.SZ,-1.7165764154294259
2026-02-04,000022.SZ,0.7631311641936752
2026-02-05,000022.SZ,0.3784853674491891
2026-02-06,000022.SZ,0.35103850780364587
2026-02-09,000022.SZ,-0.4009299625127609
2026-02-10,000022.SZ,-0.37194865916479625
2026-02-11,000022.SZ,-0.5849181410305045
2026-02-12,000022.SZ,0.1585676198004039
2026-02-13,000022.SZ,-0.6953110648334522
2026-02-16,000022.SZ,2.7610690214116813
2026-02-17,000022.SZ,-1.0627883030385492
2026-02-18,000022.SZ,-2.1812525740978415
2026-02-19,000022.SZ,-0.18412904458609428
2026-02-20,000022.SZ,-1.220340793238702
2026-02-23,000022.SZ,-0.4516284291091404
2026-02-24,000022.SZ,-0.5802050357421271
2026-02-25,000022.SZ,-0.41918854441276887
2026-02-26,000022.SZ,-0.9306748011446542
2026-02-27,000022.SZ,1.2536823696931523
2026-03-02,000022.SZ,-0.21400612990123608
2026-03-03,000022.SZ,1.0159657273182146
2026-03-04,000022.SZ,-0.4018137356356495
2026-03-05,000022.SZ,0.9828367471520729
2026-03-06,000022.SZ,-0.6311081353787462
2026-03-09,000022.SZ,1.637398798815827
2026-03-10,000022.SZ,0.4718335017255526
2026-03-11,000022.SZ,-0.08716784941584443
2026-03-12,000022.SZ,0.4341696681732211
2026-03-13,000022.SZ,-0.4339690786769895
2026-03-16,000022.SZ,-0.16496892697230658
2026-03-17,000022.SZ,0.2692475652366166
2026-03-18,000022.SZ,0.719665643759655
2026-03-19,000022.SZ,-0.8498855996065989
2026-03-20,000022.SZ,-0.7875836313729073
2026-03-23,000022.SZ,0.17232856581379785
2026-03-24,000022.SZ,0.4761145109248749
2026-03-25,000022.SZ,-0.6046586542233882
2026-03-26,000022.SZ,-1.3312126586250865
2026-03-27,000022.SZ,0.8851394612442134
2026-03-30,000022.SZ,0.34739658106081234
2026-03-31,000022.SZ,0.7371978676743608
2026-04-01,000022.SZ,0.5695900243578339
2026-04-02,000022.SZ,-0.13083146768610254
2026-04-03,000022.SZ,-1.7754226872341654
2026-04-06,000022.SZ,0.017796961718789417
2026-04-07,000022.SZ,-0.13729662676869553
2026-04-08,000022.SZ,-0.7170331695951788
2026-04-09,000022.SZ,-0.6259319757008247
2026-04-10,000022.SZ,-0.4265975348424369
2026-04-13,000022.SZ,0.4619948896320152
2026-04-14,000022.SZ,0.9250173941748387
2026-04-15,000022.SZ,-0.38461238030480016
2026-04-16,000022.SZ,0.20547284356133527
2026-04-17,000022.SZ,-0.38951716146927046
2026-04-20,000022.SZ,0.6863241472247044
2026-04-21,000022.SZ,-1.150651706439879
2026-04-22,000022.SZ,-1.9901564302269132
2026-04-23,000022.SZ,-0.3266520872971726
2026-04-24,000022.SZ,-0.45189967775670514
2026-04-27,000022.SZ,-1.5336296309254527
2026-04-28,000022.SZ,-1.071969001581968
2026-04-29,000022.SZ,0.17893154729123956
2026-04-30,000022.SZ,-0.22302754754741289
2026-05-01,000022.SZ,0.296375394783896
2026-05-04,000022.SZ,-1.948295290336972
2026-05-05,000022.SZ,-0.8352378202600533
2026-05-06,000022.SZ,0.822347523077865
2026-05-07,000022.SZ,-0.09178270718099465
2026-05-08,000022.SZ,-0.662298152724484
2026-05-11,000022.SZ,-1.143126478159981
2026-05-12,000022.SZ,0.505258643617804
2025-11-18,600022.SH,-0.4534894738487833
2025-11-19,600022.SH,-1.0446122737994417
2025-11-20,600022.SH,-0.6082261477240927
2025-11-21,600022.SH,-0.48138651790056136
2025-11-24,600022.SH,1.7424755271885883
2025-11-25,600022.SH,-0.15641797234783622
2025-11-26,600022.SH,0.4425885916626827
2025-11-27,600022.SH,-0.7510891468487044
2025-11-28,600022.SH,-0.4966448221367831
2025-12-01,600022.SH,-0.38626818903243193
2025-12-02,600022.SH,1.0998767784093857
2025-12-03,600022.SH,0.3568926313882464
2025-12-04,600022.SH,-0.3659075138217307
2025-12-05,600022.SH,-0.4784294233593484
2025-12-08,600022.SH,0.5144686380551375
2025-12-09,600022.SH,-2.100884754714196
2025-12-10,600022.SH,0.20177566394207141
2025-12-11,600022.SH,0.15055554415611677
2025-12-12,600022.SH,-0.5649027822244882
2025-12-15,600022.SH,0.0710780986960423
2025-12-16,600022.SH,1.2258117611197532
2025-12-17,600022.SH,-1.267402993248877
2025-12-18,600022.SH,0.744404605562692
2025-12-19,600022.SH,0.351999927636587
2025-12-22,600022.SH,-0.23823880406848427
2025-12-23,600022.SH,0.49642487249334566
2025-12-24,600022.SH,0.3919741250773277
2025-12-25,600022.SH,1.9147815607917658
2025-12-26,600022.SH,-0.0664269386786428
2025-12-29,600022.SH,0.7745286608012398
2025-12-30,600022.SH,-0.40463992349668004
2025-12-31,600022.SH,0.8359583378217479
2026-01-01,600022.SH,-0.9001348399298689
2026-01-02,600022.SH,-0.9578809974314042
2026-01-05,600022.SH,-0.3596008561819184
2026-01-06,600022.SH,0.4329936123174235
2026-01-07,600022.SH,-1.5998828142289825
2026-01-08,600022.SH,-0.009114192518178382
2026-01-09,600022.SH,-0.20381779566841177
2026-01-12,600022.SH,0.33513660677706625
2026-01-13,600022.SH,0.6316242671355301
2026-01-14,600022.SH,-0.9810996150271851
2026-01-15,600022.SH,-0.4370806776627761
2026-01-16,600022.SH,-0.4942347277061102
2026-01-19,600022.SH,0.2434757855587093
2026-01-20,600022.SH,0.7287795309650293
2026-01-21,600022.SH,-0.16196389722959043
2026-01-22,600022.SH,-0.183957984396453
2026-01-23,600022.SH,-0.7341369075801949
2026-01-26,600022.SH,0.5547403742395675
2026-01-27,600022.SH,0.4442840724267298
2026-01-28,600022.SH,0.39915370289068614
2026-01-29,600022.SH,1.345739199096773
2026-01-30,600022.SH,1.109542735575826
2026-02-02,600022.SH,0.31650073595099226
2026-02-03,600022.SH,-0.4847444931194871
2026-02-04,600022.SH,0.6932578052447604
2026-02-05,600022.SH,-0.6286437667669111
2026-02-06,600022.SH,-0.6440750702502114
2026-02-09,600022.SH,1.594677184940491
2026-02-10,600022.SH,-0.6491688262368757
2026-02-11,600022.SH,-1.587470852796805
2026-02-12,600022.SH,0.6487335776435511
2026-02-13,600022.SH,0.05521435614878373
2026-02-16,600022.SH,-0.5067595691591451
2026-02-17,600022.SH,0.5642964766372829
2026-02-18,600022.SH,-0.10682473032877865
2026-02-19,600022.SH,-0.8006377984069626
2026-02-20,600022.SH,0.9617466978050575
2026-02-23,600022.SH,0.6965756433761408
2026-02-24,600022.SH,-0.2544434529445146
2026-02-25,600022.SH,0.9757685666833189
2026-02-26,600022.SH,0.17489772089076244
2026-02-27,600022.SH,0.40434196506931763
2026-03-02,600022.SH,1.7862421798549202
2026-03-03,600022.SH,0.04654212729255719
2026-03-04,600022.SH,1.2652235565546803
2026-03-05,600022.SH,0.1537294853720807
2026-03-06,600022.SH,0.26101119582649945
2026-03-09,600022.SH,0.19289943982083316
2026-03-10,600022.SH,-0.5766221146391349
2026-03-11,600022.SH,-0.387353632762161
2026-03-12,600022.SH,-0.07449358201411727
2026-03-13,600022.SH,0.5352303995053644
2026-03-16,600022.SH,0.4785200585982566
2026-03-17,600022.SH,-0.10216772883080158
2026-03-18,600022.SH,-0.4085035314929545
2026-03-19,600022.SH,0.37862957449111667
2026-03-20,600022.SH,-0.5958688006840948
2026-03-23,600022.SH,-0.7625573898158713
2026-03-24,600022.SH,0.45840518798245083
2026-03-25,600022.SH,0.6140311253059957
2026-03-26,600022.SH,0.6691355407097196
2026-03-27,600022.SH,-0.4571454210606324
2026-03-30,600022.SH,-0.9228280823069146
2026-03-31,600022.SH,-0.8583556941647734
2026-04-01,600022.SH,0.4155324612592989
2026-04-02,600022.SH,-0.6203717511383132
2026-04-03,600022.SH,-1.3510572655457929
2026-04-06,600022.SH,1.616864829942961
2026-04-07,600022.SH,0.38452337512678414
2026-04-08,600022.SH,0.4179410615546438
2026-04-09,600022.SH,-0.33492896912893844
2026-04-10,600022.SH,-0.11462635974200439
2026-04-13,600022.SH,-0.15480366385586425
2026-04-14,600022.SH,0.35293639425112944
2026-04-15,600022.SH,0.6703051085763777
2026-04-16,600022.SH,-0.4581221945072863
2026-04-17,600022.SH,-0.1263411689281739
2026-04-20,600022.SH,0.7394196626207021
2026-04-21,600022.SH,0.5981780136904813
2026-04-22,600022.SH,2.247667639410759
2026-04-23,600022.SH,0.835971250091514
2026-04-24,600022.SH,0.10123500658769401
2026-04-27,600022.SH,-0.0688732217357616
2026-04-28,600022.SH,-0.13854039122726908
2026-04-29,600022.SH,-0.7456995282552581
2026-04-30,600022.SH,-0.9231094992264566
2026-05-01,600022.SH,0.1492852698999571
2026-05-04,600022.SH,1.8957856098862254
2026-05-05,600022.SH,0.8117312710023898
2026-05-06,600022.SH,0.5143280878704667
2026-05-07,600022.SH,-1.9037504116978081
2026-05-08,600022.SH,-1.5397904931488307
2026-05-11,600022.SH,0.7384202051510067
2026-05-12,600022.SH,0.7611015830299958
2025-11-18,000024.SZ,1.3926265451781432
2025-11-19,000024.SZ,-0.2509504639781345
2025-11-20,000024.SZ,1.128208190464133
2025-11-21,000024.SZ,-0.12651281369444045
2025-11-24,000024.SZ,0.8804684415652136
2025-11-25,000024.SZ,-1.2383465383060368
2025-11-26,000024.SZ,-0.10190370445828434
2025-11-27,000024.SZ,1.7079980021792147
2025-11-28,000024.SZ,0.7322528968357349
2025-12-01,000024.SZ,0.5742088854099603
2025-12-02,000024.SZ,-0.4547265732849524
2025-12-03,000024.SZ,0.17127733525156935
2025-12-04,000024.SZ,1.6680292352807151
2025-12-05,000024.SZ,-0.41620216423136974
2025-12-08,000024.SZ,-0.8761306426088258
2025-12-09,000024.SZ,-0.348173418839769
2025-12-10,000024.SZ,-0.25636041438123996
2025-12-11,000024.SZ,-0.7635975306892371
2025-12-12,000024.SZ,0.16464374688829206
2025-12-15,000024.SZ,0.16320652071320627
2025-12-16,000024.SZ,0.5716252121400747
2025-12-17,000024.SZ,-1.0912239432019248
2025-12-18,000024.SZ,0.6421314591905224
2025-12-19,000024.SZ,0.7486071328980778
2025-12-22,000024.SZ,-0.1987512737842696
2025-12-23,000024.SZ,-0.14112521986983192
2025-12-24,000024.SZ,0.8275116395386686
2025-12-25,000024.SZ,0.6354792474816418
2025-12-26,000024.SZ,0.7135308861852206
2025-12-29,000024.SZ,1.17752108802557
2025-12-30,000024.SZ,1.1222245088064238
2025-12-31,000024.SZ,0.3642895824978011
2026-01-01,000024.SZ,-0.21045314072558244
2026-01-02,000024.SZ,1.2300309181775817
2026-01-05,000024.SZ,0.6446030529074436
2026-01-06,000024.SZ,-0.899212947651126
2026-01-07,000024.SZ,0.006218903327768893
2026-01-08,000024.SZ,0.8523672435327514
2026-01-09,000024.SZ,1.9290472136136931
2026-01-12,000024.SZ,-0.7285384361522551
2026-01-13,000024.SZ,1.2105144117231097
2026-01-14,000024.SZ,0.35052462959028324
2026-01-15,000024.SZ,0.5166723935407556
2026-01-16,000024.SZ,-0.05583762759362406
2026-01-19,000024.SZ,-0.32561304895564436
2026-01-20,000024.SZ,0.7874629578718035
2026-01-21,000024.SZ,-0.22737551773704806
2026-01-22,000024.SZ,-0.9406833510196835
2026-01-23,000024.SZ,-1.2659809068684251
2026-01-26,000024.SZ,0.8559897630002961
2026-01-27,000024.SZ,1.097954425181304
2026-01-28,000024.SZ,-0.23324792414207673
2026-01-29,000024.SZ,-0.07377087806710753
2026-01-30,000024.SZ,0.9758246050373471
2026-02-02,000024.SZ,-0.03868575214899825
2026-02-03,000024.SZ,-0.9519268772509669
2026-02-04,000024.SZ,-0.7234227763123264
2026-02-05,000024.SZ,0.32347655085735866
2026-02-06,000024.SZ,-1.3916035793476382
2026-02-09,000024.SZ,-0.3548359249768818
2026-02-10,000024.SZ,-1.6607806254479531
2026-02-11,000024.SZ,1.1501061024427426
2026-02-12,000024.SZ,0.15075628736477836
2026-02-13,000024.SZ,1.0264776996511267
2026-02-16,000024.SZ,0.416310069073903
2026-02-17,000024.SZ,0.8652458617508405
2026-02-18,000024.SZ,-0.7469815303672064
2026-02-19,000024.SZ,-0.6001203724697104
2026-02-20,000024.SZ,-0.6640312121466913
2026-02-23,000024.SZ,-0.565486464986757
2026-02-24,000024.SZ,1.4294240625631063
2026-02-25,000024.SZ,0.8179632073115233
2026-02-26,000024.SZ,-1.2592718236887788
2026-02-27,000024.SZ,0.6318838715951094
2026-03-02,000024.SZ,0.1679623908894743
2026-03-03,000024.SZ,-0.7400407113725291
2026-03-04,000024.SZ,0.3535288823584479
2026-03-05,000024.SZ,0.5316523504112345
2026-03-06,000024.SZ,-0.5771188687716178
2026-03-09,000024.SZ,-0.1310056235830751
2026-03-10,000024.SZ,0.9667733112518047
2026-03-11,000024.SZ,0.33614502314674227
2026-03-12,000024.SZ,0.6326923535164242
2026-03-13,000024.SZ,1.0784615110663396
2026-03-16,000024.SZ,-1.2922825011633947
2026-03-17,000024.SZ,-0.006491886286267706
2026-03-18,000024.SZ,-0.3473750576654804
2026-03-19,000024.SZ,-0.34486643980038745
2026-03-20,000024.SZ,-0.057615281702838805
2026-03-23,000024.SZ,-0.14495543233256547
2026-03-24,000024.SZ,-0.8995980202575586
2026-03-25,000024.SZ,0.06614309517208761
2026-03-26,000024.SZ,-0.5698902047795736
2026-03-27,000024.SZ,1.4041805861662189
2026-03-30,000024.SZ,-1.5606922393285194
2026-03-31,000024.SZ,0.9538247395492216
2026-04-01,000024.SZ,-0.01571461453737793
2026-04-02,000024.SZ,-0.21281219778045513
2026-04-03,000024.SZ,-2.05968438009811
2026-04-06,000024.SZ,0.12234308657352932
2026-04-07,000024.SZ,-1.2295941857464863
2026-04-08,000024.SZ,0.3528366504730992
2026-04-09,000024.SZ,0.39017388801685826
2026-04-10,000024.SZ,-0.6275687793267798
2026-04-13,000024.SZ,0.6456016619133452
2026-04-14,000024.SZ,0.9165686530412995
2026-04-15,000024.SZ,-1.775827903923915
2026-04-16,000024.SZ,-0.8416770116078772
2026-04-17,000024.SZ,-0.10288128199355148
2026-04-20,000024.SZ,-0.017237657559434127
2026-04-21,000024.SZ,-0.6883535402787333
2026-04-22,000024.SZ,-0.23304269856914847
2026-04-23,000024.SZ,-0.06421386030630993
2026-04-24,000024.SZ,0.30268506815085927
2026-04-27,000024.SZ,-0.6253975622364354
2026-04-28,000024.SZ,0.10282860396119836
2026-04-29,000024.SZ,0.45719521590930745
2026-04-30,000024.SZ,0.8725928033790388
2026-05-01,000024.SZ,0.37270644180189977
2026-05-04,000024.SZ,0.3141616259855264
2026-05-05,000024.SZ,-0.006147145150777356
2026-05-06,000024.SZ,0.049528410992470795
2026-05-07,000024.SZ,-0.9701184655799884
2026-05-08,000024.SZ,0.4388293298639954
2026-05-11,000024.SZ,-0.09549791533080931
2026-05-12,000024.SZ,-1.044364557210942
