[16:45:08] 
============================================================
[16:45:08] 使用数据库因子回测: DividendYield
[16:45:08] 日期范围: 2020-01-02 ~ 2022-12-01
[16:45:08] ============================================================
[16:45:09] [DuckDB] 本地读取成功: DividendYield, 1901699 条 (dividend_factors.parquet)
[16:45:09]     [TIME]️ 查询因子(duckdb_parquet): 1.095s
[16:45:10]     因子数据日期范围: 2020-01-02 ~ 2022-12-01
[16:45:10]     涉及股票数量: 4255
[16:45:10]     [FILE] 首次加载开盘价数据...
[16:45:10]     ✅ 开盘价数据加载完成: 56560 条
[16:45:10]     [TIME]️ 加载开盘价: 0.117s (过滤后 56560 条)
[16:45:10]     [TIME]️ 合并数据: 0.714s
[16:45:10] ✅ 从数据库加载因子 DividendYield: 41640 条记录, 80 只股票 (使用开盘价)
[16:45:10]   [TIME]️ 加载耗时明细:
[16:45:10]      查询因子: 1.095s
[16:45:10]      加载价格: 0.117s
[16:45:10]      合并数据: 0.714s
[16:45:10]      清理: 0.001s
[16:45:10]      总计: 1.926s
[16:45:11] DEBUG: 输入数据行数 41480
[16:45:11] DEBUG: 因子列空值数 0
[16:45:11] 
开始因子分组回测 (截面模式-矩阵优化)...
[16:45:11]   分组数量: 5
[16:45:11]   加权方式: equal
[16:45:11]     └─ 构建矩阵: 0.019s
[16:45:11]     └─ 截面分组(向量化): 0.003s
[16:45:11]     └─ 权重计算(矩阵): 0.001s
[16:45:11]     └─ 收益计算(矩阵): 0.008s
[16:45:11]     └─ 统计指标计算: 0.005s
[16:45:11]     └─ 净值曲线计算: 0.001s
[16:45:11] 
  [图表] [回测引擎] 耗时汇总:
[16:45:11]       构建矩阵                        0.019s ( 41.6%) ########
[16:45:11]       收益计算(矩阵)                    0.008s ( 16.6%) ###
[16:45:11]       统计指标计算                      0.005s ( 10.7%) ##
[16:45:11]       截面分组(向量化)                   0.003s (  7.5%) #
[16:45:11]       权重计算(矩阵)                    0.001s (  2.2%)
[16:45:11]       净值曲线计算                      0.001s (  2.1%)
[16:45:11]       ─────────────────────────────────────────────
[16:45:11]       总计                          0.047s
[16:45:11] [OK] 回测完成！
[16:45:11]     [TIME] 创建透视表...
[16:45:12]       透视表完成: (705, 80), 耗时: 0.300s
[16:45:12]     └─ 获取透视表: 0.302s
[16:45:12]     └─ 转换为numpy: 0.000s
[16:45:12]     └─ IC计算: 0.147s
[16:45:12] 
  [图表] [calculate_ic(pearson)] 耗时汇总:
[16:45:12]       获取透视表                       0.302s ( 66.0%) #############
[16:45:12]       IC计算                        0.147s ( 32.2%) ######
[16:45:12]       转换为numpy                    0.000s (  0.0%)
[16:45:12]       ─────────────────────────────────────────────
[16:45:12]       总计                          0.458s
[16:45:12]     └─ 获取透视表: 0.000s
[16:45:12]     └─ 转换为numpy: 0.000s
[16:45:13]     └─ IC计算: 0.966s
[16:45:13] 
  [图表] [calculate_ic(spearman)] 耗时汇总:
[16:45:13]       IC计算                        0.966s ( 99.7%) ###################
[16:45:13]       获取透视表                       0.000s (  0.0%)
[16:45:13]       转换为numpy                    0.000s (  0.0%)
[16:45:13]       ─────────────────────────────────────────────
[16:45:13]       总计                          0.969s
[16:45:13]     └─ 获取透视表: 0.000s
[16:45:13]     └─ 按年度计算: 0.036s
[16:45:13] 
  [图表] [yearly_analysis] 耗时汇总:
[16:45:13]       按年度计算                       0.036s ( 86.6%) #################
[16:45:13]       获取透视表                       0.000s (  0.0%)
[16:45:13]       ─────────────────────────────────────────────
[16:45:13]       总计                          0.042s
[16:45:13]     计算IC统计指标...
[16:45:13]     [OK] IC统计指标完成 (0.0s)
[16:45:13]     计算IC衰减 (10个滞后期)...
[16:45:13]     [TIME]️ 计算IC衰减 (max_lag=10)...
[16:45:13]       IC计算完成, 耗时: 0.312s
[16:45:13]     [TIME]️ IC衰减总计: 0.318s
[16:45:13]     [OK] IC衰减完成 (0.3s)
[16:45:13]     计算IC分布...
[16:45:13]     [OK] IC分布完成 (0.0s)
[16:45:13]     计算累计IC...
[16:45:13]     [OK] 累计IC完成 (0.0s)
[16:45:13]     计算IC自相关...
[16:45:13]     [OK] IC自相关完成 (0.0s)
[16:45:13] [基准数据] 开始加载: 000300.SH, 2020-01-02 ~ 2022-12-01
[16:45:13] ✅ 从 MySQL 加载基准数据成功: 000300.SH, 707 条
[16:45:14] [OK] 回测完成，耗时: 4.84 秒
[16:45:31] 
============================================================
[16:45:31] 使用数据库因子回测: DividendYield
[16:45:31] 日期范围: 2019-01-02 ~ 2023-12-01
[16:45:31] ============================================================
[16:45:33] [DuckDB] 本地读取成功: DividendYield, 3256718 条 (dividend_factors.parquet)
[16:45:33]     [TIME]️ 查询因子(duckdb_parquet): 2.310s
[16:45:33]     因子数据日期范围: 2019-01-02 ~ 2023-12-01
[16:45:33]     涉及股票数量: 5260
[16:45:33]     [TIME]️ 加载开盘价: 0.010s (过滤后 56560 条)
[16:45:35]     [TIME]️ 合并数据: 1.504s
[16:45:35] ✅ 从数据库加载因子 DividendYield: 41640 条记录, 80 只股票 (使用开盘价)
[16:45:35]   [TIME]️ 加载耗时明细:
[16:45:35]      查询因子: 2.310s
[16:45:35]      加载价格: 0.010s
[16:45:35]      合并数据: 1.504s
[16:45:35]      清理: 0.001s
[16:45:35]      总计: 3.824s
[16:45:35] DEBUG: 输入数据行数 41480
[16:45:35] DEBUG: 因子列空值数 0
[16:45:35] 
开始因子分组回测 (截面模式-矩阵优化)...
[16:45:35]   分组数量: 5
[16:45:35]   加权方式: equal
[16:45:35]     └─ 构建矩阵: 0.024s
[16:45:35]     └─ 截面分组(向量化): 0.006s
[16:45:35]     └─ 权重计算(矩阵): 0.001s
[16:45:35]     └─ 收益计算(矩阵): 0.006s
[16:45:35]     └─ 统计指标计算: 0.007s
[16:45:35]     └─ 净值曲线计算: 0.002s
[16:45:35] 
  [图表] [回测引擎] 耗时汇总:
[16:45:35]       构建矩阵                        0.024s ( 40.1%) ########
[16:45:35]       统计指标计算                      0.007s ( 11.9%) ##
[16:45:35]       截面分组(向量化)                   0.006s ( 10.3%) ##
[16:45:35]       收益计算(矩阵)                    0.006s ( 10.2%) ##
[16:45:35]       净值曲线计算                      0.002s (  3.4%)
[16:45:35]       权重计算(矩阵)                    0.001s (  1.7%)
[16:45:35]       (其他)                        0.013s ( 22.4%)
[16:45:35]       ─────────────────────────────────────────────
[16:45:35]       总计                          0.059s
[16:45:35] [OK] 回测完成！
[16:45:35]     [TIME] 创建透视表...
[16:45:35]       透视表完成: (705, 80), 耗时: 0.050s
[16:45:35]     └─ 获取透视表: 0.052s
[16:45:35]     └─ 转换为numpy: 0.000s
[16:45:35]     └─ IC计算: 0.058s
[16:45:35] 
  [图表] [calculate_ic(pearson)] 耗时汇总:
[16:45:35]       IC计算                        0.058s ( 50.8%) ##########
[16:45:35]       获取透视表                       0.052s ( 45.7%) #########
[16:45:35]       转换为numpy                    0.000s (  0.0%)
[16:45:35]       ─────────────────────────────────────────────
[16:45:35]       总计                          0.114s
[16:45:35]     └─ 获取透视表: 0.000s
[16:45:35]     └─ 转换为numpy: 0.000s
[16:45:36]     └─ IC计算: 0.347s
[16:45:36] 
  [图表] [calculate_ic(spearman)] 耗时汇总:
[16:45:36]       IC计算                        0.347s ( 99.1%) ###################
[16:45:36]       获取透视表                       0.000s (  0.0%)
[16:45:36]       转换为numpy                    0.000s (  0.0%)
[16:45:36]       ─────────────────────────────────────────────
[16:45:36]       总计                          0.350s
[16:45:36]     └─ 获取透视表: 0.000s
[16:45:36]     └─ 按年度计算: 0.023s
[16:45:36] 
  [图表] [yearly_analysis] 耗时汇总:
[16:45:36]       按年度计算                       0.023s ( 91.9%) ##################
[16:45:36]       获取透视表                       0.000s (  0.0%)
[16:45:36]       ─────────────────────────────────────────────
[16:45:36]       总计                          0.025s
[16:45:36]     计算IC统计指标...
[16:45:36]     [OK] IC统计指标完成 (0.0s)
[16:45:36]     计算IC衰减 (10个滞后期)...
[16:45:36]     [TIME]️ 计算IC衰减 (max_lag=10)...
[16:45:36]       IC计算完成, 耗时: 0.225s
[16:45:36]     [TIME]️ IC衰减总计: 0.228s
[16:45:36]     [OK] IC衰减完成 (0.2s)
[16:45:36]     计算IC分布...
[16:45:36]     [OK] IC分布完成 (0.0s)
[16:45:36]     计算累计IC...
[16:45:36]     [OK] 累计IC完成 (0.0s)
[16:45:36]     计算IC自相关...
[16:45:36]     [OK] IC自相关完成 (0.0s)
[16:45:36] [基准数据] 开始加载: 000300.SH, 2019-01-02 ~ 2023-12-01
[16:45:36] ✅ 从 MySQL 加载基准数据成功: 000300.SH, 1194 条
[16:45:36] [OK] 回测完成，耗时: 5.28 秒
[16:46:54] 
============================================================
[16:46:54] 使用数据库因子回测: Issuance_Growth
[16:46:54] 日期范围: 2019-01-02 ~ 2023-12-01
[16:46:54] ============================================================
[16:46:54]     [TIME]️ 查询因子(duckdb_parquet): 0.039s
[16:47:02] 
============================================================
[16:47:02] 使用数据库因子回测: Liquidity_2
[16:47:02] 日期范围: 2019-01-02 ~ 2023-12-01
[16:47:02] ============================================================
[16:47:05] [DuckDB] 本地读取成功: Liquidity_2, 4458927 条 (liquidity_factors.parquet)
[16:47:05]     [TIME]️ 查询因子(duckdb_parquet): 2.530s
[16:47:05]     因子数据日期范围: 2019-01-02 ~ 2023-12-01
[16:47:05]     涉及股票数量: 5433
[16:47:05]     [TIME]️ 加载开盘价: 0.005s (过滤后 56560 条)
[16:47:06]     [TIME]️ 合并数据: 1.183s
[16:47:06] ✅ 从数据库加载因子 Liquidity_2: 47058 条记录, 80 只股票 (使用开盘价)
[16:47:06]   [TIME]️ 加载耗时明细:
[16:47:06]      查询因子: 2.530s
[16:47:06]      加载价格: 0.005s
[16:47:06]      合并数据: 1.183s
[16:47:06]      清理: 0.001s
[16:47:06]      总计: 3.720s
[16:47:06] DEBUG: 输入数据行数 46898
[16:47:06] DEBUG: 因子列空值数 0
[16:47:06] 
开始因子分组回测 (截面模式-矩阵优化)...
[16:47:06]   分组数量: 5
[16:47:06]   加权方式: equal
[16:47:06]     └─ 构建矩阵: 0.009s
[16:47:06]     └─ 截面分组(向量化): 0.002s
[16:47:06]     └─ 权重计算(矩阵): 0.001s
[16:47:06]     └─ 收益计算(矩阵): 0.004s
[16:47:06]     └─ 统计指标计算: 0.004s
[16:47:06]     └─ 净值曲线计算: 0.001s
[16:47:06] 
  [图表] [回测引擎] 耗时汇总:
[16:47:06]       构建矩阵                        0.009s ( 33.4%) ######
[16:47:06]       收益计算(矩阵)                    0.004s ( 14.8%) ##
[16:47:06]       统计指标计算                      0.004s ( 14.8%) ##
[16:47:06]       截面分组(向量化)                   0.002s (  7.4%) #
[16:47:06]       净值曲线计算                      0.001s (  3.7%)
[16:47:06]       权重计算(矩阵)                    0.001s (  3.7%)
[16:47:06]       ─────────────────────────────────────────────
[16:47:06]       总计                          0.027s
[16:47:06] [OK] 回测完成！
[16:47:06]     [TIME] 创建透视表...
[16:47:07]       透视表完成: (705, 80), 耗时: 0.048s
[16:47:07]     └─ 获取透视表: 0.049s
[16:47:07]     └─ 转换为numpy: 0.000s
[16:47:07]     └─ IC计算: 0.061s
[16:47:07] 
  [图表] [calculate_ic(pearson)] 耗时汇总:
[16:47:07]       IC计算                        0.061s ( 54.1%) ##########
[16:47:07]       获取透视表                       0.049s ( 43.3%) ########
[16:47:07]       转换为numpy                    0.000s (  0.0%)
[16:47:07]       ─────────────────────────────────────────────
[16:47:07]       总计                          0.113s
[16:47:07]     └─ 获取透视表: 0.000s
[16:47:07]     └─ 转换为numpy: 0.000s
[16:47:07]     └─ IC计算: 0.339s
[16:47:07] 
  [图表] [calculate_ic(spearman)] 耗时汇总:
[16:47:07]       IC计算                        0.339s ( 99.1%) ###################
[16:47:07]       获取透视表                       0.000s (  0.0%)
[16:47:07]       转换为numpy                    0.000s (  0.0%)
[16:47:07]       ─────────────────────────────────────────────
[16:47:07]       总计                          0.342s
[16:47:07]     └─ 获取透视表: 0.000s
[16:47:07]     └─ 按年度计算: 0.030s
[16:47:07] 
  [图表] [yearly_analysis] 耗时汇总:
[16:47:07]       按年度计算                       0.030s ( 90.8%) ##################
[16:47:07]       获取透视表                       0.000s (  0.0%)
[16:47:07]       ─────────────────────────────────────────────
[16:47:07]       总计                          0.033s
[16:47:07]     计算IC统计指标...
[16:47:07]     [OK] IC统计指标完成 (0.0s)
[16:47:07]     计算IC衰减 (10个滞后期)...
[16:47:07]     [TIME]️ 计算IC衰减 (max_lag=10)...
[16:47:07]       IC计算完成, 耗时: 0.086s
[16:47:07]     [TIME]️ IC衰减总计: 0.087s
[16:47:07]     [OK] IC衰减完成 (0.1s)
[16:47:07]     计算IC分布...
[16:47:07]     [OK] IC分布完成 (0.0s)
[16:47:07]     计算累计IC...
[16:47:07]     [OK] 累计IC完成 (0.0s)
[16:47:07]     计算IC自相关...
[16:47:07]     [OK] IC自相关完成 (0.0s)
[16:47:07] [基准数据] 开始加载: 000300.SH, 2019-01-02 ~ 2023-12-01
[16:47:07] ✅ 从 MySQL 加载基准数据成功: 000300.SH, 1194 条
[16:47:07] [OK] 回测完成，耗时: 4.84 秒
[16:47:31] 
============================================================
[16:47:31] 使用数据库因子回测: LNCAP
[16:47:31] 日期范围: 2019-01-02 ~ 2023-12-01
[16:47:31] ============================================================
[16:47:35] [DuckDB] 本地读取成功: LNCAP, 5244801 条 (factors_all.parquet)
[16:47:35]     [TIME]️ 查询因子(duckdb_parquet): 3.627s
[16:47:35]     因子数据日期范围: 2019-01-02 ~ 2023-12-01
[16:47:35]     涉及股票数量: 5451
[16:47:35]     [TIME]️ 加载开盘价: 0.004s (过滤后 56560 条)
[16:47:36]     [TIME]️ 合并数据: 1.295s
[16:47:36] ✅ 从数据库加载因子 LNCAP: 55856 条记录, 80 只股票 (使用开盘价)
[16:47:36]   [TIME]️ 加载耗时明细:
[16:47:36]      查询因子: 3.627s
[16:47:36]      加载价格: 0.004s
[16:47:36]      合并数据: 1.295s
[16:47:36]      清理: 0.001s
[16:47:36]      总计: 4.927s
[16:47:37] DEBUG: 输入数据行数 55696
[16:47:37] DEBUG: 因子列空值数 0
[16:47:37] 
开始因子分组回测 (截面模式-矩阵优化)...
[16:47:37]   分组数量: 5
[16:47:37]   加权方式: equal
[16:47:37]     └─ 构建矩阵: 0.021s
[16:47:37]     └─ 截面分组(向量化): 0.004s
[16:47:37]     └─ 权重计算(矩阵): 0.001s
[16:47:37]     └─ 收益计算(矩阵): 0.005s
[16:47:37]     └─ 统计指标计算: 0.003s
[16:47:37]     └─ 净值曲线计算: 0.000s
[16:47:37] 
  [图表] [回测引擎] 耗时汇总:
[16:47:37]       构建矩阵                        0.021s ( 47.4%) #########
[16:47:37]       收益计算(矩阵)                    0.005s ( 11.5%) ##
[16:47:37]       截面分组(向量化)                   0.004s (  9.1%) #
[16:47:37]       统计指标计算                      0.003s (  6.8%) #
[16:47:37]       权重计算(矩阵)                    0.001s (  2.3%)
[16:47:37]       净值曲线计算                      0.000s (  0.0%)
[16:47:37]       ─────────────────────────────────────────────
[16:47:37]       总计                          0.044s
[16:47:37] [OK] 回测完成！
[16:47:37]     [TIME] 创建透视表...
[16:47:37]       透视表完成: (705, 80), 耗时: 0.038s
[16:47:37]     └─ 获取透视表: 0.039s
[16:47:37]     └─ 转换为numpy: 0.000s
[16:47:37]     └─ IC计算: 0.043s
[16:47:37] 
  [图表] [calculate_ic(pearson)] 耗时汇总:
[16:47:37]       IC计算                        0.043s ( 50.7%) ##########
[16:47:37]       获取透视表                       0.039s ( 45.8%) #########
[16:47:37]       转换为numpy                    0.000s (  0.0%)
[16:47:37]       ─────────────────────────────────────────────
[16:47:37]       总计                          0.085s
[16:47:37]     └─ 获取透视表: 0.000s
[16:47:37]     └─ 转换为numpy: 0.000s
[16:47:37]     └─ IC计算: 0.334s
[16:47:37] 
  [图表] [calculate_ic(spearman)] 耗时汇总:
[16:47:37]       IC计算                        0.334s ( 99.1%) ###################
[16:47:37]       获取透视表                       0.000s (  0.0%)
[16:47:37]       转换为numpy                    0.000s (  0.0%)
[16:47:37]       ─────────────────────────────────────────────
[16:47:37]       总计                          0.337s
[16:47:37]     └─ 获取透视表: 0.000s
[16:47:37]     └─ 按年度计算: 0.014s
[16:47:37] 
  [图表] [yearly_analysis] 耗时汇总:
[16:47:37]       按年度计算                       0.014s ( 93.5%) ##################
[16:47:37]       获取透视表                       0.000s (  0.0%)
[16:47:37]       ─────────────────────────────────────────────
[16:47:37]       总计                          0.015s
[16:47:37]     计算IC统计指标...
[16:47:37]     [OK] IC统计指标完成 (0.0s)
[16:47:37]     计算IC衰减 (10个滞后期)...
[16:47:37]     [TIME]️ 计算IC衰减 (max_lag=10)...
[16:47:37]       IC计算完成, 耗时: 0.113s
[16:47:37]     [TIME]️ IC衰减总计: 0.116s
[16:47:37]     [OK] IC衰减完成 (0.1s)
[16:47:37]     计算IC分布...
[16:47:37]     [OK] IC分布完成 (0.0s)
[16:47:37]     计算累计IC...
[16:47:37]     [OK] 累计IC完成 (0.0s)
[16:47:37]     计算IC自相关...
[16:47:37]     [OK] IC自相关完成 (0.0s)
[16:47:37] [基准数据] 开始加载: 000300.SH, 2019-01-02 ~ 2023-12-01
[16:47:37] ✅ 从 MySQL 加载基准数据成功: 000300.SH, 1194 条
[16:47:38] [OK] 回测完成，耗时: 6.11 秒
[16:48:37] 
============================================================
[16:48:37] 使用数据库因子回测: size_1
[16:48:37] 日期范围: 2019-01-02 ~ 2023-12-01
[16:48:37] ============================================================
[16:48:45] [DuckDB] 本地读取成功: size_1, 5244801 条 (factors_all.parquet)
[16:48:45]     [TIME]️ 查询因子(duckdb_parquet): 8.753s
[16:48:46]     因子数据日期范围: 2019-01-02 ~ 2023-12-01
[16:48:46]     涉及股票数量: 5451
[16:48:46]     [TIME]️ 加载开盘价: 0.010s (过滤后 56560 条)
[16:48:49]     [TIME]️ 合并数据: 3.114s
[16:48:49] ✅ 从数据库加载因子 size_1: 55856 条记录, 80 只股票 (使用开盘价)
[16:48:49]   [TIME]️ 加载耗时明细:
[16:48:49]      查询因子: 8.753s
[16:48:49]      加载价格: 0.010s
[16:48:49]      合并数据: 3.114s
[16:48:49]      清理: 0.001s
[16:48:49]      总计: 11.878s
[16:48:50] DEBUG: 输入数据行数 55696
[16:48:50] DEBUG: 因子列空值数 0
[16:48:50] 
开始因子分组回测 (截面模式-矩阵优化)...
[16:48:50]   分组数量: 5
[16:48:50]   加权方式: equal
[16:48:50]     └─ 构建矩阵: 0.032s
[16:48:50]     └─ 截面分组(向量化): 0.008s
[16:48:50]     └─ 权重计算(矩阵): 0.043s
[16:48:50]     └─ 收益计算(矩阵): 0.011s
[16:48:50]     └─ 统计指标计算: 0.007s
[16:48:50]     └─ 净值曲线计算: 0.002s
[16:48:50] 
  [图表] [回测引擎] 耗时汇总:
[16:48:50]       权重计算(矩阵)                    0.043s ( 20.6%) ####
[16:48:50]       构建矩阵                        0.032s ( 15.4%) ###
[16:48:50]       收益计算(矩阵)                    0.011s (  5.2%) #
[16:48:50]       截面分组(向量化)                   0.008s (  3.9%)
[16:48:50]       统计指标计算                      0.007s (  3.4%)
[16:48:50]       净值曲线计算                      0.002s (  1.0%)
[16:48:50]       (其他)                        0.105s ( 50.6%)
[16:48:50]       ─────────────────────────────────────────────
[16:48:50]       总计                          0.208s
[16:48:50] [OK] 回测完成！
[16:48:50]     [TIME] 创建透视表...
[16:48:51]       透视表完成: (705, 80), 耗时: 0.358s
[16:48:51]     └─ 获取透视表: 0.577s
[16:48:51]     └─ 转换为numpy: 0.000s
[16:48:51]     └─ IC计算: 0.097s
[16:48:51] 
  [图表] [calculate_ic(pearson)] 耗时汇总:
[16:48:51]       获取透视表                       0.577s ( 63.1%) ############
[16:48:51]       IC计算                        0.097s ( 10.6%) ##
[16:48:51]       转换为numpy                    0.000s (  0.0%)
[16:48:51]       (其他)                        0.240s ( 26.2%)
[16:48:51]       ─────────────────────────────────────────────
[16:48:51]       总计                          0.914s
[16:48:51]     └─ 获取透视表: 0.000s
[16:48:51]     └─ 转换为numpy: 0.000s
[16:48:53]     └─ IC计算: 1.260s
[16:48:53] 
  [图表] [calculate_ic(spearman)] 耗时汇总:
[16:48:53]       IC计算                        1.260s ( 99.7%) ###################
[16:48:53]       获取透视表                       0.000s (  0.0%)
[16:48:53]       转换为numpy                    0.000s (  0.0%)
[16:48:53]       ─────────────────────────────────────────────
[16:48:53]       总计                          1.264s
[16:48:53]     └─ 获取透视表: 0.000s
[16:48:53]     └─ 按年度计算: 0.024s
[16:48:53] 
  [图表] [yearly_analysis] 耗时汇总:
[16:48:53]       按年度计算                       0.024s ( 85.6%) #################
[16:48:53]       获取透视表                       0.000s (  0.0%)
[16:48:53]       ─────────────────────────────────────────────
[16:48:53]       总计                          0.028s
[16:48:53]     计算IC统计指标...
[16:48:53]     [OK] IC统计指标完成 (0.0s)
[16:48:53]     计算IC衰减 (10个滞后期)...
[16:48:53]     [TIME]️ 计算IC衰减 (max_lag=10)...
[16:48:54]       IC计算完成, 耗时: 1.830s
[16:48:54]     [TIME]️ IC衰减总计: 1.835s
[16:48:54]     [OK] IC衰减完成 (1.8s)
[16:48:54]     计算IC分布...
[16:48:55]     [OK] IC分布完成 (0.0s)
[16:48:55]     计算累计IC...
[16:48:55]     [OK] 累计IC完成 (0.0s)
[16:48:55]     计算IC自相关...
[16:48:55]     [OK] IC自相关完成 (0.0s)
[16:48:55] [基准数据] 开始加载: 000300.SH, 2019-01-02 ~ 2023-12-01
[16:48:55] ✅ 从 MySQL 加载基准数据成功: 000300.SH, 1194 条
[16:48:56] [OK] 回测完成，耗时: 17.91 秒
[16:49:06] 
============================================================
[16:49:06] 使用数据库因子回测: Growth_1
[16:49:06] 日期范围: 2019-01-02 ~ 2023-12-01
[16:49:06] ============================================================
[16:49:07] [DuckDB] 本地读取成功: Growth_1, 1546016 条 (growth_factors.parquet)
[16:49:07]     [TIME]️ 查询因子(duckdb_parquet): 1.739s
[16:49:07]     因子数据日期范围: 2019-01-02 ~ 2023-12-01
[16:49:07]     涉及股票数量: 4773
[16:49:08]     [TIME]️ 加载开盘价: 0.017s (过滤后 55146 条)
[16:49:08]     [TIME]️ 合并数据: 0.803s
[16:49:08] ✅ 从数据库加载因子 Growth_1: 18016 条记录, 58 只股票 (使用开盘价)
[16:49:08]   [TIME]️ 加载耗时明细:
[16:49:08]      查询因子: 1.739s
[16:49:08]      加载价格: 0.017s
[16:49:08]      合并数据: 0.803s
[16:49:08]      清理: 0.003s
[16:49:08]      总计: 2.562s
[16:49:08] DEBUG: 输入数据行数 17900
[16:49:08] DEBUG: 因子列空值数 0
[16:49:08] 
开始因子分组回测 (截面模式-矩阵优化)...
[16:49:08]   分组数量: 5
[16:49:08]   加权方式: equal
[16:49:08]     └─ 构建矩阵: 0.017s
[16:49:08]     └─ 截面分组(向量化): 0.010s
[16:49:08]     └─ 权重计算(矩阵): 0.001s
[16:49:08]     └─ 收益计算(矩阵): 0.009s
[16:49:08]     └─ 统计指标计算: 0.010s
[16:49:08]     └─ 净值曲线计算: 0.002s
[16:49:08] 
  [图表] [回测引擎] 耗时汇总:
[16:49:09]       构建矩阵                        0.017s ( 24.2%) ####
[16:49:09]       截面分组(向量化)                   0.010s ( 14.8%) ##
[16:49:09]       统计指标计算                      0.010s ( 14.4%) ##
[16:49:09]       收益计算(矩阵)                    0.009s ( 12.7%) ##
[16:49:09]       净值曲线计算                      0.002s (  2.9%)
[16:49:09]       权重计算(矩阵)                    0.001s (  1.4%)
[16:49:09]       (其他)                        0.021s ( 29.6%)
[16:49:09]       ─────────────────────────────────────────────
[16:49:09]       总计                          0.071s
[16:49:09] [OK] 回测完成！
[16:49:09]     [TIME] 创建透视表...
[16:49:09]       透视表完成: (705, 58), 耗时: 0.056s
[16:49:09]     └─ 获取透视表: 0.059s
[16:49:09]     └─ 转换为numpy: 0.000s
[16:49:09]     └─ IC计算: 0.140s
[16:49:09] 
  [图表] [calculate_ic(pearson)] 耗时汇总:
[16:49:09]       IC计算                        0.140s ( 68.1%) #############
[16:49:09]       获取透视表                       0.059s ( 29.0%) #####
[16:49:09]       转换为numpy                    0.000s (  0.0%)
[16:49:09]       ─────────────────────────────────────────────
[16:49:09]       总计                          0.205s
[16:49:09]     └─ 获取透视表: 0.000s
[16:49:09]     └─ 转换为numpy: 0.000s
[16:49:10]     └─ IC计算: 0.807s
[16:49:10] 
  [图表] [calculate_ic(spearman)] 耗时汇总:
[16:49:10]       IC计算                        0.807s ( 99.0%) ###################
[16:49:10]       获取透视表                       0.000s (  0.0%)
[16:49:10]       转换为numpy                    0.000s (  0.0%)
[16:49:10]       ─────────────────────────────────────────────
[16:49:10]       总计                          0.815s
[16:49:10]     └─ 获取透视表: 0.000s
[16:49:10]     └─ 按年度计算: 0.042s
[16:49:10] 
  [图表] [yearly_analysis] 耗时汇总:
[16:49:10]       按年度计算                       0.042s ( 91.2%) ##################
[16:49:10]       获取透视表                       0.000s (  0.0%)
[16:49:10]       ─────────────────────────────────────────────
[16:49:10]       总计                          0.046s
[16:49:10]     计算IC统计指标...
[16:49:10]     [OK] IC统计指标完成 (0.0s)
[16:49:10]     计算IC衰减 (10个滞后期)...
[16:49:10]     [TIME]️ 计算IC衰减 (max_lag=10)...
[16:49:10]       IC计算完成, 耗时: 0.144s
[16:49:10]     [TIME]️ IC衰减总计: 0.149s
[16:49:10]     [OK] IC衰减完成 (0.2s)
[16:49:10]     计算IC分布...
[16:49:10]     [OK] IC分布完成 (0.0s)
[16:49:10]     计算累计IC...
[16:49:10]     [OK] 累计IC完成 (0.0s)
[16:49:10]     计算IC自相关...
[16:49:10]     [OK] IC自相关完成 (0.0s)
[16:49:10] [基准数据] 开始加载: 000300.SH, 2019-01-02 ~ 2023-12-01
[16:49:10] ✅ 从 MySQL 加载基准数据成功: 000300.SH, 1194 条
[16:49:10] [OK] 回测完成，耗时: 4.33 秒
[16:49:47] 
============================================================
[16:49:47] 使用数据库因子回测: EPSGrow5Y
[16:49:47] 日期范围: 2019-01-02 ~ 2023-12-01
[16:49:47] ============================================================
[16:49:48] [DuckDB] 本地读取成功: EPSGrow5Y, 1546578 条 (growth_factors.parquet)
[16:49:48]     [TIME]️ 查询因子(duckdb_parquet): 1.667s
[16:49:49]     因子数据日期范围: 2019-01-02 ~ 2023-12-01
[16:49:49]     涉及股票数量: 4773
[16:49:49]     [TIME]️ 加载开盘价: 0.021s (过滤后 55146 条)
[16:49:49]     [TIME]️ 合并数据: 0.712s
[16:49:49] ✅ 从数据库加载因子 EPSGrow5Y: 18016 条记录, 58 只股票 (使用开盘价)
[16:49:49]   [TIME]️ 加载耗时明细:
[16:49:49]      查询因子: 1.667s
[16:49:49]      加载价格: 0.021s
[16:49:49]      合并数据: 0.712s
[16:49:49]      清理: 0.002s
[16:49:49]      总计: 2.403s
[16:49:50] DEBUG: 输入数据行数 17900
[16:49:50] DEBUG: 因子列空值数 0
[16:49:50] 
开始因子分组回测 (截面模式-矩阵优化)...
[16:49:50]   分组数量: 5
[16:49:50]   加权方式: equal
[16:49:50]     └─ 构建矩阵: 0.014s
[16:49:50]     └─ 截面分组(向量化): 0.006s
[16:49:50]     └─ 权重计算(矩阵): 0.000s
[16:49:50]     └─ 收益计算(矩阵): 0.009s
[16:49:50]     └─ 统计指标计算: 0.010s
[16:49:50]     └─ 净值曲线计算: 0.003s
[16:49:50] 
  [图表] [回测引擎] 耗时汇总:
[16:49:50]       构建矩阵                        0.014s ( 22.6%) ####
[16:49:50]       统计指标计算                      0.010s ( 15.7%) ###
[16:49:50]       收益计算(矩阵)                    0.009s ( 14.5%) ##
[16:49:50]       截面分组(向量化)                   0.006s ( 10.2%) ##
[16:49:50]       净值曲线计算                      0.003s (  4.8%)
[16:49:50]       权重计算(矩阵)                    0.000s (  0.0%)
[16:49:50]       (其他)                        0.020s ( 32.3%)
[16:49:50]       ─────────────────────────────────────────────
[16:49:50]       总计                          0.062s
[16:49:50] [OK] 回测完成！
[16:49:50]     [TIME] 创建透视表...
[16:49:50]       透视表完成: (705, 58), 耗时: 0.054s
[16:49:50]     └─ 获取透视表: 0.058s
[16:49:50]     └─ 转换为numpy: 0.000s
[16:49:50]     └─ IC计算: 0.138s
[16:49:50] 
  [图表] [calculate_ic(pearson)] 耗时汇总:
[16:49:50]       IC计算                        0.138s ( 67.7%) #############
[16:49:50]       获取透视表                       0.058s ( 28.3%) #####
[16:49:50]       转换为numpy                    0.000s (  0.0%)
[16:49:50]       ─────────────────────────────────────────────
[16:49:50]       总计                          0.204s
[16:49:50]     └─ 获取透视表: 0.000s
[16:49:50]     └─ 转换为numpy: 0.000s
[16:49:51]     └─ IC计算: 0.756s
[16:49:51] 
  [图表] [calculate_ic(spearman)] 耗时汇总:
[16:49:51]       IC计算                        0.756s ( 98.8%) ###################
[16:49:51]       获取透视表                       0.000s (  0.0%)
[16:49:51]       转换为numpy                    0.000s (  0.0%)
[16:49:51]       ─────────────────────────────────────────────
[16:49:51]       总计                          0.765s
[16:49:51]     └─ 获取透视表: 0.000s
[16:49:51]     └─ 按年度计算: 0.042s
[16:49:51] 
  [图表] [yearly_analysis] 耗时汇总:
[16:49:51]       按年度计算                       0.042s ( 91.5%) ##################
[16:49:51]       获取透视表                       0.000s (  0.0%)
[16:49:51]       ─────────────────────────────────────────────
[16:49:51]       总计                          0.046s
[16:49:51]     计算IC统计指标...
[16:49:51]     [OK] IC统计指标完成 (0.0s)
[16:49:51]     计算IC衰减 (10个滞后期)...
[16:49:51]     [TIME]️ 计算IC衰减 (max_lag=10)...
[16:49:51]       IC计算完成, 耗时: 0.222s
[16:49:51]     [TIME]️ IC衰减总计: 0.227s
[16:49:51]     [OK] IC衰减完成 (0.2s)
[16:49:51]     计算IC分布...
[16:49:51]     [OK] IC分布完成 (0.0s)
[16:49:51]     计算累计IC...
[16:49:51]     [OK] 累计IC完成 (0.0s)
[16:49:51]     计算IC自相关...
[16:49:51]     [OK] IC自相关完成 (0.0s)
[16:49:51] [基准数据] 开始加载: 000300.SH, 2019-01-02 ~ 2023-12-01
[16:49:51] ✅ 从 MySQL 加载基准数据成功: 000300.SH, 1194 条
[16:49:51] [OK] 回测完成，耗时: 4.23 秒
[16:51:50] 
============================================================
[16:51:50] 使用数据库因子回测: Cumulative_range
[16:51:50] 日期范围: 2019-09-02 ~ 2023-12-01
[16:51:50] ============================================================
[16:51:53] [DuckDB] 本地读取成功: Cumulative_range, 4402291 条 (volatility_factors.parquet)
[16:51:53]     [TIME]️ 查询因子(duckdb_parquet): 2.560s
[16:51:53]     因子数据日期范围: 2019-09-02 ~ 2023-12-01
[16:51:53]     涉及股票数量: 5188
[16:51:53]     [TIME]️ 加载开盘价: 0.004s (过滤后 56560 条)
[16:51:54]     [TIME]️ 合并数据: 1.449s
[16:51:54] ✅ 从数据库加载因子 Cumulative_range: 55856 条记录, 80 只股票 (使用开盘价)
[16:51:54]   [TIME]️ 加载耗时明细:
[16:51:54]      查询因子: 2.560s
[16:51:54]      加载价格: 0.004s
[16:51:54]      合并数据: 1.449s
[16:51:54]      清理: 0.002s
[16:51:54]      总计: 4.015s
[16:51:55] DEBUG: 输入数据行数 55696
[16:51:55] DEBUG: 因子列空值数 0
[16:51:55] 
开始因子分组回测 (截面模式-矩阵优化)...
[16:51:55]   分组数量: 5
[16:51:55]   加权方式: equal
[16:51:55]     └─ 构建矩阵: 0.021s
[16:51:55]     └─ 截面分组(向量化): 0.002s
[16:51:55]     └─ 权重计算(矩阵): 0.001s
[16:51:55]     └─ 收益计算(矩阵): 0.004s
[16:51:55]     └─ 统计指标计算: 0.004s
[16:51:55]     └─ 净值曲线计算: 0.001s
[16:51:55] 
  [图表] [回测引擎] 耗时汇总:
[16:51:55]       构建矩阵                        0.021s ( 48.7%) #########
[16:51:55]       收益计算(矩阵)                    0.004s (  9.5%) #
[16:51:55]       统计指标计算                      0.004s (  9.5%) #
[16:51:55]       截面分组(向量化)                   0.002s (  5.8%) #
[16:51:55]       净值曲线计算                      0.001s (  2.4%)
[16:51:55]       权重计算(矩阵)                    0.001s (  2.4%)
[16:51:55]       ─────────────────────────────────────────────
[16:51:55]       总计                          0.042s
[16:51:55] [OK] 回测完成！
[16:51:55]     [TIME] 创建透视表...
[16:51:55]       透视表完成: (705, 80), 耗时: 0.055s
[16:51:55]     └─ 获取透视表: 0.057s
[16:51:55]     └─ 转换为numpy: 0.000s
[16:51:55]     └─ IC计算: 0.044s
[16:51:55] 
  [图表] [calculate_ic(pearson)] 耗时汇总:
[16:51:55]       获取透视表                       0.057s ( 55.3%) ###########
[16:51:55]       IC计算                        0.044s ( 42.8%) ########
[16:51:55]       转换为numpy                    0.000s (  0.0%)
[16:51:55]       ─────────────────────────────────────────────
[16:51:55]       总计                          0.104s
[16:51:55]     └─ 获取透视表: 0.000s
[16:51:55]     └─ 转换为numpy: 0.001s
[16:51:55]     └─ IC计算: 0.333s
[16:51:55] 
  [图表] [calculate_ic(spearman)] 耗时汇总:
[16:51:55]       IC计算                        0.333s ( 99.3%) ###################
[16:51:55]       转换为numpy                    0.001s (  0.4%)
[16:51:55]       获取透视表                       0.000s (  0.0%)
[16:51:55]       ─────────────────────────────────────────────
[16:51:55]       总计                          0.336s
[16:51:55]     └─ 获取透视表: 0.000s
[16:51:55]     └─ 按年度计算: 0.021s
[16:51:55] 
  [图表] [yearly_analysis] 耗时汇总:
[16:51:55]       按年度计算                       0.021s ( 95.5%) ###################
[16:51:55]       获取透视表                       0.000s (  0.0%)
[16:51:55]       ─────────────────────────────────────────────
[16:51:55]       总计                          0.022s
[16:51:55]     计算IC统计指标...
[16:51:55]     [OK] IC统计指标完成 (0.0s)
[16:51:55]     计算IC衰减 (10个滞后期)...
[16:51:55]     [TIME]️ 计算IC衰减 (max_lag=10)...
[16:51:55]       IC计算完成, 耗时: 0.107s
[16:51:55]     [TIME]️ IC衰减总计: 0.108s
[16:51:55]     [OK] IC衰减完成 (0.1s)
[16:51:55]     计算IC分布...
[16:51:55]     [OK] IC分布完成 (0.0s)
[16:51:55]     计算累计IC...
[16:51:55]     [OK] 累计IC完成 (0.0s)
[16:51:55]     计算IC自相关...
[16:51:55]     [OK] IC自相关完成 (0.0s)
[16:51:55] [基准数据] 开始加载: 000300.SH, 2019-09-02 ~ 2023-12-01
[16:51:55] ✅ 从 MySQL 加载基准数据成功: 000300.SH, 1031 条
[16:51:56] [OK] 回测完成，耗时: 5.26 秒
[16:52:03] 
============================================================
[16:52:03] 使用数据库因子回测: HistSigma
[16:52:03] 日期范围: 2019-09-02 ~ 2023-12-01
[16:52:03] ============================================================
[16:52:06] [DuckDB] 本地读取成功: HistSigma, 4402291 条 (volatility_factors.parquet)
[16:52:06]     [TIME]️ 查询因子(duckdb_parquet): 3.184s
[16:52:07]     因子数据日期范围: 2019-09-02 ~ 2023-12-01
[16:52:07]     涉及股票数量: 5188
[16:52:07]     [TIME]️ 加载开盘价: 0.003s (过滤后 56560 条)
[16:52:08]     [TIME]️ 合并数据: 1.346s
[16:52:08] ✅ 从数据库加载因子 HistSigma: 55856 条记录, 80 只股票 (使用开盘价)
[16:52:08]   [TIME]️ 加载耗时明细:
[16:52:08]      查询因子: 3.184s
[16:52:08]      加载价格: 0.003s
[16:52:08]      合并数据: 1.346s
[16:52:08]      清理: 0.001s
[16:52:08]      总计: 4.534s
[16:52:08] DEBUG: 输入数据行数 55696
[16:52:08] DEBUG: 因子列空值数 0
[16:52:08] 
开始因子分组回测 (截面模式-矩阵优化)...
[16:52:08]   分组数量: 5
[16:52:08]   加权方式: equal
[16:52:08]     └─ 构建矩阵: 0.023s
[16:52:08]     └─ 截面分组(向量化): 0.002s
[16:52:08]     └─ 权重计算(矩阵): 0.000s
[16:52:08]     └─ 收益计算(矩阵): 0.007s
[16:52:08]     └─ 统计指标计算: 0.006s
[16:52:08]     └─ 净值曲线计算: 0.002s
[16:52:08] 
  [图表] [回测引擎] 耗时汇总:
[16:52:08]       构建矩阵                        0.023s ( 46.4%) #########
[16:52:08]       收益计算(矩阵)                    0.007s ( 13.4%) ##
[16:52:08]       统计指标计算                      0.006s ( 11.2%) ##
[16:52:08]       净值曲线计算                      0.002s (  4.1%)
[16:52:08]       截面分组(向量化)                   0.002s (  4.1%)
[16:52:08]       权重计算(矩阵)                    0.000s (  0.0%)
[16:52:08]       (其他)                        0.010s ( 21.0%)
[16:52:08]       ─────────────────────────────────────────────
[16:52:08]       总计                          0.049s
[16:52:08] [OK] 回测完成！
[16:52:08]     [TIME] 创建透视表...
[16:52:08]       透视表完成: (705, 80), 耗时: 0.058s
[16:52:08]     └─ 获取透视表: 0.059s
[16:52:08]     └─ 转换为numpy: 0.000s
[16:52:08]     └─ IC计算: 0.056s
[16:52:08] 
  [图表] [calculate_ic(pearson)] 耗时汇总:
[16:52:08]       获取透视表                       0.059s ( 49.9%) #########
[16:52:08]       IC计算                        0.056s ( 47.2%) #########
[16:52:08]       转换为numpy                    0.000s (  0.0%)
[16:52:08]       ─────────────────────────────────────────────
[16:52:08]       总计                          0.119s
[16:52:08]     └─ 获取透视表: 0.000s
[16:52:08]     └─ 转换为numpy: 0.000s
[16:52:09]     └─ IC计算: 0.337s
[16:52:09] 
  [图表] [calculate_ic(spearman)] 耗时汇总:
[16:52:09]       IC计算                        0.337s ( 98.8%) ###################
[16:52:09]       获取透视表                       0.000s (  0.0%)
[16:52:09]       转换为numpy                    0.000s (  0.0%)
[16:52:09]       ─────────────────────────────────────────────
[16:52:09]       总计                          0.342s
[16:52:09]     └─ 获取透视表: 0.000s
[16:52:09]     └─ 按年度计算: 0.020s
[16:52:09] 
  [图表] [yearly_analysis] 耗时汇总:
[16:52:09]       按年度计算                       0.020s ( 90.9%) ##################
[16:52:09]       获取透视表                       0.000s (  0.0%)
[16:52:09]       ─────────────────────────────────────────────
[16:52:09]       总计                          0.022s
[16:52:09]     计算IC统计指标...
[16:52:09]     [OK] IC统计指标完成 (0.0s)
[16:52:09]     计算IC衰减 (10个滞后期)...
[16:52:09]     [TIME]️ 计算IC衰减 (max_lag=10)...
[16:52:09]       IC计算完成, 耗时: 0.094s
[16:52:09]     [TIME]️ IC衰减总计: 0.097s
[16:52:09]     [OK] IC衰减完成 (0.1s)
[16:52:09]     计算IC分布...
[16:52:09]     [OK] IC分布完成 (0.0s)
[16:52:09]     计算累计IC...
[16:52:09]     [OK] 累计IC完成 (0.0s)
[16:52:09]     计算IC自相关...
[16:52:09]     [OK] IC自相关完成 (0.0s)
[16:52:09] [基准数据] 开始加载: 000300.SH, 2019-09-02 ~ 2023-12-01
[16:52:09] ✅ 从 MySQL 加载基准数据成功: 000300.SH, 1031 条
[16:52:09] [OK] 回测完成，耗时: 5.76 秒
[16:52:20] 
============================================================
[16:52:20] 使用数据库因子回测: Cumulative_range
[16:52:20] 日期范围: 2019-09-02 ~ 2023-12-01
[16:52:20] ============================================================
[16:52:20] 使用缓存的因子数据: Cumulative_range
[16:52:20] DEBUG: 输入数据行数 55696
[16:52:20] DEBUG: 因子列空值数 0
[16:52:20] 
开始因子分组回测 (截面模式-矩阵优化)...
[16:52:20]   分组数量: 5
[16:52:20]   加权方式: equal
[16:52:20]     └─ 构建矩阵: 0.023s
[16:52:20]     └─ 截面分组(向量化): 0.003s
[16:52:20]     └─ 权重计算(矩阵): 0.000s
[16:52:20]     └─ 收益计算(矩阵): 0.005s
[16:52:20]     └─ 统计指标计算: 0.006s
[16:52:20]     └─ 净值曲线计算: 0.001s
[16:52:20] 
  [图表] [回测引擎] 耗时汇总:
[16:52:20]       构建矩阵                        0.023s ( 46.4%) #########
[16:52:20]       统计指标计算                      0.006s ( 12.1%) ##
[16:52:20]       收益计算(矩阵)                    0.005s ( 10.1%) ##
[16:52:20]       截面分组(向量化)                   0.003s (  6.1%) #
[16:52:20]       净值曲线计算                      0.001s (  2.5%)
[16:52:20]       权重计算(矩阵)                    0.000s (  0.0%)
[16:52:20]       (其他)                        0.011s ( 22.8%)
[16:52:20]       ─────────────────────────────────────────────
[16:52:20]       总计                          0.050s
[16:52:20] [OK] 回测完成！
[16:52:20]     [TIME] 创建透视表...
[16:52:20]       透视表完成: (705, 80), 耗时: 0.057s
[16:52:20]     └─ 获取透视表: 0.061s
[16:52:20]     └─ 转换为numpy: 0.000s
[16:52:20]     └─ IC计算: 0.059s
[16:52:20] 
  [图表] [calculate_ic(pearson)] 耗时汇总:
[16:52:20]       获取透视表                       0.061s ( 49.9%) #########
[16:52:20]       IC计算                        0.059s ( 48.2%) #########
[16:52:20]       转换为numpy                    0.000s (  0.0%)
[16:52:20]       ─────────────────────────────────────────────
[16:52:20]       总计                          0.122s
[16:52:20]     └─ 获取透视表: 0.000s
[16:52:20]     └─ 转换为numpy: 0.000s
[16:52:21]     └─ IC计算: 0.298s
[16:52:21] 
  [图表] [calculate_ic(spearman)] 耗时汇总:
[16:52:21]       IC计算                        0.298s ( 99.0%) ###################
[16:52:21]       获取透视表                       0.000s (  0.0%)
[16:52:21]       转换为numpy                    0.000s (  0.0%)
[16:52:21]       ─────────────────────────────────────────────
[16:52:21]       总计                          0.301s
[16:52:21]     └─ 获取透视表: 0.000s
[16:52:21]     └─ 按年度计算: 0.032s
[16:52:21] 
  [图表] [yearly_analysis] 耗时汇总:
[16:52:21]       按年度计算                       0.032s ( 97.0%) ###################
[16:52:21]       获取透视表                       0.000s (  0.0%)
[16:52:21]       ─────────────────────────────────────────────
[16:52:21]       总计                          0.033s
[16:52:21]     计算IC统计指标...
[16:52:21]     [OK] IC统计指标完成 (0.0s)
[16:52:21]     计算IC衰减 (10个滞后期)...
[16:52:21]     [TIME]️ 计算IC衰减 (max_lag=10)...
[16:52:21]       IC计算完成, 耗时: 0.120s
[16:52:21]     [TIME]️ IC衰减总计: 0.122s
[16:52:21]     [OK] IC衰减完成 (0.1s)
[16:52:21]     计算IC分布...
[16:52:21]     [OK] IC分布完成 (0.0s)
[16:52:21]     计算累计IC...
[16:52:21]     [OK] 累计IC完成 (0.0s)
[16:52:21]     计算IC自相关...
[16:52:21]     [OK] IC自相关完成 (0.0s)
[16:52:21] [基准数据] 开始加载: 000300.SH, 2019-09-02 ~ 2023-12-01
[16:52:21] ✅ 从 MySQL 加载基准数据成功: 000300.SH, 1031 条
[16:52:21] [OK] 回测完成，耗时: 0.79 秒
[16:55:48] 
============================================================
[16:55:48] 使用数据库因子回测: DividendYield
[16:55:48] 日期范围: 2019-01-02 ~ 2024-12-01
[16:55:48] [因子连接方式] 优先 DuckDB 本地Parquet: dividend_factors.parquet
[16:55:48] ============================================================
[16:55:50] [DuckDB] 本地读取成功: DividendYield, 4160357 条 (dividend_factors.parquet)
[16:55:50]     [因子连接方式] DuckDB读取本地Parquet
[16:55:50]     [TIME]️ 查询因子(duckdb_parquet): 2.056s
[16:55:50]     因子数据日期范围: 2019-01-02 ~ 2024-11-29
[16:55:50]     涉及股票数量: 5431
[16:55:50]     [FILE] 首次加载开盘价数据...
[16:55:50]     ✅ 开盘价数据加载完成: 139098 条
[16:55:50]     [TIME]️ 加载开盘价: 0.106s (过滤后 139098 条)
[16:55:51]     [TIME]️ 合并数据: 1.049s
[16:55:51] ✅ 从数据库加载因子 DividendYield: 80686 条记录, 97 只股票 (使用开盘价)
[16:55:51]   [TIME]️ 加载耗时明细:
[16:55:51]      查询因子: 2.056s
[16:55:51]      加载价格: 0.106s
[16:55:51]      合并数据: 1.049s
[16:55:51]      清理: 0.001s
[16:55:51]      总计: 3.213s
[16:55:51] DEBUG: 输入数据行数 80492
[16:55:51] DEBUG: 因子列空值数 0
[16:55:51] 
开始因子分组回测 (截面模式-矩阵优化)...
[16:55:51]   分组数量: 5
[16:55:51]   加权方式: equal
[16:55:51]     └─ 构建矩阵: 0.037s
[16:55:51]     └─ 截面分组(向量化): 0.009s
[16:55:51]     └─ 权重计算(矩阵): 0.001s
[16:55:51]     └─ 收益计算(矩阵): 0.016s
[16:55:51]     └─ 统计指标计算: 0.005s
[16:55:51]     └─ 净值曲线计算: 0.001s
[16:55:51] 
  [图表] [回测引擎] 耗时汇总:
[16:55:51]       构建矩阵                        0.037s ( 45.1%) #########
[16:55:51]       收益计算(矩阵)                    0.016s ( 19.4%) ###
[16:55:51]       截面分组(向量化)                   0.009s ( 11.2%) ##
[16:55:51]       统计指标计算                      0.005s (  6.6%) #
[16:55:51]       权重计算(矩阵)                    0.001s (  1.2%)
[16:55:51]       净值曲线计算                      0.001s (  1.2%)
[16:55:51]       (其他)                        0.013s ( 15.2%)
[16:55:51]       ─────────────────────────────────────────────
[16:55:51]       总计                          0.082s
[16:55:51] [OK] 回测完成！
[16:55:51]   因子分析数据采样: 1434 个交易日 -> 800 个 (加速计算)
[16:55:52]     [TIME] 创建透视表...
[16:55:52]       透视表完成: (798, 84), 耗时: 0.049s
[16:55:52]     └─ 获取透视表: 0.051s
[16:55:52]     └─ 转换为numpy: 0.000s
[16:55:52]     └─ IC计算: 0.070s
[16:55:52] 
  [图表] [calculate_ic(pearson)] 耗时汇总:
[16:55:52]       IC计算                        0.070s ( 55.7%) ###########
[16:55:52]       获取透视表                       0.051s ( 41.1%) ########
[16:55:52]       转换为numpy                    0.000s (  0.0%)
[16:55:52]       ─────────────────────────────────────────────
[16:55:52]       总计                          0.125s
[16:55:52]     └─ 获取透视表: 0.000s
[16:55:52]     └─ 转换为numpy: 0.000s
[16:55:52]     └─ IC计算: 0.572s
[16:55:52] 
  [图表] [calculate_ic(spearman)] 耗时汇总:
[16:55:52]       IC计算                        0.572s ( 99.4%) ###################
[16:55:52]       获取透视表                       0.000s (  0.0%)
[16:55:52]       转换为numpy                    0.000s (  0.0%)
[16:55:52]       ─────────────────────────────────────────────
[16:55:52]       总计                          0.575s
[16:55:52]     └─ 获取透视表: 0.000s
[16:55:53]     └─ 按年度计算: 0.289s
[16:55:53] 
  [图表] [yearly_analysis] 耗时汇总:
[16:55:53]       按年度计算                       0.289s ( 99.3%) ###################
[16:55:53]       获取透视表                       0.000s (  0.0%)
[16:55:53]       ─────────────────────────────────────────────
[16:55:53]       总计                          0.291s
[16:55:53]     计算IC统计指标...
[16:55:53]     [OK] IC统计指标完成 (0.0s)
[16:55:53]     计算IC衰减 (10个滞后期)...
[16:55:53]     [TIME]️ 计算IC衰减 (max_lag=10)...
[16:55:53]       IC计算完成, 耗时: 0.156s
[16:55:53]     [TIME]️ IC衰减总计: 0.158s
[16:55:53]     [OK] IC衰减完成 (0.2s)
[16:55:53]     计算IC分布...
[16:55:53]     [OK] IC分布完成 (0.0s)
[16:55:53]     计算累计IC...
[16:55:53]     [OK] 累计IC完成 (0.0s)
[16:55:53]     计算IC自相关...
[16:55:53]     [OK] IC自相关完成 (0.0s)
[16:55:53] [基准数据] 开始加载: 000300.SH, 2019-01-02 ~ 2024-12-01
[16:55:53] ✅ 从 MySQL 加载基准数据成功: 000300.SH, 1434 条
[16:55:53] [OK] 回测完成，耗时: 5.10 秒
[16:56:58] 
============================================================
[16:56:58] 使用数据库因子回测: Dividend_Yield_1
[16:56:58] 日期范围: 2019-01-02 ~ 2024-12-01
[16:56:58] [因子连接方式] 优先 DuckDB 本地Parquet: dividend_factors.parquet
[16:56:58] ============================================================
[16:57:00] [DuckDB] 本地读取成功: Dividend_Yield_1, 4160357 条 (dividend_factors.parquet)
[16:57:00]     [因子连接方式] DuckDB读取本地Parquet
[16:57:00]     [TIME]️ 查询因子(duckdb_parquet): 2.178s
[16:57:00]     因子数据日期范围: 2019-01-02 ~ 2024-11-29
[16:57:00]     涉及股票数量: 5431
[16:57:00]     [TIME]️ 加载开盘价: 0.007s (过滤后 139098 条)
[16:57:01]     [TIME]️ 合并数据: 1.092s
[16:57:01] ✅ 从数据库加载因子 Dividend_Yield_1: 80686 条记录, 97 只股票 (使用开盘价)
[16:57:01]   [TIME]️ 加载耗时明细:
[16:57:01]      查询因子: 2.178s
[16:57:01]      加载价格: 0.007s
[16:57:01]      合并数据: 1.092s
[16:57:01]      清理: 0.002s
[16:57:01]      总计: 3.278s
[16:57:02] DEBUG: 输入数据行数 80492
[16:57:02] DEBUG: 因子列空值数 0
[16:57:02] 
开始因子分组回测 (截面模式-矩阵优化)...
[16:57:02]   分组数量: 5
[16:57:02]   加权方式: equal
[16:57:02]     └─ 构建矩阵: 0.027s
[16:57:02]     └─ 截面分组(向量化): 0.008s
[16:57:02]     └─ 权重计算(矩阵): 0.002s
[16:57:02]     └─ 收益计算(矩阵): 0.012s
[16:57:02]     └─ 统计指标计算: 0.004s
[16:57:02]     └─ 净值曲线计算: 0.001s
[16:57:02] 
  [图表] [回测引擎] 耗时汇总:
[16:57:02]       构建矩阵                        0.027s ( 42.6%) ########
[16:57:02]       收益计算(矩阵)                    0.012s ( 19.2%) ###
[16:57:02]       截面分组(向量化)                   0.008s ( 12.7%) ##
[16:57:02]       统计指标计算                      0.004s (  6.5%) #
[16:57:02]       权重计算(矩阵)                    0.002s (  3.4%)
[16:57:02]       净值曲线计算                      0.001s (  1.5%)
[16:57:02]       ─────────────────────────────────────────────
[16:57:02]       总计                          0.063s
[16:57:02] [OK] 回测完成！
[16:57:02]   因子分析数据采样: 1434 个交易日 -> 800 个 (加速计算)
[16:57:02]     [TIME] 创建透视表...
[16:57:02]       透视表完成: (798, 84), 耗时: 0.044s
[16:57:02]     └─ 获取透视表: 0.046s
[16:57:02]     └─ 转换为numpy: 0.000s
[16:57:02]     └─ IC计算: 0.058s
[16:57:02] 
  [图表] [calculate_ic(pearson)] 耗时汇总:
[16:57:02]       IC计算                        0.058s ( 53.0%) ##########
[16:57:02]       获取透视表                       0.046s ( 42.4%) ########
[16:57:02]       转换为numpy                    0.000s (  0.0%)
[16:57:02]       ─────────────────────────────────────────────
[16:57:02]       总计                          0.109s
[16:57:02]     └─ 获取透视表: 0.000s
[16:57:02]     └─ 转换为numpy: 0.001s
[16:57:02]     └─ IC计算: 0.337s
[16:57:02] 
  [图表] [calculate_ic(spearman)] 耗时汇总:
[16:57:02]       IC计算                        0.337s ( 99.1%) ###################
[16:57:02]       转换为numpy                    0.001s (  0.3%)
[16:57:02]       获取透视表                       0.000s (  0.0%)
[16:57:02]       ─────────────────────────────────────────────
[16:57:02]       总计                          0.340s
[16:57:02]     └─ 获取透视表: 0.000s
[16:57:02]     └─ 按年度计算: 0.022s
[16:57:02] 
  [图表] [yearly_analysis] 耗时汇总:
[16:57:02]       按年度计算                       0.022s ( 91.8%) ##################
[16:57:02]       获取透视表                       0.000s (  0.0%)
[16:57:02]       ─────────────────────────────────────────────
[16:57:02]       总计                          0.024s
[16:57:02]     计算IC统计指标...
[16:57:02]     [OK] IC统计指标完成 (0.0s)
[16:57:02]     计算IC衰减 (10个滞后期)...
[16:57:02]     [TIME]️ 计算IC衰减 (max_lag=10)...
[16:57:02]       IC计算完成, 耗时: 0.111s
[16:57:02]     [TIME]️ IC衰减总计: 0.113s
[16:57:02]     [OK] IC衰减完成 (0.1s)
[16:57:02]     计算IC分布...
[16:57:02]     [OK] IC分布完成 (0.0s)
[16:57:02]     计算累计IC...
[16:57:02]     [OK] 累计IC完成 (0.0s)
[16:57:02]     计算IC自相关...
[16:57:02]     [OK] IC自相关完成 (0.0s)
[16:57:02] [基准数据] 开始加载: 000300.SH, 2019-01-02 ~ 2024-12-01
[16:57:02] ✅ 从 MySQL 加载基准数据成功: 000300.SH, 1434 条
[16:57:03] [OK] 回测完成，耗时: 4.45 秒
[16:57:44] 
============================================================
[16:57:44] 使用数据库因子回测: Dividend_Yield_1
[16:57:44] 日期范围: 2019-01-02 ~ 2024-12-01
[16:57:44] [因子连接方式] 优先 DuckDB 本地Parquet: dividend_factors.parquet
[16:57:44] ============================================================
[16:57:44] 使用缓存的因子数据: Dividend_Yield_1
[16:57:44] DEBUG: 输入数据行数 80492
[16:57:44] DEBUG: 因子列空值数 0
[16:57:44] 
开始因子分组回测 (截面模式-矩阵优化)...
[16:57:44]   分组数量: 5
[16:57:44]   加权方式: equal
[16:57:44]     └─ 构建矩阵: 0.026s
[16:57:44]     └─ 截面分组(向量化): 0.010s
[16:57:44]     └─ 权重计算(矩阵): 0.001s
[16:57:44]     └─ 收益计算(矩阵): 0.014s
[16:57:44]     └─ 统计指标计算: 0.005s
[16:57:44]     └─ 净值曲线计算: 0.002s
[16:57:44] 
  [图表] [回测引擎] 耗时汇总:
[16:57:44]       构建矩阵                        0.026s ( 38.5%) #######
[16:57:44]       收益计算(矩阵)                    0.014s ( 20.5%) ####
[16:57:44]       截面分组(向量化)                   0.010s ( 14.1%) ##
[16:57:44]       统计指标计算                      0.005s (  7.4%) #
[16:57:44]       净值曲线计算                      0.002s (  3.0%)
[16:57:44]       权重计算(矩阵)                    0.001s (  1.6%)
[16:57:44]       (其他)                        0.010s ( 14.8%)
[16:57:44]       ─────────────────────────────────────────────
[16:57:44]       总计                          0.068s
[16:57:44] [OK] 回测完成！
[16:57:44]   因子分析数据采样: 1434 个交易日 -> 800 个 (加速计算)
[16:57:44]     [TIME] 创建透视表...
[16:57:45]       透视表完成: (798, 84), 耗时: 0.037s
[16:57:45]     └─ 获取透视表: 0.039s
[16:57:45]     └─ 转换为numpy: 0.000s
[16:57:45]     └─ IC计算: 0.047s
[16:57:45] 
  [图表] [calculate_ic(pearson)] 耗时汇总:
[16:57:45]       IC计算                        0.047s ( 52.3%) ##########
[16:57:45]       获取透视表                       0.039s ( 43.5%) ########
[16:57:45]       转换为numpy                    0.000s (  0.0%)
[16:57:45]       ─────────────────────────────────────────────
[16:57:45]       总计                          0.091s
[16:57:45]     └─ 获取透视表: 0.000s
[16:57:45]     └─ 转换为numpy: 0.000s
[16:57:45]     └─ IC计算: 0.297s
[16:57:45] 
  [图表] [calculate_ic(spearman)] 耗时汇总:
[16:57:45]       IC计算                        0.297s ( 99.3%) ###################
[16:57:45]       获取透视表                       0.000s (  0.0%)
[16:57:45]       转换为numpy                    0.000s (  0.0%)
[16:57:45]       ─────────────────────────────────────────────
[16:57:45]       总计                          0.299s
[16:57:45]     └─ 获取透视表: 0.000s
[16:57:45]     └─ 按年度计算: 0.025s
[16:57:45] 
  [图表] [yearly_analysis] 耗时汇总:
[16:57:45]       按年度计算                       0.025s ( 92.4%) ##################
[16:57:45]       获取透视表                       0.000s (  0.0%)
[16:57:45]       ─────────────────────────────────────────────
[16:57:45]       总计                          0.027s
[16:57:45]     计算IC统计指标...
[16:57:45]     [OK] IC统计指标完成 (0.0s)
[16:57:45]     计算IC衰减 (10个滞后期)...
[16:57:45]     [TIME]️ 计算IC衰减 (max_lag=10)...
[16:57:45]       IC计算完成, 耗时: 0.108s
[16:57:45]     [TIME]️ IC衰减总计: 0.109s
[16:57:45]     [OK] IC衰减完成 (0.1s)
[16:57:45]     计算IC分布...
[16:57:45]     [OK] IC分布完成 (0.0s)
[16:57:45]     计算累计IC...
[16:57:45]     [OK] 累计IC完成 (0.0s)
[16:57:45]     计算IC自相关...
[16:57:45]     [OK] IC自相关完成 (0.0s)
[16:57:45] [基准数据] 开始加载: 000300.SH, 2019-01-02 ~ 2024-12-01
[16:57:45] ✅ 从 MySQL 加载基准数据成功: 000300.SH, 1434 条
[16:57:45] [OK] 回测完成，耗时: 0.74 秒
[17:01:53] ✅ CSV 因子加载 (开盘价): 25733 条, 97 只股票
[17:01:53] DEBUG: 输入数据行数 25539
[17:01:53] DEBUG: 因子列空值数 0
[17:01:53] 
开始因子分组回测 (截面模式-矩阵优化)...
[17:01:53]   分组数量: 5
[17:01:53]   加权方式: equal
[17:01:53]     └─ 构建矩阵: 0.008s
[17:01:53]     └─ 截面分组(向量化): 0.002s
[17:01:53]     └─ 权重计算(矩阵): 0.000s
[17:01:53]     └─ 收益计算(矩阵): 0.001s
[17:01:53]     └─ 统计指标计算: 0.004s
[17:01:53]     └─ 净值曲线计算: 0.001s
[17:01:53] 
  [图表] [回测引擎] 耗时汇总:
[17:01:53]       构建矩阵                        0.008s ( 35.2%) #######
[17:01:53]       统计指标计算                      0.004s ( 17.1%) ###
[17:01:53]       截面分组(向量化)                   0.002s (  8.6%) #
[17:01:53]       收益计算(矩阵)                    0.001s (  4.4%)
[17:01:53]       净值曲线计算                      0.001s (  4.3%)
[17:01:53]       权重计算(矩阵)                    0.000s (  0.0%)
[17:01:53]       ─────────────────────────────────────────────
[17:01:53]       总计                          0.023s
[17:01:53] [OK] 回测完成！
[17:01:53] [OK] Already cached: 25733 records, date: 2019-01-02 ~ 2024-12-01
[17:01:53]     [TIME] 创建透视表...
[17:01:53]       透视表完成: (266, 97), 耗时: 0.023s
[17:01:53]     └─ 获取透视表: 0.025s
[17:01:53]     └─ 转换为numpy: 0.000s
[17:01:53]     └─ IC计算: 0.017s
[17:01:53] 
  [图表] [calculate_ic(pearson)] 耗时汇总:
[17:01:53]       获取透视表                       0.025s ( 53.9%) ##########
[17:01:53]       IC计算                        0.017s ( 37.4%) #######
[17:01:53]       转换为numpy                    0.000s (  0.0%)
[17:01:53]       ─────────────────────────────────────────────
[17:01:53]       总计                          0.046s
[17:01:53]     └─ 获取透视表: 0.000s
[17:01:53]     └─ 转换为numpy: 0.000s
[17:01:53]     └─ IC计算: 0.108s
[17:01:53] 
  [图表] [calculate_ic(spearman)] 耗时汇总:
[17:01:53]       IC计算                        0.108s ( 97.3%) ###################
[17:01:53]       获取透视表                       0.000s (  0.0%)
[17:01:53]       转换为numpy                    0.000s (  0.0%)
[17:01:53]       ─────────────────────────────────────────────
[17:01:53]       总计                          0.111s
[17:01:53]     └─ 获取透视表: 0.000s
[17:01:53]     └─ 按年度计算: 0.021s
[17:01:53] 
  [图表] [yearly_analysis] 耗时汇总:
[17:01:53]       按年度计算                       0.021s ( 91.4%) ##################
[17:01:53]       获取透视表                       0.000s (  0.0%)
[17:01:53]       ─────────────────────────────────────────────
[17:01:53]       总计                          0.023s
[17:01:53]     计算IC统计指标...
[17:01:53]     [OK] IC统计指标完成 (0.0s)
[17:01:53]     计算IC衰减 (10个滞后期)...
[17:01:53]     [TIME]️ 计算IC衰减 (max_lag=10)...
[17:01:53]       IC计算完成, 耗时: 0.077s
[17:01:53]     [TIME]️ IC衰减总计: 0.080s
[17:01:53]     [OK] IC衰减完成 (0.1s)
[17:01:53]     计算IC分布...
[17:01:53]     [OK] IC分布完成 (0.0s)
[17:01:53]     计算累计IC...
[17:01:53]     [OK] 累计IC完成 (0.0s)
[17:01:53]     计算IC自相关...
[17:01:53]     [OK] IC自相关完成 (0.0s)
[17:01:53] [基准数据] 开始加载: 000300.SH, 2019-01-02 ~ 2024-12-01
[17:01:53] ✅ 从 MySQL 加载基准数据成功: 000300.SH, 1434 条
[17:06:50] ✅ CSV 因子加载 (开盘价): 26269 条, 99 只股票
[17:06:50] DEBUG: 输入数据行数 26071
[17:06:50] DEBUG: 因子列空值数 0
[17:06:50] 
开始因子分组回测 (截面模式-矩阵优化)...
[17:06:50]   分组数量: 5
[17:06:50]   加权方式: equal
[17:06:50]     └─ 构建矩阵: 0.008s
[17:06:50]     └─ 截面分组(向量化): 0.002s
[17:06:50]     └─ 权重计算(矩阵): 0.001s
[17:06:50]     └─ 收益计算(矩阵): 0.002s
[17:06:50]     └─ 统计指标计算: 0.004s
[17:06:50]     └─ 净值曲线计算: 0.002s
[17:06:50] 
  [图表] [回测引擎] 耗时汇总:
[17:06:50]       构建矩阵                        0.008s ( 32.9%) ######
[17:06:50]       统计指标计算                      0.004s ( 14.1%) ##
[17:06:50]       净值曲线计算                      0.002s (  8.3%) #
[17:06:50]       截面分组(向量化)                   0.002s (  8.0%) #
[17:06:50]       收益计算(矩阵)                    0.002s (  8.0%) #
[17:06:50]       权重计算(矩阵)                    0.001s (  4.0%)
[17:06:50]       ─────────────────────────────────────────────
[17:06:50]       总计                          0.025s
[17:06:50] [OK] 回测完成！
[17:06:50] [OK] Already cached: 26269 records, date: 2018-01-02 ~ 2025-12-01
[17:06:50]     [TIME] 创建透视表...
[17:06:50]       透视表完成: (266, 99), 耗时: 0.025s
[17:06:50]     └─ 获取透视表: 0.027s
[17:06:50]     └─ 转换为numpy: 0.000s
[17:06:50]     └─ IC计算: 0.018s
[17:06:50] 
  [图表] [calculate_ic(pearson)] 耗时汇总:
[17:06:50]       获取透视表                       0.027s ( 55.0%) ##########
[17:06:50]       IC计算                        0.018s ( 37.0%) #######
[17:06:50]       转换为numpy                    0.000s (  0.0%)
[17:06:50]       ─────────────────────────────────────────────
[17:06:50]       总计                          0.049s
[17:06:50]     └─ 获取透视表: 0.000s
[17:06:50]     └─ 转换为numpy: 0.000s
[17:06:50]     └─ IC计算: 0.111s
[17:06:50] 
  [图表] [calculate_ic(spearman)] 耗时汇总:
[17:06:50]       IC计算                        0.111s ( 96.5%) ###################
[17:06:50]       获取透视表                       0.000s (  0.0%)
[17:06:50]       转换为numpy                    0.000s (  0.0%)
[17:06:50]       ─────────────────────────────────────────────
[17:06:50]       总计                          0.115s
[17:06:50]     └─ 获取透视表: 0.000s
[17:06:50]     └─ 按年度计算: 0.022s
[17:06:50] 
  [图表] [yearly_analysis] 耗时汇总:
[17:06:50]       按年度计算                       0.022s ( 88.5%) #################
[17:06:50]       获取透视表                       0.000s (  0.0%)
[17:06:50]       ─────────────────────────────────────────────
[17:06:50]       总计                          0.025s
[17:06:50]     计算IC统计指标...
[17:06:50]     [OK] IC统计指标完成 (0.0s)
[17:06:50]     计算IC衰减 (10个滞后期)...
[17:06:50]     [TIME]️ 计算IC衰减 (max_lag=10)...
[17:06:50]       IC计算完成, 耗时: 0.083s
[17:06:50]     [TIME]️ IC衰减总计: 0.088s
[17:06:50]     [OK] IC衰减完成 (0.1s)
[17:06:50]     计算IC分布...
[17:06:50]     [OK] IC分布完成 (0.0s)
[17:06:50]     计算累计IC...
[17:06:50]     [OK] 累计IC完成 (0.0s)
[17:06:50]     计算IC自相关...
[17:06:50]     [OK] IC自相关完成 (0.0s)
[17:06:50] [基准数据] 开始加载: 000300.SH, 2018-01-02 ~ 2025-12-01
[17:06:50] ✅ 从 MySQL 加载基准数据成功: 000300.SH, 1920 条
[14:54:00] 
============================================================
[14:54:00] 使用数据库因子回测: annual_turnover
[14:54:00] 日期范围: 2018-09-02 ~ 2025-08-01
[14:54:00] [因子连接方式] 优先 DuckDB 本地Parquet: liquidity_factors.parquet
[14:54:00] ============================================================
[14:54:04] [DuckDB] 本地读取成功: annual_turnover, 6334312 条 (liquidity_factors.parquet)
[14:54:04]     [因子连接方式] DuckDB读取本地Parquet
[14:54:04]     [TIME]️ 查询因子(duckdb_parquet): 3.952s
[14:54:05]     因子数据日期范围: 2018-09-03 ~ 2025-08-01
[14:54:05]     涉及股票数量: 5600
[14:54:05]     [FILE] 首次加载开盘价数据...
[14:54:05]     ✅ 开盘价数据加载完成: 167600 条
[14:54:05]     [TIME]️ 加载开盘价: 0.121s (过滤后 167600 条)
[14:54:07]     [TIME]️ 合并数据: 1.820s
[14:54:07] ✅ 从数据库加载因子 annual_turnover: 137737 条记录, 100 只股票 (使用开盘价)
[14:54:07]   [TIME]️ 加载耗时明细:
[14:54:07]      查询因子: 3.952s
[14:54:07]      加载价格: 0.121s
[14:54:07]      合并数据: 1.820s
[14:54:07]      清理: 0.002s
[14:54:07]      总计: 5.895s
[14:54:07] DEBUG: 输入数据行数 137537
[14:54:07] DEBUG: 因子列空值数 0
[14:54:07] 
开始因子分组回测 (截面模式-矩阵优化)...
[14:54:07]   分组数量: 5
[14:54:07]   加权方式: equal
[14:54:07]     └─ 构建矩阵: 0.074s
[14:54:07]     └─ 截面分组(向量化): 0.016s
[14:54:07]     └─ 权重计算(矩阵): 0.003s
[14:54:07]     └─ 收益计算(矩阵): 0.029s
[14:54:07]     └─ 统计指标计算: 0.008s
[14:54:07]     └─ 净值曲线计算: 0.001s
[14:54:07] 
  [图表] [回测引擎] 耗时汇总:
[14:54:07]       构建矩阵                        0.074s ( 51.5%) ##########
[14:54:07]       收益计算(矩阵)                    0.029s ( 19.9%) ###
[14:54:07]       截面分组(向量化)                   0.016s ( 10.8%) ##
[14:54:07]       统计指标计算                      0.008s (  5.3%) #
[14:54:07]       权重计算(矩阵)                    0.003s (  2.1%)
[14:54:07]       净值曲线计算                      0.001s (  0.7%)
[14:54:07]       (其他)                        0.014s (  9.7%)
[14:54:07]       ─────────────────────────────────────────────
[14:54:07]       总计                          0.145s
[14:54:07] [OK] 回测完成！
[14:54:07]   因子分析数据采样: 1676 个交易日 -> 800 个 (加速计算)
[14:54:07]     [TIME] 创建透视表...
[14:54:07]       透视表完成: (798, 100), 耗时: 0.093s
[14:54:07]     └─ 获取透视表: 0.096s
[14:54:07]     └─ 转换为numpy: 0.000s
[14:54:07]     └─ IC计算: 0.065s
[14:54:07] 
  [图表] [calculate_ic(pearson)] 耗时汇总:
[14:54:07]       获取透视表                       0.096s ( 57.4%) ###########
[14:54:07]       IC计算                        0.065s ( 38.9%) #######
[14:54:07]       转换为numpy                    0.000s (  0.0%)
[14:54:07]       ─────────────────────────────────────────────
[14:54:07]       总计                          0.168s
[14:54:07]     └─ 获取透视表: 0.000s
[14:54:07]     └─ 转换为numpy: 0.000s
[14:54:08]     └─ IC计算: 0.409s
[14:54:08] 
  [图表] [calculate_ic(spearman)] 耗时汇总:
[14:54:08]       IC计算                        0.409s ( 99.0%) ###################
[14:54:08]       获取透视表                       0.000s (  0.0%)
[14:54:08]       转换为numpy                    0.000s (  0.0%)
[14:54:08]       ─────────────────────────────────────────────
[14:54:08]       总计                          0.413s
[14:54:08]     └─ 获取透视表: 0.000s
[14:54:08]     └─ 按年度计算: 0.050s
[14:54:08] 
  [图表] [yearly_analysis] 耗时汇总:
[14:54:08]       按年度计算                       0.050s ( 96.0%) ###################
[14:54:08]       获取透视表                       0.000s (  0.0%)
[14:54:08]       ─────────────────────────────────────────────
[14:54:08]       总计                          0.052s
[14:54:08]     计算IC统计指标...
[14:54:08]     [OK] IC统计指标完成 (0.0s)
[14:54:08]     计算IC衰减 (10个滞后期)...
[14:54:08]     [TIME]️ 计算IC衰减 (max_lag=10)...
[14:54:08]       IC计算完成, 耗时: 0.160s
[14:54:08]     [TIME]️ IC衰减总计: 0.163s
[14:54:08]     [OK] IC衰减完成 (0.2s)
[14:54:08]     计算IC分布...
[14:54:08]     [OK] IC分布完成 (0.0s)
[14:54:08]     计算累计IC...
[14:54:08]     [OK] 累计IC完成 (0.0s)
[14:54:08]     计算IC自相关...
[14:54:08]     [OK] IC自相关完成 (0.0s)
[14:54:08] [基准数据] 开始加载: 000300.SH, 2018-09-02 ~ 2025-08-01
[14:54:08] ✅ 从 MySQL 加载基准数据成功: 000300.SH, 1676 条
[14:54:08] [OK] 回测完成，耗时: 7.83 秒
[14:54:45] ✅ CSV 因子加载 (开盘价): 26269 条, 99 只股票
[14:54:45] DEBUG: 输入数据行数 26071
[14:54:45] DEBUG: 因子列空值数 0
[14:54:45] 
开始因子分组回测 (截面模式-矩阵优化)...
[14:54:45]   分组数量: 5
[14:54:45]   加权方式: equal
[14:54:45]     └─ 构建矩阵: 0.010s
[14:54:45]     └─ 截面分组(向量化): 0.002s
[14:54:45]     └─ 权重计算(矩阵): 0.000s
[14:54:45]     └─ 收益计算(矩阵): 0.003s
[14:54:45]     └─ 统计指标计算: 0.004s
[14:54:45]     └─ 净值曲线计算: 0.001s
[14:54:45] 
  [图表] [回测引擎] 耗时汇总:
[14:54:45]       构建矩阵                        0.010s ( 33.1%) ######
[14:54:45]       统计指标计算                      0.004s ( 13.6%) ##
[14:54:45]       收益计算(矩阵)                    0.003s ( 10.2%) ##
[14:54:45]       截面分组(向量化)                   0.002s (  6.8%) #
[14:54:45]       净值曲线计算                      0.001s (  4.9%)
[14:54:45]       权重计算(矩阵)                    0.000s (  0.0%)
[14:54:45]       ─────────────────────────────────────────────
[14:54:45]       总计                          0.029s
[14:54:45] [OK] 回测完成！
[14:54:45] [OK] Already cached: 26269 records, date: 2018-09-02 ~ 2025-08-01
[14:54:45]     [TIME] 创建透视表...
[14:54:45]       透视表完成: (266, 99), 耗时: 0.036s
[14:54:45]     └─ 获取透视表: 0.038s
[14:54:45]     └─ 转换为numpy: 0.000s
[14:54:45]     └─ IC计算: 0.023s
[14:54:45] 
  [图表] [calculate_ic(pearson)] 耗时汇总:
[14:54:45]       获取透视表                       0.038s ( 57.9%) ###########
[14:54:45]       IC计算                        0.023s ( 35.3%) #######
[14:54:45]       转换为numpy                    0.000s (  0.0%)
[14:54:45]       ─────────────────────────────────────────────
[14:54:45]       总计                          0.065s
[14:54:45]     └─ 获取透视表: 0.000s
[14:54:45]     └─ 转换为numpy: 0.000s
[14:54:45]     └─ IC计算: 0.167s
[14:54:45] 
  [图表] [calculate_ic(spearman)] 耗时汇总:
[14:54:45]       IC计算                        0.167s ( 98.2%) ###################
[14:54:45]       获取透视表                       0.000s (  0.0%)
[14:54:45]       转换为numpy                    0.000s (  0.0%)
[14:54:45]       ─────────────────────────────────────────────
[14:54:45]       总计                          0.170s
[14:54:45]     └─ 获取透视表: 0.000s
[14:54:45]     └─ 按年度计算: 0.030s
[14:54:45] 
  [图表] [yearly_analysis] 耗时汇总:
[14:54:45]       按年度计算                       0.030s ( 90.9%) ##################
[14:54:45]       获取透视表                       0.000s (  0.0%)
[14:54:45]       ─────────────────────────────────────────────
[14:54:45]       总计                          0.034s
[14:54:45]     计算IC统计指标...
[14:54:45]     [OK] IC统计指标完成 (0.0s)
[14:54:45]     计算IC衰减 (10个滞后期)...
[14:54:45]     [TIME]️ 计算IC衰减 (max_lag=10)...
[14:54:45]       IC计算完成, 耗时: 0.079s
[14:54:45]     [TIME]️ IC衰减总计: 0.081s
[14:54:45]     [OK] IC衰减完成 (0.1s)
[14:54:45]     计算IC分布...
[14:54:45]     [OK] IC分布完成 (0.0s)
[14:54:45]     计算累计IC...
[14:54:45]     [OK] 累计IC完成 (0.0s)
[14:54:45]     计算IC自相关...
[14:54:45]     [OK] IC自相关完成 (0.0s)
[14:54:45] [基准数据] 开始加载: 000300.SH, 2018-09-02 ~ 2025-08-01
[14:54:45] ✅ 从 MySQL 加载基准数据成功: 000300.SH, 1676 条
[14:59:13] 
============================================================
[14:59:13] 使用数据库因子回测: DividendYield
[14:59:13] 日期范围: 2019-01-02 ~ 2024-12-01
[14:59:13] [因子连接方式] 优先 DuckDB 本地Parquet: dividend_factors.parquet
[14:59:13] ============================================================
[14:59:15] [DuckDB] 本地读取成功: DividendYield, 4160357 条 (dividend_factors.parquet)
[14:59:15]     [因子连接方式] DuckDB读取本地Parquet
[14:59:15]     [TIME]️ 查询因子(duckdb_parquet): 1.558s
[14:59:15]     因子数据日期范围: 2019-01-02 ~ 2024-11-29
[14:59:15]     涉及股票数量: 5431
[14:59:15]     [FILE] 首次加载开盘价数据...
[14:59:15]     ✅ 开盘价数据加载完成: 139098 条
[14:59:15]     [TIME]️ 加载开盘价: 0.079s (过滤后 139098 条)
[14:59:16]     [TIME]️ 合并数据: 0.855s
[14:59:16] ✅ 从数据库加载因子 DividendYield: 80686 条记录, 97 只股票 (使用开盘价)
[14:59:16]   [TIME]️ 加载耗时明细:
[14:59:16]      查询因子: 1.558s
[14:59:16]      加载价格: 0.079s
[14:59:16]      合并数据: 0.855s
[14:59:16]      清理: 0.001s
[14:59:16]      总计: 2.492s
[14:59:16] [OK] Already cached: 80686 records, date: 2019-01-02 ~ 2024-12-01
[14:59:16] DEBUG: 输入数据行数 80492
[14:59:16] DEBUG: 因子列空值数 0
[14:59:16] 
开始因子分组回测 (截面模式-矩阵优化)...
[14:59:16]   分组数量: 5
[14:59:16]   加权方式: equal
[14:59:16]     └─ 构建矩阵: 0.019s
[14:59:16]     └─ 截面分组(向量化): 0.006s
[14:59:16]     └─ 权重计算(矩阵): 0.001s
[14:59:16]     └─ 收益计算(矩阵): 0.010s
[14:59:16]     └─ 统计指标计算: 0.003s
[14:59:16]     └─ 净值曲线计算: 0.001s
[14:59:16] 
  [图表] [回测引擎] 耗时汇总:
[14:59:16]       构建矩阵                        0.019s ( 39.5%) #######
[14:59:16]       收益计算(矩阵)                    0.010s ( 21.1%) ####
[14:59:16]       截面分组(向量化)                   0.006s ( 12.5%) ##
[14:59:16]       统计指标计算                      0.003s (  6.2%) #
[14:59:16]       权重计算(矩阵)                    0.001s (  2.1%)
[14:59:16]       净值曲线计算                      0.001s (  1.9%)
[14:59:16]       ─────────────────────────────────────────────
[14:59:16]       总计                          0.048s
[14:59:16] [OK] 回测完成！
[14:59:16]   因子分析数据采样: 1434 个交易日 -> 800 个 (加速计算)
[14:59:16]     [TIME] 创建透视表...
[14:59:16]       透视表完成: (798, 84), 耗时: 0.025s
[14:59:16]     └─ 获取透视表: 0.027s
[14:59:16]     └─ 转换为numpy: 0.000s
[14:59:16]     └─ IC计算: 0.039s
[14:59:16] 
  [图表] [calculate_ic(pearson)] 耗时汇总:
[14:59:16]       IC计算                        0.039s ( 57.5%) ###########
[14:59:16]       获取透视表                       0.027s ( 39.6%) #######
[14:59:16]       转换为numpy                    0.000s (  0.0%)
[14:59:16]       ─────────────────────────────────────────────
[14:59:16]       总计                          0.068s
[14:59:16]     └─ 获取透视表: 0.000s
[14:59:16]     └─ 转换为numpy: 0.000s
[14:59:17]     └─ IC计算: 0.243s
[14:59:17] 
  [图表] [calculate_ic(spearman)] 耗时汇总:
[14:59:17]       IC计算                        0.243s ( 99.2%) ###################
[14:59:17]       获取透视表                       0.000s (  0.0%)
[14:59:17]       转换为numpy                    0.000s (  0.0%)
[14:59:17]       ─────────────────────────────────────────────
[14:59:17]       总计                          0.245s
[14:59:17]     └─ 获取透视表: 0.000s
[14:59:17]     └─ 按年度计算: 0.021s
[14:59:17] 
  [图表] [yearly_analysis] 耗时汇总:
[14:59:17]       按年度计算                       0.021s ( 91.3%) ##################
[14:59:17]       获取透视表                       0.000s (  0.0%)
[14:59:17]       ─────────────────────────────────────────────
[14:59:17]       总计                          0.023s
[14:59:17]     计算IC统计指标...
[14:59:17]     [OK] IC统计指标完成 (0.0s)
[14:59:17]     计算IC衰减 (10个滞后期)...
[14:59:17]     [TIME]️ 计算IC衰减 (max_lag=10)...
[14:59:17]       IC计算完成, 耗时: 0.068s
[14:59:17]     [TIME]️ IC衰减总计: 0.070s
[14:59:17]     [OK] IC衰减完成 (0.1s)
[14:59:17]     计算IC分布...
[14:59:17]     [OK] IC分布完成 (0.0s)
[14:59:17]     计算累计IC...
[14:59:17]     [OK] 累计IC完成 (0.0s)
[14:59:17]     计算IC自相关...
[14:59:17]     [OK] IC自相关完成 (0.0s)
[14:59:17] [基准数据] 开始加载: 000300.SH, 2019-01-02 ~ 2024-12-01
[14:59:17] ✅ 从 MySQL 加载基准数据成功: 000300.SH, 1434 条
[14:59:17] [OK] 回测完成，耗时: 3.34 秒
[15:30:11] 
============================================================
[15:30:11] 使用数据库因子回测: DividendYield
[15:30:11] 日期范围: 2022-01-02 ~ 2025-08-01
[15:30:11] [因子连接方式] 优先 DuckDB 本地Parquet: dividend_factors.parquet
[15:30:11] ============================================================
[15:30:14] [DuckDB] 本地读取成功: DividendYield, 2965886 条 (dividend_factors.parquet)
[15:30:14]     [因子连接方式] DuckDB读取本地Parquet
[15:30:14]     [TIME]️ 查询因子(duckdb_parquet): 3.447s
[15:30:15]     因子数据日期范围: 2022-01-04 ~ 2025-08-01
[15:30:15]     涉及股票数量: 5429
[15:30:15]     [FILE] 首次加载开盘价数据...
[15:30:15]     ✅ 开盘价数据加载完成: 81498 条
[15:30:15]     [TIME]️ 加载开盘价: 0.212s (过滤后 81498 条)
[15:30:16]     [TIME]️ 合并数据: 1.464s
[15:30:16] ✅ 从数据库加载因子 DividendYield: 45290 条记录, 94 只股票 (使用开盘价)
[15:30:16]   [TIME]️ 加载耗时明细:
[15:30:16]      查询因子: 3.447s
[15:30:16]      加载价格: 0.212s
[15:30:16]      合并数据: 1.464s
[15:30:16]      清理: 0.002s
[15:30:16]      总计: 5.126s
[15:30:16] [OK] Already cached: 45290 records, date: 2022-01-02 ~ 2025-08-01
[15:30:16] DEBUG: 输入数据行数 45102
[15:30:16] DEBUG: 因子列空值数 0
[15:30:16] 
开始因子分组回测 (截面模式-矩阵优化)...
[15:30:16]   分组数量: 5
[15:30:16]   加权方式: equal
[15:30:17]     └─ 构建矩阵: 0.035s
[15:30:17]     └─ 截面分组(向量化): 0.011s
[15:30:17]     └─ 权重计算(矩阵): 0.002s
[15:30:17]     └─ 收益计算(矩阵): 0.018s
[15:30:17]     └─ 统计指标计算: 0.009s
[15:30:17]     └─ 净值曲线计算: 0.003s
[15:30:17] 
  [图表] [回测引擎] 耗时汇总:
[15:30:17]       构建矩阵                        0.035s ( 36.6%) #######
[15:30:17]       收益计算(矩阵)                    0.018s ( 18.8%) ###
[15:30:17]       截面分组(向量化)                   0.011s ( 11.5%) ##
[15:30:17]       统计指标计算                      0.009s (  9.8%) #
[15:30:17]       净值曲线计算                      0.003s (  3.1%)
[15:30:17]       权重计算(矩阵)                    0.002s (  2.1%)
[15:30:17]       (其他)                        0.017s ( 18.1%)
[15:30:17]       ─────────────────────────────────────────────
[15:30:17]       总计                          0.096s
[15:30:17] [OK] 回测完成！
[15:30:17]   因子分析数据采样: 867 个交易日 -> 800 个 (加速计算)
[15:30:17]     [TIME] 创建透视表...
[15:30:17]       透视表完成: (798, 94), 耗时: 0.089s
[15:30:17]     └─ 获取透视表: 0.093s
[15:30:17]     └─ 转换为numpy: 0.000s
[15:30:17]     └─ IC计算: 0.134s
[15:30:17] 
  [图表] [calculate_ic(pearson)] 耗时汇总:
[15:30:17]       IC计算                        0.134s ( 57.6%) ###########
[15:30:17]       获取透视表                       0.093s ( 39.8%) #######
[15:30:17]       转换为numpy                    0.000s (  0.0%)
[15:30:17]       ─────────────────────────────────────────────
[15:30:17]       总计                          0.233s
[15:30:17]     └─ 获取透视表: 0.000s
[15:30:17]     └─ 转换为numpy: 0.000s
[15:30:18]     └─ IC计算: 0.814s
[15:30:18] 
  [图表] [calculate_ic(spearman)] 耗时汇总:
[15:30:18]       IC计算                        0.814s ( 99.3%) ###################
[15:30:18]       获取透视表                       0.000s (  0.0%)
[15:30:18]       转换为numpy                    0.000s (  0.0%)
[15:30:18]       ─────────────────────────────────────────────
[15:30:18]       总计                          0.820s
[15:30:18]     └─ 获取透视表: 0.000s
[15:30:18]     └─ 按年度计算: 0.049s
[15:30:18] 
  [图表] [yearly_analysis] 耗时汇总:
[15:30:18]       按年度计算                       0.049s ( 98.0%) ###################
[15:30:18]       获取透视表                       0.000s (  0.0%)
[15:30:18]       ─────────────────────────────────────────────
[15:30:18]       总计                          0.050s
[15:30:18]     计算IC统计指标...
[15:30:18]     [OK] IC统计指标完成 (0.0s)
[15:30:18]     计算IC衰减 (10个滞后期)...
[15:30:18]     [TIME]️ 计算IC衰减 (max_lag=10)...
[15:30:18]       IC计算完成, 耗时: 0.228s
[15:30:18]     [TIME]️ IC衰减总计: 0.234s
[15:30:18]     [OK] IC衰减完成 (0.2s)
[15:30:18]     计算IC分布...
[15:30:18]     [OK] IC分布完成 (0.0s)
[15:30:18]     计算累计IC...
[15:30:18]     [OK] 累计IC完成 (0.0s)
[15:30:18]     计算IC自相关...
[15:30:18]     [OK] IC自相关完成 (0.0s)
[15:30:18] [基准数据] 开始加载: 000300.SH, 2022-01-02 ~ 2025-08-01
[15:30:18] ✅ 从 MySQL 加载基准数据成功: 000300.SH, 867 条
[15:30:19] [OK] 回测完成，耗时: 7.46 秒
[09:58:44]     计算IC统计指标...
[09:58:44]     [TIME] 创建透视表...
[09:58:44]       透视表完成: (0, 0), 耗时: 0.011s
[09:58:44]     └─ 获取透视表: 0.013s
[09:58:44]     └─ 转换为numpy: 0.000s
[09:58:44]     └─ IC计算: 0.000s
[09:58:44] 
  [图表] [calculate_ic(pearson)] 耗时汇总:
[09:58:44]       获取透视表                       0.013s ( 93.0%) ##################
[09:58:44]       转换为numpy                    0.000s (  0.0%)
[09:58:44]       IC计算                        0.000s (  0.0%)
[09:58:44]       ─────────────────────────────────────────────
[09:58:44]       总计                          0.014s
[09:58:44]     └─ 获取透视表: 0.000s
[09:58:44]     └─ 转换为numpy: 0.000s
[09:58:44]     └─ IC计算: 0.000s
[09:58:45] 
  [图表] [calculate_ic(spearman)] 耗时汇总:
[09:58:45]       获取透视表                       0.000s (  0.0%)
[09:58:45]       转换为numpy                    0.000s (  0.0%)
[09:58:45]       IC计算                        0.000s (  0.0%)
[09:58:45]       ─────────────────────────────────────────────
[09:58:45]       总计                          0.007s
[09:58:45]     [OK] IC统计指标完成 (0.0s)
[09:58:45]     计算IC衰减 (10个滞后期)...
[09:58:45]     [TIME]️ 计算IC衰减 (max_lag=10)...
[09:58:45]       IC计算完成, 耗时: 0.001s
[09:58:45]     [TIME]️ IC衰减总计: 0.002s
[09:58:45]     [OK] IC衰减完成 (0.0s)
[09:58:45]     计算IC分布...
[09:58:45]     计算IC统计指标...
[09:58:45]     [OK] IC分布完成 (0.0s)
[09:58:45]     [TIME] 创建透视表...
[09:58:45]     计算累计IC...
[09:58:45]     [OK] 累计IC完成 (0.0s)
[09:58:45]     计算IC自相关...
[09:58:45]       透视表完成: (0, 0), 耗时: 0.009s
[09:58:45]     [OK] IC自相关完成 (0.0s)
[09:58:45]     └─ 获取透视表: 0.011s
[09:58:45]     └─ 获取透视表: 0.000s
[09:58:45]     └─ 转换为numpy: 0.000s
[09:58:45]     └─ 按年度计算: 0.000s
[09:58:45]     └─ IC计算: 0.000s
[09:58:45] 
  [图表] [yearly_analysis] 耗时汇总:
[09:58:45] 
  [图表] [calculate_ic(pearson)] 耗时汇总:
[09:58:45]       获取透视表                       0.011s ( 84.9%) ################
[09:58:45]       获取透视表                       0.000s (  0.0%)
[09:58:45]       转换为numpy                    0.000s (  0.0%)
[09:58:45]       按年度计算                       0.000s (  0.0%)
[09:58:45]       IC计算                        0.000s (  0.0%)
[09:58:45]       ─────────────────────────────────────────────
[09:58:45]       ─────────────────────────────────────────────
[09:58:45]       总计                          0.002s
[09:58:45]       总计                          0.013s
[09:58:45]     └─ 获取透视表: 0.000s
[09:58:45]     └─ 转换为numpy: 0.000s
[09:58:45]     └─ IC计算: 0.000s
[09:58:45] 
  [图表] [calculate_ic(spearman)] 耗时汇总:
[09:58:45]       获取透视表                       0.000s (  0.0%)
[09:58:45]       转换为numpy                    0.000s (  0.0%)
[09:58:45]       IC计算                        0.000s (  0.0%)
[09:58:45]       ─────────────────────────────────────────────
[09:58:45]       总计                          0.002s
[09:58:45]     [OK] IC统计指标完成 (0.0s)
[09:58:45]     计算IC衰减 (10个滞后期)...
[09:58:45] 
开始因子分组回测 (截面模式-矩阵优化)...
[09:58:45]     [TIME]️ 计算IC衰减 (max_lag=10)...
[09:58:45]   分组数量: 5
[09:58:45]       IC计算完成, 耗时: 0.000s
[09:58:45]   加权方式: equal
[09:58:45]     [TIME]️ IC衰减总计: 0.002s
[09:58:45]     [OK] IC衰减完成 (0.0s)
[09:58:45]     计算IC分布...
[09:58:45]     [OK] IC分布完成 (0.0s)
[09:58:45]     计算累计IC...
[09:58:45]     [OK] 累计IC完成 (0.0s)
[09:58:45]     计算IC自相关...
[09:58:45]     [OK] IC自相关完成 (0.0s)
[09:58:45]     └─ 获取透视表: 0.000s
[09:58:45]     └─ 按年度计算: 0.000s
[09:58:45] 
  [图表] [yearly_analysis] 耗时汇总:
[09:58:45]       获取透视表                       0.000s (  0.0%)
[09:58:45]       按年度计算                       0.000s (  0.0%)
[09:58:45]       ─────────────────────────────────────────────
[09:58:45]       总计                          0.001s
[09:58:45] 
开始因子分组回测 (截面模式-矩阵优化)...
[09:58:45]   分组数量: 5
[09:58:45]   加权方式: equal
[10:02:46]     计算IC统计指标...
[10:02:46]     [TIME] 创建透视表...
[10:02:46]       透视表完成: (0, 0), 耗时: 0.019s
[10:02:46]     └─ 获取透视表: 0.021s
[10:02:46]     └─ 转换为numpy: 0.001s
[10:02:46]     └─ IC计算: 0.001s
[10:02:46] 
  [图表] [calculate_ic(pearson)] 耗时汇总:
[10:02:46]       获取透视表                       0.021s ( 84.4%) ################
[10:02:46]       转换为numpy                    0.001s (  4.5%)
[10:02:46]       IC计算                        0.001s (  3.6%)
[10:02:46]       ─────────────────────────────────────────────
[10:02:46]       总计                          0.025s
[10:02:46]     └─ 获取透视表: 0.000s
[10:02:46]     └─ 转换为numpy: 0.000s
[10:02:46]     └─ IC计算: 0.000s
[10:02:46] 
  [图表] [calculate_ic(spearman)] 耗时汇总:
[10:02:46]       获取透视表                       0.000s (  0.0%)
[10:02:46]       转换为numpy                    0.000s (  0.0%)
[10:02:46]       IC计算                        0.000s (  0.0%)
[10:02:46]       ─────────────────────────────────────────────
[10:02:46]       总计                          0.003s
[10:02:46]     [OK] IC统计指标完成 (0.0s)
[10:02:46]     计算IC衰减 (10个滞后期)...
[10:02:46]     [TIME]️ 计算IC衰减 (max_lag=10)...
[10:02:46]       IC计算完成, 耗时: 0.001s
[10:02:46]     计算IC统计指标...
[10:02:46]     [TIME]️ IC衰减总计: 0.009s
[10:02:46]     [TIME] 创建透视表...
[10:02:46]     [OK] IC衰减完成 (0.0s)
[10:02:46]     计算IC分布...
[10:02:46]     [OK] IC分布完成 (0.0s)
[10:02:46]     计算累计IC...
[10:02:46]       透视表完成: (0, 0), 耗时: 0.013s
[10:02:46]     [OK] 累计IC完成 (0.0s)
[10:02:46]     └─ 获取透视表: 0.016s
[10:02:46]     计算IC自相关...
[10:02:46]     └─ 转换为numpy: 0.000s
[10:02:46]     [OK] IC自相关完成 (0.0s)
[10:02:46]     └─ IC计算: 0.000s
[10:02:46]     └─ 获取透视表: 0.000s
[10:02:46] 
  [图表] [calculate_ic(pearson)] 耗时汇总:
[10:02:46]     └─ 按年度计算: 0.000s
[10:02:46]       获取透视表                       0.016s ( 76.4%) ###############
[10:02:46]       转换为numpy                    0.000s (  0.0%)
[10:02:46] 
  [图表] [yearly_analysis] 耗时汇总:
[10:02:46]       IC计算                        0.000s (  0.0%)
[10:02:46]       ─────────────────────────────────────────────
[10:02:46]       总计                          0.021s
[10:02:46]       获取透视表                       0.000s (  0.0%)
[10:02:46]       按年度计算                       0.000s (  0.0%)
[10:02:46]     └─ 获取透视表: 0.000s
[10:02:46]       ─────────────────────────────────────────────
[10:02:46]     └─ 转换为numpy: 0.000s
[10:02:46]       总计                          0.003s
[10:02:46]     └─ IC计算: 0.001s
[10:02:46] 
  [图表] [calculate_ic(spearman)] 耗时汇总:
[10:02:46]       IC计算                        0.001s ( 16.4%) ###
[10:02:46]       获取透视表                       0.000s (  0.0%)
[10:02:46]       转换为numpy                    0.000s (  0.0%)
[10:02:46]       ─────────────────────────────────────────────
[10:02:46]       总计                          0.006s
[10:02:46]     [OK] IC统计指标完成 (0.0s)
[10:02:46]     计算IC衰减 (10个滞后期)...
[10:02:46]     [TIME]️ 计算IC衰减 (max_lag=10)...
[10:02:46]       IC计算完成, 耗时: 0.001s
[10:02:46] 
开始因子分组回测 (截面模式-矩阵优化)...
[10:02:46]     [TIME]️ IC衰减总计: 0.005s
[10:02:46]   分组数量: 5
[10:02:46]     [OK] IC衰减完成 (0.0s)
[10:02:46]   加权方式: equal
[10:02:46]     计算IC分布...
[10:02:46]     [OK] IC分布完成 (0.0s)
[10:02:46]     计算累计IC...
[10:02:46]     [OK] 累计IC完成 (0.0s)
[10:02:46]     计算IC自相关...
[10:02:46]     [OK] IC自相关完成 (0.0s)
[10:02:46]     └─ 获取透视表: 0.000s
[10:02:46]     └─ 按年度计算: 0.000s
[10:02:46] 
  [图表] [yearly_analysis] 耗时汇总:
[10:02:46]       获取透视表                       0.000s (  0.0%)
[10:02:46]       按年度计算                       0.000s (  0.0%)
[10:02:46]       ─────────────────────────────────────────────
[10:02:46]       总计                          0.001s
[10:02:46] 
开始因子分组回测 (截面模式-矩阵优化)...
[10:02:46]   分组数量: 5
[10:02:46]   加权方式: equal
[10:03:31]     计算IC统计指标...
[10:03:31]     [TIME] 创建透视表...
[10:03:31]       透视表完成: (0, 0), 耗时: 0.023s
[10:03:31]     └─ 获取透视表: 0.027s
[10:03:31]     └─ 转换为numpy: 0.000s
[10:03:31]     └─ IC计算: 0.000s
[10:03:31]     计算IC统计指标...
[10:03:31] 
  [图表] [calculate_ic(pearson)] 耗时汇总:
[10:03:31]       获取透视表                       0.027s ( 78.2%) ###############
[10:03:31]     [TIME] 创建透视表...
[10:03:31]       转换为numpy                    0.000s (  0.0%)
[10:03:31]       IC计算                        0.000s (  0.0%)
[10:03:31]       ─────────────────────────────────────────────
[10:03:31]       总计                          0.034s
[10:03:31]       透视表完成: (0, 0), 耗时: 0.018s
[10:03:31]     └─ 获取透视表: 0.000s
[10:03:31]     └─ 获取透视表: 0.022s
[10:03:31]     └─ 转换为numpy: 0.000s
[10:03:31]     └─ 转换为numpy: 0.000s
[10:03:31]     └─ IC计算: 0.000s
[10:03:31]     └─ IC计算: 0.000s
[10:03:31] 
  [图表] [calculate_ic(spearman)] 耗时汇总:
[10:03:31] 
  [图表] [calculate_ic(pearson)] 耗时汇总:
[10:03:31]       获取透视表                       0.022s ( 84.6%) ################
[10:03:31]       获取透视表                       0.000s (  0.0%)
[10:03:31]       转换为numpy                    0.000s (  0.0%)
[10:03:31]       转换为numpy                    0.000s (  0.0%)
[10:03:31]       IC计算                        0.000s (  0.0%)
[10:03:31]       IC计算                        0.000s (  0.0%)
[10:03:31]       ─────────────────────────────────────────────
[10:03:31]       ─────────────────────────────────────────────
[10:03:31]       总计                          0.026s
[10:03:31]       总计                          0.004s
[10:03:31]     └─ 获取透视表: 0.000s
[10:03:31]     [OK] IC统计指标完成 (0.1s)
[10:03:31]     └─ 转换为numpy: 0.000s
[10:03:31]     计算IC衰减 (10个滞后期)...
[10:03:31]     [TIME]️ 计算IC衰减 (max_lag=10)...
[10:03:31]     └─ IC计算: 0.000s
[10:03:31]       IC计算完成, 耗时: 0.001s
[10:03:31] 
  [图表] [calculate_ic(spearman)] 耗时汇总:
[10:03:31]     [TIME]️ IC衰减总计: 0.002s
[10:03:31]       获取透视表                       0.000s (  0.0%)
[10:03:31]       转换为numpy                    0.000s (  0.0%)
[10:03:31]       IC计算                        0.000s (  0.0%)
[10:03:31]     [OK] IC衰减完成 (0.0s)
[10:03:31]       ─────────────────────────────────────────────
[10:03:31]       总计                          0.004s
[10:03:31]     计算IC分布...
[10:03:31]     [OK] IC统计指标完成 (0.0s)
[10:03:31]     [OK] IC分布完成 (0.0s)
[10:03:31]     计算IC衰减 (10个滞后期)...
[10:03:31]     计算累计IC...
[10:03:31]     [TIME]️ 计算IC衰减 (max_lag=10)...
[10:03:31]     [OK] 累计IC完成 (0.0s)
[10:03:31]     计算IC自相关...
[10:03:31]       IC计算完成, 耗时: 0.002s
[10:03:31]     [OK] IC自相关完成 (0.0s)
[10:03:31]     [TIME]️ IC衰减总计: 0.007s
[10:03:31]     └─ 获取透视表: 0.000s
[10:03:31]     [OK] IC衰减完成 (0.0s)
[10:03:31]     计算IC分布...
[10:03:31]     └─ 按年度计算: 0.000s
[10:03:31]     [OK] IC分布完成 (0.0s)
[10:03:31]     计算累计IC...
[10:03:31] 
  [图表] [yearly_analysis] 耗时汇总:
[10:03:31]     [OK] 累计IC完成 (0.0s)
[10:03:31]       获取透视表                       0.000s (  0.0%)
[10:03:31]       按年度计算                       0.000s (  0.0%)
[10:03:31]     计算IC自相关...
[10:03:31]       ─────────────────────────────────────────────
[10:03:31]       总计                          0.004s
[10:03:31]     [OK] IC自相关完成 (0.0s)
[10:03:31]     └─ 获取透视表: 0.000s
[10:03:31]     └─ 按年度计算: 0.000s
[10:03:31] 
  [图表] [yearly_analysis] 耗时汇总:
[10:03:31]       获取透视表                       0.000s (  0.0%)
[10:03:31]       按年度计算                       0.000s (  0.0%)
[10:03:31]       ─────────────────────────────────────────────
[10:03:31]       总计                          0.002s
[10:07:07]     计算IC统计指标...
[10:07:07]     计算IC统计指标...
[10:07:07]     [TIME] 创建透视表...
[10:07:07]     [TIME] 创建透视表...
[10:07:07]       透视表完成: (0, 0), 耗时: 0.016s
[10:07:07]     └─ 获取透视表: 0.022s
[10:07:07]       透视表完成: (0, 0), 耗时: 0.021s
[10:07:07]     └─ 转换为numpy: 0.000s
[10:07:07]     └─ 获取透视表: 0.030s
[10:07:07]     └─ IC计算: 0.001s
[10:07:07]     └─ 转换为numpy: 0.000s
[10:07:07]     └─ IC计算: 0.000s
[10:07:07] 
  [图表] [calculate_ic(pearson)] 耗时汇总:
[10:07:07] 
  [图表] [calculate_ic(pearson)] 耗时汇总:
[10:07:07]       获取透视表                       0.022s ( 71.4%) ##############
[10:07:07]       获取透视表                       0.030s ( 93.9%) ##################
[10:07:07]       IC计算                        0.001s (  2.9%)
[10:07:07]       转换为numpy                    0.000s (  0.0%)
[10:07:07]       转换为numpy                    0.000s (  0.0%)
[10:07:07]       ─────────────────────────────────────────────
[10:07:07]       IC计算                        0.000s (  0.0%)
[10:07:07]       ─────────────────────────────────────────────
[10:07:07]       总计                          0.031s
[10:07:07]       总计                          0.031s
[10:07:07]     └─ 获取透视表: 0.000s
[10:07:07]     └─ 获取透视表: 0.000s
[10:07:07]     └─ 转换为numpy: 0.000s
[10:07:07]     └─ 转换为numpy: 0.000s
[10:07:07]     └─ IC计算: 0.000s
[10:07:07]     └─ IC计算: 0.000s
[10:07:07] 
  [图表] [calculate_ic(spearman)] 耗时汇总:
[10:07:07]       获取透视表                       0.000s (  0.0%)
[10:07:07]       转换为numpy                    0.000s (  0.0%)
[10:07:07]       IC计算                        0.000s (  0.0%)
[10:07:07]       ─────────────────────────────────────────────
[10:07:07]       总计                          0.003s
[10:07:07] 
  [图表] [calculate_ic(spearman)] 耗时汇总:
[10:07:07]       获取透视表                       0.000s (  0.0%)
[10:07:07]     [OK] IC统计指标完成 (0.0s)
[10:07:07]       转换为numpy                    0.000s (  0.0%)
[10:07:07]     计算IC衰减 (10个滞后期)...
[10:07:07]       IC计算                        0.000s (  0.0%)
[10:07:07]     [TIME]️ 计算IC衰减 (max_lag=10)...
[10:07:07]       ─────────────────────────────────────────────
[10:07:07]       总计                          0.003s
[10:07:07]       IC计算完成, 耗时: 0.000s
[10:07:07]     [OK] IC统计指标完成 (0.1s)
[10:07:07]     [TIME]️ IC衰减总计: 0.003s
[10:07:07]     计算IC衰减 (10个滞后期)...
[10:07:07]     [OK] IC衰减完成 (0.0s)
[10:07:07]     [TIME]️ 计算IC衰减 (max_lag=10)...
[10:07:07]     计算IC分布...
[10:07:07]       IC计算完成, 耗时: 0.001s
[10:07:07]     [OK] IC分布完成 (0.0s)
[10:07:07]     计算累计IC...
[10:07:07]     [TIME]️ IC衰减总计: 0.004s
[10:07:07]     [OK] 累计IC完成 (0.0s)
[10:07:07]     [OK] IC衰减完成 (0.0s)
[10:07:07]     计算IC自相关...
[10:07:07]     计算IC分布...
[10:07:07]     [OK] IC自相关完成 (0.0s)
[10:07:07]     └─ 获取透视表: 0.000s
[10:07:07]     [OK] IC分布完成 (0.0s)
[10:07:07]     计算累计IC...
[10:07:07]     └─ 按年度计算: 0.000s
[10:07:07]     [OK] 累计IC完成 (0.0s)
[10:07:07]     计算IC自相关...
[10:07:07] 
  [图表] [yearly_analysis] 耗时汇总:
[10:07:07]     [OK] IC自相关完成 (0.0s)
[10:07:07]       获取透视表                       0.000s (  0.0%)
[10:07:07]     └─ 获取透视表: 0.000s
[10:07:07]       按年度计算                       0.000s (  0.0%)
[10:07:07]       ─────────────────────────────────────────────
[10:07:07]     └─ 按年度计算: 0.000s
[10:07:07]       总计                          0.004s
[10:07:07] 
  [图表] [yearly_analysis] 耗时汇总:
[10:07:07]       获取透视表                       0.000s (  0.0%)
[10:07:07]       按年度计算                       0.000s (  0.0%)
[10:07:07]       ─────────────────────────────────────────────
[10:07:07]       总计                          0.002s
[10:11:39]     计算IC统计指标...
[10:11:39]     [TIME] 创建透视表...
[10:11:39]     计算IC统计指标...
[10:11:39]     [TIME] 创建透视表...
[10:11:39]       透视表完成: (22, 4157), 耗时: 0.217s
[10:11:39]     └─ 获取透视表: 0.221s
[10:11:39]     └─ 转换为numpy: 0.000s
[10:11:39]     └─ IC计算: 0.020s
[10:11:39] 
  [图表] [calculate_ic(pearson)] 耗时汇总:
[10:11:39]       获取透视表                       0.221s ( 89.0%) #################
[10:11:39]       IC计算                        0.020s (  7.9%) #
[10:11:39]       转换为numpy                    0.000s (  0.0%)
[10:11:39]       ─────────────────────────────────────────────
[10:11:39]       总计                          0.248s
[10:11:39]     └─ 获取透视表: 0.000s
[10:11:39]     └─ 转换为numpy: 0.000s
[10:11:39]       透视表完成: (22, 4157), 耗时: 0.232s
[10:11:39]     └─ 获取透视表: 0.236s
[10:11:39]     └─ 转换为numpy: 0.000s
[10:11:39]     └─ IC计算: 0.022s
[10:11:39] 
  [图表] [calculate_ic(pearson)] 耗时汇总:
[10:11:39]       获取透视表                       0.236s ( 89.5%) #################
[10:11:39]       IC计算                        0.022s (  8.2%) #
[10:11:39]       转换为numpy                    0.000s (  0.0%)
[10:11:39]       ─────────────────────────────────────────────
[10:11:39]       总计                          0.264s
[10:11:39]     └─ 获取透视表: 0.000s
[10:11:39]     └─ 转换为numpy: 0.000s
[10:11:39]     └─ IC计算: 0.153s
[10:11:39] 
  [图表] [calculate_ic(spearman)] 耗时汇总:
[10:11:39]       IC计算                        0.153s ( 94.4%) ##################
[10:11:39]       获取透视表                       0.000s (  0.0%)
[10:11:39]       转换为numpy                    0.000s (  0.0%)
[10:11:39]       ─────────────────────────────────────────────
[10:11:39]       总计                          0.162s
[10:11:39]     [OK] IC统计指标完成 (0.4s)
[10:11:39]     计算IC衰减 (10个滞后期)...
[10:11:39]     [TIME]️ 计算IC衰减 (max_lag=10)...
[10:11:40]     └─ IC计算: 0.179s
[10:11:40] 
  [图表] [calculate_ic(spearman)] 耗时汇总:
[10:11:40]       IC计算                        0.179s ( 95.6%) ###################
[10:11:40]       获取透视表                       0.000s (  0.0%)
[10:11:40]       转换为numpy                    0.000s (  0.0%)
[10:11:40]       ─────────────────────────────────────────────
[10:11:40]       总计                          0.187s
[10:11:40]     [OK] IC统计指标完成 (0.5s)
[10:11:40]     计算IC衰减 (10个滞后期)...
[10:11:40]     [TIME]️ 计算IC衰减 (max_lag=10)...
[10:11:40]       IC计算完成, 耗时: 0.403s
[10:11:40]     [TIME]️ IC衰减总计: 0.410s
[10:11:40]     [OK] IC衰减完成 (0.4s)
[10:11:40]     计算IC分布...
[10:11:40]     [OK] IC分布完成 (0.0s)
[10:11:40]     计算累计IC...
[10:11:40]     [OK] 累计IC完成 (0.0s)
[10:11:40]     计算IC自相关...
[10:11:40]     [OK] IC自相关完成 (0.0s)
[10:11:40]     └─ 获取透视表: 0.000s
[10:11:40]       IC计算完成, 耗时: 0.411s
[10:11:40]     [TIME]️ IC衰减总计: 0.419s
[10:11:40]     [OK] IC衰减完成 (0.4s)
[10:11:40]     计算IC分布...
[10:11:40]     [OK] IC分布完成 (0.0s)
[10:11:40]     计算累计IC...
[10:11:40]     [OK] 累计IC完成 (0.0s)
[10:11:40]     计算IC自相关...
[10:11:40]     [OK] IC自相关完成 (0.0s)
[10:11:40]     └─ 按年度计算: 0.092s
[10:11:40]     └─ 获取透视表: 0.000s
[10:11:40] 
  [图表] [yearly_analysis] 耗时汇总:
[10:11:40]       按年度计算                       0.092s ( 92.9%) ##################
[10:11:40]       获取透视表                       0.000s (  0.0%)
[10:11:40]       ─────────────────────────────────────────────
[10:11:40]       总计                          0.099s
[10:11:40]     └─ 按年度计算: 0.053s
[10:11:40] 
  [图表] [yearly_analysis] 耗时汇总:
[10:11:40]       按年度计算                       0.053s ( 90.4%) ##################
[10:11:40]       获取透视表                       0.000s (  0.0%)
[10:11:40]       ─────────────────────────────────────────────
[10:11:40]       总计                          0.058s
[10:11:40] 
开始因子分组回测 (截面模式-矩阵优化)...
[10:11:40]   分组数量: 5
[10:11:40]   加权方式: equal
[10:11:40] 
开始因子分组回测 (截面模式-矩阵优化)...
[10:11:40]   分组数量: 5
[10:11:40]   加权方式: equal
[10:11:40]     └─ 构建矩阵: 0.034s
[10:11:40]     └─ 构建矩阵: 0.022s
[10:11:40]     └─ 截面分组(向量化): 0.017s
[10:11:40]     └─ 权重计算(矩阵): 0.002s
[10:11:40]     └─ 截面分组(向量化): 0.011s
[10:11:40]     └─ 权重计算(矩阵): 0.002s
[10:11:40]     └─ 收益计算(矩阵): 0.024s
[10:11:40]     └─ 收益计算(矩阵): 0.033s
[10:11:40]     └─ 统计指标计算: 0.014s
[10:11:40]     └─ 统计指标计算: 0.010s
[10:11:40]     └─ 净值曲线计算: 0.004s
[10:11:40]     └─ 净值曲线计算: 0.003s
[10:11:40] 
  [图表] [回测引擎] 耗时汇总:
[10:11:40] 
  [图表] [回测引擎] 耗时汇总:
[10:11:40]       构建矩阵                        0.034s ( 24.2%) ####
[10:11:40]       收益计算(矩阵)                    0.033s ( 27.5%) #####
[10:11:40]       收益计算(矩阵)                    0.024s ( 16.8%) ###
[10:11:40]       构建矩阵                        0.022s ( 18.6%) ###
[10:11:40]       截面分组(向量化)                   0.017s ( 12.1%) ##
[10:11:40]       截面分组(向量化)                   0.011s (  9.3%) #
[10:11:40]       统计指标计算                      0.014s ( 10.2%) ##
[10:11:40]       统计指标计算                      0.010s (  8.4%) #
[10:11:40]       净值曲线计算                      0.004s (  2.8%)
[10:11:40]       净值曲线计算                      0.003s (  2.5%)
[10:11:40]       权重计算(矩阵)                    0.002s (  1.4%)
[10:11:40]       权重计算(矩阵)                    0.002s (  1.7%)
[10:11:40]       (其他)                        0.046s ( 32.4%)
[10:11:40]       (其他)                        0.038s ( 31.9%)
[10:11:40]       ─────────────────────────────────────────────
[10:11:40]       ─────────────────────────────────────────────
[10:11:40]       总计                          0.141s
[10:11:40]       总计                          0.118s
[10:11:40] [OK] 回测完成！
[10:11:40] [OK] 回测完成！
[10:14:50]     计算IC统计指标...
[10:14:50]     [TIME] 创建透视表...
[10:14:50]     计算IC统计指标...
[10:14:50]     [TIME] 创建透视表...
[10:14:50]       透视表完成: (22, 4157), 耗时: 0.179s
[10:14:50]     └─ 获取透视表: 0.183s
[10:14:50]     └─ 转换为numpy: 0.000s
[10:14:50]     └─ IC计算: 0.013s
[10:14:50] 
  [图表] [calculate_ic(pearson)] 耗时汇总:
[10:14:50]       获取透视表                       0.183s ( 91.1%) ##################
[10:14:50]       IC计算                        0.013s (  6.5%) #
[10:14:50]       转换为numpy                    0.000s (  0.0%)
[10:14:50]       ─────────────────────────────────────────────
[10:14:50]       总计                          0.201s
[10:14:50]     └─ 获取透视表: 0.000s
[10:14:50]     └─ 转换为numpy: 0.000s
[10:14:50]     └─ IC计算: 0.129s
[10:14:50] 
  [图表] [calculate_ic(spearman)] 耗时汇总:
[10:14:50]       透视表完成: (22, 4157), 耗时: 0.228s
[10:14:50]       IC计算                        0.129s ( 92.1%) ##################
[10:14:50]     └─ 获取透视表: 0.232s
[10:14:50]       获取透视表                       0.000s (  0.0%)
[10:14:50]     └─ 转换为numpy: 0.000s
[10:14:50]       转换为numpy                    0.000s (  0.0%)
[10:14:50]       (其他)                        0.011s (  7.9%)
[10:14:50]       ─────────────────────────────────────────────
[10:14:50]       总计                          0.140s
[10:14:50]     [OK] IC统计指标完成 (0.4s)
[10:14:50]     计算IC衰减 (10个滞后期)...
[10:14:50]     [TIME]️ 计算IC衰减 (max_lag=10)...
[10:14:50]     └─ IC计算: 0.020s
[10:14:50] 
  [图表] [calculate_ic(pearson)] 耗时汇总:
[10:14:50]       获取透视表                       0.232s ( 88.2%) #################
[10:14:50]       IC计算                        0.020s (  7.6%) #
[10:14:50]       转换为numpy                    0.000s (  0.0%)
[10:14:50]       (其他)                        0.011s (  4.2%)
[10:14:50]       ─────────────────────────────────────────────
[10:14:50]       总计                          0.263s
[10:14:50]     └─ 获取透视表: 0.000s
[10:14:50]     └─ 转换为numpy: 0.000s
[10:14:50]     └─ IC计算: 0.218s
[10:14:50] 
  [图表] [calculate_ic(spearman)] 耗时汇总:
[10:14:50]       IC计算                        0.218s ( 97.3%) ###################
[10:14:50]       获取透视表                       0.000s (  0.0%)
[10:14:50]       转换为numpy                    0.000s (  0.0%)
[10:14:50]       ─────────────────────────────────────────────
[10:14:50]       总计                          0.224s
[10:14:50]     [OK] IC统计指标完成 (0.5s)
[10:14:50]     计算IC衰减 (10个滞后期)...
[10:14:50]     [TIME]️ 计算IC衰减 (max_lag=10)...
[10:14:50]       IC计算完成, 耗时: 0.306s
[10:14:50]     [TIME]️ IC衰减总计: 0.312s
[10:14:50]     [OK] IC衰减完成 (0.3s)
[10:14:50]     计算IC分布...
[10:14:50]     [OK] IC分布完成 (0.0s)
[10:14:50]     计算累计IC...
[10:14:50]     [OK] 累计IC完成 (0.0s)
[10:14:50]     计算IC自相关...
[10:14:51]     [OK] IC自相关完成 (0.0s)
[10:14:51]     └─ 获取透视表: 0.000s
[10:14:51]     └─ 按年度计算: 0.063s
[10:14:51] 
  [图表] [yearly_analysis] 耗时汇总:
[10:14:51]       按年度计算                       0.063s ( 85.2%) #################
[10:14:51]       获取透视表                       0.000s (  0.0%)
[10:14:51]       (其他)                        0.011s ( 14.8%)
[10:14:51]       ─────────────────────────────────────────────
[10:14:51]       总计                          0.074s
[10:14:51] 
开始因子分组回测 (截面模式-矩阵优化)...
[10:14:51]       IC计算完成, 耗时: 0.294s
[10:14:51]   分组数量: 5
[10:14:51]     [TIME]️ IC衰减总计: 0.301s
[10:14:51]   加权方式: equal
[10:14:51]     [OK] IC衰减完成 (0.3s)
[10:14:51]     计算IC分布...
[10:14:51]     [OK] IC分布完成 (0.0s)
[10:14:51]     计算累计IC...
[10:14:51]     [OK] 累计IC完成 (0.0s)
[10:14:51]     计算IC自相关...
[10:14:51]     [OK] IC自相关完成 (0.0s)
[10:14:51]     └─ 获取透视表: 0.000s
[10:14:51]     └─ 构建矩阵: 0.048s
[10:14:51]     └─ 截面分组(向量化): 0.014s
[10:14:51]     └─ 权重计算(矩阵): 0.001s
[10:14:51]     └─ 按年度计算: 0.048s
[10:14:51] 
  [图表] [yearly_analysis] 耗时汇总:
[10:14:51]       按年度计算                       0.048s ( 90.6%) ##################
[10:14:51]       获取透视表                       0.000s (  0.0%)
[10:14:51]       ─────────────────────────────────────────────
[10:14:51]       总计                          0.053s
[10:14:51]     └─ 收益计算(矩阵): 0.029s
[10:14:51]     └─ 统计指标计算: 0.010s
[10:14:51]     └─ 净值曲线计算: 0.002s
[10:14:51] 
  [图表] [回测引擎] 耗时汇总:
[10:14:51]       构建矩阵                        0.048s ( 33.9%) ######
[10:14:51]       收益计算(矩阵)                    0.029s ( 20.5%) ####
[10:14:51]       截面分组(向量化)                   0.014s (  9.9%) #
[10:14:51]       统计指标计算                      0.010s (  7.2%) #
[10:14:51]       净值曲线计算                      0.002s (  1.4%)
[10:14:51]       权重计算(矩阵)                    0.001s (  0.7%)
[10:14:51]       (其他)                        0.037s ( 26.3%)
[10:14:51]       ─────────────────────────────────────────────
[10:14:51]       总计                          0.141s
[10:14:51] [OK] 回测完成！
[10:14:51] 
开始因子分组回测 (截面模式-矩阵优化)...
[10:14:51]   分组数量: 5
[10:14:51]   加权方式: equal
[10:14:51]     └─ 构建矩阵: 0.021s
[10:14:51]     └─ 截面分组(向量化): 0.011s
[10:14:51]     └─ 权重计算(矩阵): 0.001s
[10:14:51]     └─ 收益计算(矩阵): 0.019s
[10:14:51]     └─ 统计指标计算: 0.011s
[10:14:51]     └─ 净值曲线计算: 0.004s
[10:14:51] 
  [图表] [回测引擎] 耗时汇总:
[10:14:51]       构建矩阵                        0.021s ( 23.2%) ####
[10:14:51]       收益计算(矩阵)                    0.019s ( 21.2%) ####
[10:14:51]       统计指标计算                      0.011s ( 12.6%) ##
[10:14:51]       截面分组(向量化)                   0.011s ( 12.3%) ##
[10:14:51]       净值曲线计算                      0.004s (  4.4%)
[10:14:51]       权重计算(矩阵)                    0.001s (  1.1%)
[10:14:51]       (其他)                        0.023s ( 25.2%)
[10:14:51]       ─────────────────────────────────────────────
[10:14:51]       总计                          0.090s
[10:14:51] [OK] 回测完成！
[10:21:20]     计算IC统计指标...
[10:21:20]     [TIME] 创建透视表...
[10:21:20]     计算IC统计指标...
[10:21:20]     [TIME] 创建透视表...
[10:21:20]       透视表完成: (1, 4122), 耗时: 0.068s
[10:21:20]     └─ 获取透视表: 0.073s
[10:21:20]     └─ 转换为numpy: 0.000s
[10:21:20]     └─ IC计算: 0.001s
[10:21:20] 
  [图表] [calculate_ic(pearson)] 耗时汇总:
[10:21:20]       获取透视表                       0.073s ( 82.8%) ################
[10:21:20]       IC计算                        0.001s (  1.2%)
[10:21:20]       转换为numpy                    0.000s (  0.0%)
[10:21:20]       (其他)                        0.014s ( 16.1%)
[10:21:20]       透视表完成: (1, 4122), 耗时: 0.064s
[10:21:20]       ─────────────────────────────────────────────
[10:21:20]     └─ 获取透视表: 0.073s
[10:21:20]       总计                          0.088s
[10:21:20]     └─ 转换为numpy: 0.000s
[10:21:20]     └─ 获取透视表: 0.000s
[10:21:20]     └─ IC计算: 0.001s
[10:21:20]     └─ 转换为numpy: 0.000s
[10:21:20] 
  [图表] [calculate_ic(pearson)] 耗时汇总:
[10:21:20]       获取透视表                       0.073s ( 87.8%) #################
[10:21:20]       IC计算                        0.001s (  1.2%)
[10:21:20]       转换为numpy                    0.000s (  0.0%)
[10:21:20]     └─ IC计算: 0.006s
[10:21:20]       ─────────────────────────────────────────────
[10:21:20] 
  [图表] [calculate_ic(spearman)] 耗时汇总:
[10:21:20]       总计                          0.083s
[10:21:20]       IC计算                        0.006s ( 40.6%) ########
[10:21:20]     └─ 获取透视表: 0.000s
[10:21:20]       获取透视表                       0.000s (  0.0%)
[10:21:20]     └─ 转换为numpy: 0.000s
[10:21:20]       转换为numpy                    0.000s (  0.0%)
[10:21:20]       ─────────────────────────────────────────────
[10:21:20]       总计                          0.015s
[10:21:20]     [OK] IC统计指标完成 (0.1s)
[10:21:20]     └─ IC计算: 0.006s
[10:21:20]     计算IC衰减 (10个滞后期)...
[10:21:20] 
  [图表] [calculate_ic(spearman)] 耗时汇总:
[10:21:20]     [TIME]️ 计算IC衰减 (max_lag=10)...
[10:21:20]       IC计算                        0.006s ( 43.2%) ########
[10:21:20]       IC计算完成, 耗时: 0.004s
[10:21:20]       获取透视表                       0.000s (  0.0%)
[10:21:20]     [TIME]️ IC衰减总计: 0.009s
[10:21:20]       转换为numpy                    0.000s (  0.0%)
[10:21:20]     [OK] IC衰减完成 (0.0s)
[10:21:20]     计算IC分布...
[10:21:20]       ─────────────────────────────────────────────
[10:21:20]     [OK] IC分布完成 (0.0s)
[10:21:20]       总计                          0.014s
[10:21:20]     计算累计IC...
[10:21:20]     [OK] IC统计指标完成 (0.1s)
[10:21:20]     [OK] 累计IC完成 (0.0s)
[10:21:20]     计算IC衰减 (10个滞后期)...
[10:21:20]     计算IC自相关...
[10:21:20]     [TIME]️ 计算IC衰减 (max_lag=10)...
[10:21:20]     [OK] IC自相关完成 (0.0s)
[10:21:20]       IC计算完成, 耗时: 0.004s
[10:21:20]     └─ 获取透视表: 0.000s
[10:21:20]     [TIME]️ IC衰减总计: 0.009s
[10:21:20]     [OK] IC衰减完成 (0.0s)
[10:21:20]     计算IC分布...
[10:21:20]     └─ 按年度计算: 0.016s
[10:21:20]     [OK] IC分布完成 (0.0s)
[10:21:20] 
  [图表] [yearly_analysis] 耗时汇总:
[10:21:20]       按年度计算                       0.016s ( 72.3%) ##############
[10:21:20]     计算累计IC...
[10:21:20]       获取透视表                       0.000s (  0.0%)
[10:21:20]     [OK] 累计IC完成 (0.0s)
[10:21:20]       ─────────────────────────────────────────────
[10:21:20]       总计                          0.022s
[10:21:20]     计算IC自相关...
[10:21:20]     [OK] IC自相关完成 (0.0s)
[10:21:20]     └─ 获取透视表: 0.000s
[10:21:20]     └─ 按年度计算: 0.025s
[10:21:20] 
  [图表] [yearly_analysis] 耗时汇总:
[10:21:20]       按年度计算                       0.025s ( 82.8%) ################
[10:21:20]       获取透视表                       0.000s (  0.0%)
[10:21:20]       ─────────────────────────────────────────────
[10:21:20]       总计                          0.030s
[10:21:21] 
开始因子分组回测 (截面模式-矩阵优化)...
[10:21:21]   分组数量: 5
[10:21:21]   加权方式: equal
[10:21:21]     └─ 构建矩阵: 0.005s
[10:21:21]     └─ 截面分组(向量化): 0.001s
[10:21:21]     └─ 权重计算(矩阵): 0.000s
[10:21:21]     └─ 收益计算(矩阵): 0.005s
[10:21:21] 
开始因子分组回测 (截面模式-矩阵优化)...
[10:21:21]     └─ 统计指标计算: 0.010s
[10:21:21]   分组数量: 5
[10:21:21]     └─ 净值曲线计算: 0.003s
[10:21:21]   加权方式: equal
[10:21:21] 
  [图表] [回测引擎] 耗时汇总:
[10:21:21]       统计指标计算                      0.010s ( 18.9%) ###
[10:21:21]     └─ 构建矩阵: 0.004s
[10:21:21]       构建矩阵                        0.005s (  9.6%) #
[10:21:21]     └─ 截面分组(向量化): 0.001s
[10:21:21]       收益计算(矩阵)                    0.005s (  9.6%) #
[10:21:21]     └─ 权重计算(矩阵): 0.000s
[10:21:21]       净值曲线计算                      0.003s (  5.9%) #
[10:21:21]       截面分组(向量化)                   0.001s (  1.7%)
[10:21:21]     └─ 收益计算(矩阵): 0.002s
[10:21:21]       权重计算(矩阵)                    0.000s (  0.0%)
[10:21:21]     └─ 统计指标计算: 0.011s
[10:21:21]       (其他)                        0.029s ( 54.4%)
[10:21:21]     └─ 净值曲线计算: 0.003s
[10:21:21]       ─────────────────────────────────────────────
[10:21:21] 
  [图表] [回测引擎] 耗时汇总:
[10:21:21]       总计                          0.053s
[10:21:21]       统计指标计算                      0.011s ( 15.9%) ###
[10:21:21] [OK] 回测完成！
[10:21:21]       构建矩阵                        0.004s (  5.7%) #
[10:21:21]       净值曲线计算                      0.003s (  4.5%)
[10:21:21]       收益计算(矩阵)                    0.002s (  2.9%)
[10:21:21]       截面分组(向量化)                   0.001s (  1.4%)
[10:21:21]       权重计算(矩阵)                    0.000s (  0.0%)
[10:21:21]       (其他)                        0.048s ( 69.5%)
[10:21:21]       ─────────────────────────────────────────────
[10:21:21]       总计                          0.069s
[10:21:21] [OK] 回测完成！
[10:21:44]     计算IC统计指标...
[10:21:44]     [TIME] 创建透视表...
[10:21:44]     计算IC统计指标...
[10:21:44]     [TIME] 创建透视表...
[10:21:44]       透视表完成: (1, 4122), 耗时: 0.067s
[10:21:44]     └─ 获取透视表: 0.073s
[10:21:44]     └─ 转换为numpy: 0.000s
[10:21:44]     └─ IC计算: 0.005s
[10:21:44] 
  [图表] [calculate_ic(pearson)] 耗时汇总:
[10:21:44]       获取透视表                       0.073s ( 77.8%) ###############
[10:21:44]       IC计算                        0.005s (  5.4%) #
[10:21:44]       转换为numpy                    0.000s (  0.0%)
[10:21:44]       (其他)                        0.016s ( 16.8%)
[10:21:44]       ─────────────────────────────────────────────
[10:21:44]       透视表完成: (1, 4122), 耗时: 0.062s
[10:21:44]       总计                          0.094s
[10:21:44]     └─ 获取透视表: 0.066s
[10:21:44]     └─ 获取透视表: 0.000s
[10:21:44]     └─ 转换为numpy: 0.000s
[10:21:44]     └─ 转换为numpy: 0.000s
[10:21:44]     └─ IC计算: 0.001s
[10:21:44] 
  [图表] [calculate_ic(pearson)] 耗时汇总:
[10:21:44]       获取透视表                       0.066s ( 85.6%) #################
[10:21:44]       IC计算                        0.001s (  1.2%)
[10:21:44]       转换为numpy                    0.000s (  0.0%)
[10:21:44]     └─ IC计算: 0.008s
[10:21:44]       (其他)                        0.010s ( 13.2%)
[10:21:44] 
  [图表] [calculate_ic(spearman)] 耗时汇总:
[10:21:44]       ─────────────────────────────────────────────
[10:21:44]       IC计算                        0.008s ( 54.3%) ##########
[10:21:44]       获取透视表                       0.000s (  0.0%)
[10:21:44]       总计                          0.077s
[10:21:44]       转换为numpy                    0.000s (  0.0%)
[10:21:44]     └─ 获取透视表: 0.000s
[10:21:44]       ─────────────────────────────────────────────
[10:21:44]     └─ 转换为numpy: 0.000s
[10:21:44]       总计                          0.015s
[10:21:44]     [OK] IC统计指标完成 (0.1s)
[10:21:44]     计算IC衰减 (10个滞后期)...
[10:21:44]     └─ IC计算: 0.006s
[10:21:44]     [TIME]️ 计算IC衰减 (max_lag=10)...
[10:21:44] 
  [图表] [calculate_ic(spearman)] 耗时汇总:
[10:21:44]       IC计算完成, 耗时: 0.003s
[10:21:44]       IC计算                        0.006s ( 46.3%) #########
[10:21:44]     [TIME]️ IC衰减总计: 0.010s
[10:21:44]       获取透视表                       0.000s (  0.0%)
[10:21:44]     [OK] IC衰减完成 (0.0s)
[10:21:44]       转换为numpy                    0.000s (  0.0%)
[10:21:44]     计算IC分布...
[10:21:44]       ─────────────────────────────────────────────
[10:21:44]     [OK] IC分布完成 (0.0s)
[10:21:44]       总计                          0.013s
[10:21:44]     计算累计IC...
[10:21:44]     [OK] IC统计指标完成 (0.1s)
[10:21:44]     [OK] 累计IC完成 (0.0s)
[10:21:44]     计算IC衰减 (10个滞后期)...
[10:21:44]     计算IC自相关...
[10:21:44]     [TIME]️ 计算IC衰减 (max_lag=10)...
[10:21:44]     [OK] IC自相关完成 (0.0s)
[10:21:44]       IC计算完成, 耗时: 0.004s
[10:21:44]     └─ 获取透视表: 0.000s
[10:21:44]     [TIME]️ IC衰减总计: 0.009s
[10:21:44]     [OK] IC衰减完成 (0.0s)
[10:21:44]     └─ 按年度计算: 0.013s
[10:21:44]     计算IC分布...
[10:21:44] 
  [图表] [yearly_analysis] 耗时汇总:
[10:21:44]     [OK] IC分布完成 (0.0s)
[10:21:44]       按年度计算                       0.013s ( 68.3%) #############
[10:21:44]     计算累计IC...
[10:21:44]       获取透视表                       0.000s (  0.0%)
[10:21:44]       ─────────────────────────────────────────────
[10:21:44]     [OK] 累计IC完成 (0.0s)
[10:21:44]       总计                          0.019s
[10:21:44]     计算IC自相关...
[10:21:44]     [OK] IC自相关完成 (0.0s)
[10:21:44]     └─ 获取透视表: 0.000s
[10:21:44]     └─ 按年度计算: 0.019s
[10:21:44] 
  [图表] [yearly_analysis] 耗时汇总:
[10:21:44]       按年度计算                       0.019s ( 79.5%) ###############
[10:21:44]       获取透视表                       0.000s (  0.0%)
[10:21:44]       ─────────────────────────────────────────────
[10:21:44]       总计                          0.024s
[10:21:44] 
开始因子分组回测 (截面模式-矩阵优化)...
[10:21:44]   分组数量: 5
[10:21:44]   加权方式: equal
[10:21:44]     └─ 构建矩阵: 0.004s
[10:21:44]     └─ 截面分组(向量化): 0.003s
[10:21:44]     └─ 权重计算(矩阵): 0.001s
[10:21:44]     └─ 收益计算(矩阵): 0.002s
[10:21:44]     └─ 统计指标计算: 0.011s
[10:21:44]     └─ 净值曲线计算: 0.002s
[10:21:44] 
开始因子分组回测 (截面模式-矩阵优化)...
[10:21:44] 
  [图表] [回测引擎] 耗时汇总:
[10:21:44]   分组数量: 5
[10:21:44]   加权方式: equal
[10:21:44]       统计指标计算                      0.011s ( 21.9%) ####
[10:21:44]       构建矩阵                        0.004s (  8.0%) #
[10:21:44]       截面分组(向量化)                   0.003s (  6.0%) #
[10:21:44]     └─ 构建矩阵: 0.005s
[10:21:44]       净值曲线计算                      0.002s (  4.1%)
[10:21:44]     └─ 截面分组(向量化): 0.001s
[10:21:44]       收益计算(矩阵)                    0.002s (  4.1%)
[10:21:44]     └─ 权重计算(矩阵): 0.000s
[10:21:44]       权重计算(矩阵)                    0.001s (  2.0%)
[10:21:44]       (其他)                        0.027s ( 53.9%)
[10:21:44]       ─────────────────────────────────────────────
[10:21:44]     └─ 收益计算(矩阵): 0.002s
[10:21:44]       总计                          0.050s
[10:21:44]     └─ 统计指标计算: 0.011s
[10:21:44] [OK] 回测完成！
[10:21:44]     └─ 净值曲线计算: 0.003s
[10:21:44] 
  [图表] [回测引擎] 耗时汇总:
[10:21:44]       统计指标计算                      0.011s ( 20.3%) ####
[10:21:44]       构建矩阵                        0.005s ( 10.6%) ##
[10:21:44]       净值曲线计算                      0.003s (  5.8%) #
[10:21:44]       收益计算(矩阵)                    0.002s (  3.9%)
[10:21:44]       截面分组(向量化)                   0.001s (  1.9%)
[10:21:44]       权重计算(矩阵)                    0.000s (  0.0%)
[10:21:44]       (其他)                        0.030s ( 57.6%)
[10:21:44]       ─────────────────────────────────────────────
[10:21:44]       总计                          0.052s
[10:21:44] [OK] 回测完成！
[10:23:25]     计算IC统计指标...
[10:23:25]     [TIME] 创建透视表...
[10:23:25]       透视表完成: (1, 4122), 耗时: 0.059s
[10:23:25]     └─ 获取透视表: 0.062s
[10:23:25]     └─ 转换为numpy: 0.000s
[10:23:25]     └─ IC计算: 0.002s
[10:23:25] 
  [图表] [calculate_ic(pearson)] 耗时汇总:
[10:23:25]       获取透视表                       0.062s ( 88.6%) #################
[10:23:25]       IC计算                        0.002s (  2.8%)
[10:23:25]       转换为numpy                    0.000s (  0.0%)
[10:23:25]       ─────────────────────────────────────────────
[10:23:25]       总计                          0.070s
[10:23:25]     └─ 获取透视表: 0.000s
[10:23:25]     └─ 转换为numpy: 0.000s
[10:23:25]     └─ IC计算: 0.012s
[10:23:25]     计算IC统计指标...
[10:23:25] 
  [图表] [calculate_ic(spearman)] 耗时汇总:
[10:23:25]     [TIME] 创建透视表...
[10:23:25]       IC计算                        0.012s ( 60.5%) ############
[10:23:25]       获取透视表                       0.000s (  0.0%)
[10:23:25]       转换为numpy                    0.000s (  0.0%)
[10:23:25]       ─────────────────────────────────────────────
[10:23:25]       总计                          0.020s
[10:23:25]     [OK] IC统计指标完成 (0.1s)
[10:23:25]     计算IC衰减 (10个滞后期)...
[10:23:25]     [TIME]️ 计算IC衰减 (max_lag=10)...
[10:23:25]       IC计算完成, 耗时: 0.004s
[10:23:25]     [TIME]️ IC衰减总计: 0.016s
[10:23:25]     [OK] IC衰减完成 (0.0s)
[10:23:25]     计算IC分布...
[10:23:25]     [OK] IC分布完成 (0.0s)
[10:23:25]     计算累计IC...
[10:23:25]     [OK] 累计IC完成 (0.0s)
[10:23:25]       透视表完成: (1, 4122), 耗时: 0.065s
[10:23:25]     计算IC自相关...
[10:23:25]     └─ 获取透视表: 0.069s
[10:23:25]     [OK] IC自相关完成 (0.0s)
[10:23:25]     └─ 转换为numpy: 0.000s
[10:23:25]     └─ 获取透视表: 0.000s
[10:23:25]     └─ IC计算: 0.001s
[10:23:25] 
  [图表] [calculate_ic(pearson)] 耗时汇总:
[10:23:25]       获取透视表                       0.069s ( 83.3%) ################
[10:23:25]     └─ 按年度计算: 0.018s
[10:23:25]       IC计算                        0.001s (  1.2%)
[10:23:25] 
  [图表] [yearly_analysis] 耗时汇总:
[10:23:25]       转换为numpy                    0.000s (  0.0%)
[10:23:25]       按年度计算                       0.018s ( 75.3%) ###############
[10:23:25]       (其他)                        0.013s ( 15.5%)
[10:23:25]       获取透视表                       0.000s (  0.0%)
[10:23:25]       ─────────────────────────────────────────────
[10:23:25]       ─────────────────────────────────────────────
[10:23:25]       总计                          0.024s
[10:23:25]       总计                          0.083s
[10:23:25]     └─ 获取透视表: 0.000s
[10:23:25]     └─ 转换为numpy: 0.000s
[10:23:25]     └─ IC计算: 0.009s
[10:23:25] 
  [图表] [calculate_ic(spearman)] 耗时汇总:
[10:23:25]       IC计算                        0.009s ( 56.2%) ###########
[10:23:25]       获取透视表                       0.000s (  0.0%)
[10:23:25]       转换为numpy                    0.000s (  0.0%)
[10:23:25]       ─────────────────────────────────────────────
[10:23:25]       总计                          0.016s
[10:23:25]     [OK] IC统计指标完成 (0.1s)
[10:23:25]     计算IC衰减 (10个滞后期)...
[10:23:25]     [TIME]️ 计算IC衰减 (max_lag=10)...
[10:23:25]       IC计算完成, 耗时: 0.004s
[10:23:25] 
开始因子分组回测 (截面模式-矩阵优化)...
[10:23:25]     [TIME]️ IC衰减总计: 0.009s
[10:23:25]   分组数量: 5
[10:23:25]     [OK] IC衰减完成 (0.0s)
[10:23:25]   加权方式: equal
[10:23:25]     计算IC分布...
[10:23:25]     [OK] IC分布完成 (0.0s)
[10:23:25]     └─ 构建矩阵: 0.006s
[10:23:25]     计算累计IC...
[10:23:25]     └─ 截面分组(向量化): 0.001s
[10:23:25]     [OK] 累计IC完成 (0.0s)
[10:23:25]     └─ 权重计算(矩阵): 0.000s
[10:23:25]     计算IC自相关...
[10:23:25]     └─ 收益计算(矩阵): 0.002s
[10:23:25]     [OK] IC自相关完成 (0.0s)
[10:23:25]     └─ 统计指标计算: 0.010s
[10:23:25]     └─ 获取透视表: 0.000s
[10:23:25]     └─ 净值曲线计算: 0.003s
[10:23:25] 
  [图表] [回测引擎] 耗时汇总:
[10:23:25]     └─ 按年度计算: 0.021s
[10:23:25]       统计指标计算                      0.010s ( 15.8%) ###
[10:23:25] 
  [图表] [yearly_analysis] 耗时汇总:
[10:23:25]       构建矩阵                        0.006s (  9.3%) #
[10:23:25]       按年度计算                       0.021s ( 75.1%) ###############
[10:23:25]       净值曲线计算                      0.003s (  4.8%)
[10:23:25]       获取透视表                       0.000s (  0.0%)
[10:23:25]       收益计算(矩阵)                    0.002s (  3.2%)
[10:23:25]       截面分组(向量化)                   0.001s (  1.7%)
[10:23:25]       ─────────────────────────────────────────────
[10:23:25]       权重计算(矩阵)                    0.000s (  0.0%)
[10:23:25]       总计                          0.028s
[10:23:25]       (其他)                        0.042s ( 65.1%)
[10:23:25]       ─────────────────────────────────────────────
[10:23:25]       总计                          0.065s
[10:23:25] [OK] 回测完成！
[10:23:25] 
开始因子分组回测 (截面模式-矩阵优化)...
[10:23:25]   分组数量: 5
[10:23:25]   加权方式: equal
[10:23:25]     └─ 构建矩阵: 0.004s
[10:23:25]     └─ 截面分组(向量化): 0.000s
[10:23:25]     └─ 权重计算(矩阵): 0.000s
[10:23:25]     └─ 收益计算(矩阵): 0.001s
[10:23:25]     └─ 统计指标计算: 0.010s
[10:23:25]     └─ 净值曲线计算: 0.003s
[10:23:25] 
  [图表] [回测引擎] 耗时汇总:
[10:23:25]       统计指标计算                      0.010s ( 32.6%) ######
[10:23:25]       构建矩阵                        0.004s ( 13.2%) ##
[10:23:25]       净值曲线计算                      0.003s (  9.3%) #
[10:23:25]       收益计算(矩阵)                    0.001s (  3.2%)
[10:23:25]       截面分组(向量化)                   0.000s (  0.0%)
[10:23:25]       权重计算(矩阵)                    0.000s (  0.0%)
[10:23:25]       (其他)                        0.013s ( 41.6%)
[10:23:25]       ─────────────────────────────────────────────
[10:23:25]       总计                          0.031s
[10:23:25] [OK] 回测完成！
[10:23:42]     计算IC统计指标...
[10:23:42]     [TIME] 创建透视表...
[10:23:42]       透视表完成: (1, 4122), 耗时: 0.057s
[10:23:42]     └─ 获取透视表: 0.060s
[10:23:42]     └─ 转换为numpy: 0.000s
[10:23:42]     计算IC统计指标...
[10:23:42]     └─ IC计算: 0.001s
[10:23:42]     [TIME] 创建透视表...
[10:23:42] 
  [图表] [calculate_ic(pearson)] 耗时汇总:
[10:23:42]       获取透视表                       0.060s ( 79.8%) ###############
[10:23:42]       IC计算                        0.001s (  1.4%)
[10:23:42]       转换为numpy                    0.000s (  0.0%)
[10:23:42]       (其他)                        0.014s ( 18.8%)
[10:23:42]       ─────────────────────────────────────────────
[10:23:42]       总计                          0.075s
[10:23:42]     └─ 获取透视表: 0.000s
[10:23:42]     └─ 转换为numpy: 0.000s
[10:23:42]     └─ IC计算: 0.009s
[10:23:42] 
  [图表] [calculate_ic(spearman)] 耗时汇总:
[10:23:42]       透视表完成: (1, 4122), 耗时: 0.055s
[10:23:42]       IC计算                        0.009s ( 49.7%) #########
[10:23:42]     └─ 获取透视表: 0.060s
[10:23:42]       获取透视表                       0.000s (  0.0%)
[10:23:42]     └─ 转换为numpy: 0.000s
[10:23:42]       转换为numpy                    0.000s (  0.0%)
[10:23:42]     └─ IC计算: 0.001s
[10:23:42]       ─────────────────────────────────────────────
[10:23:42] 
  [图表] [calculate_ic(pearson)] 耗时汇总:
[10:23:42]       总计                          0.018s
[10:23:42]       获取透视表                       0.060s ( 87.0%) #################
[10:23:42]     [OK] IC统计指标完成 (0.1s)
[10:23:42]       IC计算                        0.001s (  1.4%)
[10:23:42]     计算IC衰减 (10个滞后期)...
[10:23:42]       转换为numpy                    0.000s (  0.0%)
[10:23:42]     [TIME]️ 计算IC衰减 (max_lag=10)...
[10:23:42]       ─────────────────────────────────────────────
[10:23:42]       IC计算完成, 耗时: 0.003s
[10:23:42]       总计                          0.069s
[10:23:42]     [TIME]️ IC衰减总计: 0.009s
[10:23:42]     └─ 获取透视表: 0.000s
[10:23:42]     [OK] IC衰减完成 (0.0s)
[10:23:42]     └─ 转换为numpy: 0.000s
[10:23:42]     计算IC分布...
[10:23:42]     [OK] IC分布完成 (0.0s)
[10:23:42]     计算累计IC...
[10:23:42]     └─ IC计算: 0.010s
[10:23:42]     [OK] 累计IC完成 (0.0s)
[10:23:42] 
  [图表] [calculate_ic(spearman)] 耗时汇总:
[10:23:42]     计算IC自相关...
[10:23:42]       IC计算                        0.010s ( 52.6%) ##########
[10:23:42]     [OK] IC自相关完成 (0.0s)
[10:23:42]       获取透视表                       0.000s (  0.0%)
[10:23:42]     └─ 获取透视表: 0.000s
[10:23:42]       转换为numpy                    0.000s (  0.0%)
[10:23:42]       ─────────────────────────────────────────────
[10:23:42]     └─ 按年度计算: 0.015s
[10:23:42]       总计                          0.019s
[10:23:42] 
  [图表] [yearly_analysis] 耗时汇总:
[10:23:42]     [OK] IC统计指标完成 (0.1s)
[10:23:42]       按年度计算                       0.015s ( 79.3%) ###############
[10:23:42]     计算IC衰减 (10个滞后期)...
[10:23:42]       获取透视表                       0.000s (  0.0%)
[10:23:42]     [TIME]️ 计算IC衰减 (max_lag=10)...
[10:23:42]       ─────────────────────────────────────────────
[10:23:42]       IC计算完成, 耗时: 0.004s
[10:23:42]       总计                          0.019s
[10:23:42]     [TIME]️ IC衰减总计: 0.009s
[10:23:42]     [OK] IC衰减完成 (0.0s)
[10:23:42]     计算IC分布...
[10:23:42]     [OK] IC分布完成 (0.0s)
[10:23:42]     计算累计IC...
[10:23:42]     [OK] 累计IC完成 (0.0s)
[10:23:42]     计算IC自相关...
[10:23:42]     [OK] IC自相关完成 (0.0s)
[10:23:42]     └─ 获取透视表: 0.000s
[10:23:42]     └─ 按年度计算: 0.017s
[10:23:42] 
  [图表] [yearly_analysis] 耗时汇总:
[10:23:42]       按年度计算                       0.017s ( 66.0%) #############
[10:23:42] 
开始因子分组回测 (截面模式-矩阵优化)...
[10:23:42]       获取透视表                       0.000s (  0.0%)
[10:23:42]   分组数量: 5
[10:23:42]       ─────────────────────────────────────────────
[10:23:42]       总计                          0.026s
[10:23:42]   加权方式: equal
[10:23:42]     └─ 构建矩阵: 0.003s
[10:23:42]     └─ 截面分组(向量化): 0.002s
[10:23:42]     └─ 权重计算(矩阵): 0.000s
[10:23:42]     └─ 收益计算(矩阵): 0.001s
[10:23:42]     └─ 统计指标计算: 0.008s
[10:23:42]     └─ 净值曲线计算: 0.003s
[10:23:42] 
  [图表] [回测引擎] 耗时汇总:
[10:23:42]       统计指标计算                      0.008s ( 16.5%) ###
[10:23:42]       构建矩阵                        0.003s (  6.2%) #
[10:23:42]       净值曲线计算                      0.003s (  6.2%) #
[10:23:42] 
开始因子分组回测 (截面模式-矩阵优化)...
[10:23:42]       截面分组(向量化)                   0.002s (  4.1%)
[10:23:42]   分组数量: 5
[10:23:42]       收益计算(矩阵)                    0.001s (  2.1%)
[10:23:42]   加权方式: equal
[10:23:42]       权重计算(矩阵)                    0.000s (  0.0%)
[10:23:42]       (其他)                        0.031s ( 64.9%)
[10:23:42]     └─ 构建矩阵: 0.005s
[10:23:42]       ─────────────────────────────────────────────
[10:23:42]     └─ 截面分组(向量化): 0.001s
[10:23:42]       总计                          0.049s
[10:23:42]     └─ 权重计算(矩阵): 0.001s
[10:23:42] [OK] 回测完成！
[10:23:42]     └─ 收益计算(矩阵): 0.002s
[10:23:42]     └─ 统计指标计算: 0.012s
[10:23:42]     └─ 净值曲线计算: 0.003s
[10:23:42] 
  [图表] [回测引擎] 耗时汇总:
[10:23:42]       统计指标计算                      0.012s ( 27.6%) #####
[10:23:42]       构建矩阵                        0.005s ( 12.0%) ##
[10:23:42]       净值曲线计算                      0.003s (  7.4%) #
[10:23:42]       收益计算(矩阵)                    0.002s (  4.7%)
[10:23:42]       截面分组(向量化)                   0.001s (  2.5%)
[10:23:42]       权重计算(矩阵)                    0.001s (  2.4%)
[10:23:42]       (其他)                        0.018s ( 43.4%)
[10:23:42]       ─────────────────────────────────────────────
[10:23:42]       总计                          0.042s
[10:23:42] [OK] 回测完成！
[10:30:38]     计算IC统计指标...
[10:30:38]     [TIME] 创建透视表...
[10:30:38]       透视表完成: (1, 4122), 耗时: 0.048s
[10:30:38]     └─ 获取透视表: 0.050s
[10:30:38]     └─ 转换为numpy: 0.000s
[10:30:38]     └─ IC计算: 0.004s
[10:30:38] 
  [图表] [calculate_ic(pearson)] 耗时汇总:
[10:30:38]       获取透视表                       0.050s ( 79.2%) ###############
[10:30:38]       IC计算                        0.004s (  6.5%) #
[10:30:38]       转换为numpy                    0.000s (  0.0%)
[10:30:38]       ─────────────────────────────────────────────
[10:30:38]       总计                          0.063s
[10:30:38]     └─ 获取透视表: 0.000s
[10:30:38]     └─ 转换为numpy: 0.001s
[10:30:38]     └─ IC计算: 0.008s
[10:30:38] 
  [图表] [calculate_ic(spearman)] 耗时汇总:
[10:30:38]       IC计算                        0.008s ( 44.4%) ########
[10:30:38]       转换为numpy                    0.001s (  5.7%) #
[10:30:38]       获取透视表                       0.000s (  0.0%)
[10:30:38]       ─────────────────────────────────────────────
[10:30:38]       总计                          0.018s
[10:30:38]     [OK] IC统计指标完成 (0.1s)
[10:30:38]     计算IC衰减 (10个滞后期)...
[10:30:38]     [TIME]️ 计算IC衰减 (max_lag=10)...
[10:30:38]       IC计算完成, 耗时: 0.004s
[10:30:38]     [TIME]️ IC衰减总计: 0.007s
[10:30:38]     [OK] IC衰减完成 (0.0s)
[10:30:38]     计算IC分布...
[10:30:38]     [OK] IC分布完成 (0.0s)
[10:30:38]     计算累计IC...
[10:30:38]     [OK] 累计IC完成 (0.0s)
[10:30:38]     计算IC统计指标...
[10:30:38]     计算IC自相关...
[10:30:38]     [TIME] 创建透视表...
[10:30:38]     [OK] IC自相关完成 (0.0s)
[10:30:38]     └─ 获取透视表: 0.000s
[10:30:38]     └─ 按年度计算: 0.017s
[10:30:38] 
  [图表] [yearly_analysis] 耗时汇总:
[10:30:38]       按年度计算                       0.017s ( 65.6%) #############
[10:30:38]       获取透视表                       0.000s (  0.0%)
[10:30:38]       ─────────────────────────────────────────────
[10:30:38]       总计                          0.026s
[10:30:38]       透视表完成: (1, 4122), 耗时: 0.072s
[10:30:38]     └─ 获取透视表: 0.079s
[10:30:38]     └─ 转换为numpy: 0.000s
[10:30:38]     └─ IC计算: 0.001s
[10:30:38] 
  [图表] [calculate_ic(pearson)] 耗时汇总:
[10:30:38]       获取透视表                       0.079s ( 92.9%) ##################
[10:30:38]       IC计算                        0.001s (  1.2%)
[10:30:38]       转换为numpy                    0.000s (  0.0%)
[10:30:38]       ─────────────────────────────────────────────
[10:30:38]       总计                          0.085s
[10:30:38] 
开始因子分组回测 (截面模式-矩阵优化)...
[10:30:38]     └─ 获取透视表: 0.000s
[10:30:38]   分组数量: 5
[10:30:38]     └─ 转换为numpy: 0.000s
[10:30:38]   加权方式: equal
[10:30:38]     └─ 构建矩阵: 0.006s
[10:30:38]     └─ IC计算: 0.009s
[10:30:38]     └─ 截面分组(向量化): 0.001s
[10:30:38] 
  [图表] [calculate_ic(spearman)] 耗时汇总:
[10:30:38]     └─ 权重计算(矩阵): 0.000s
[10:30:38]       IC计算                        0.009s ( 47.1%) #########
[10:30:38]       获取透视表                       0.000s (  0.0%)
[10:30:38]     └─ 收益计算(矩阵): 0.001s
[10:30:38]       转换为numpy                    0.000s (  0.0%)
[10:30:38]     └─ 统计指标计算: 0.009s
[10:30:38]       (其他)                        0.010s ( 52.9%)
[10:30:38]     └─ 净值曲线计算: 0.002s
[10:30:38]       ─────────────────────────────────────────────
[10:30:38] 
  [图表] [回测引擎] 耗时汇总:
[10:30:38]       总计                          0.019s
[10:30:38]       统计指标计算                      0.009s ( 17.5%) ###
[10:30:38]     [OK] IC统计指标完成 (0.2s)
[10:30:38]     计算IC衰减 (10个滞后期)...
[10:30:38]       构建矩阵                        0.006s ( 11.8%) ##
[10:30:38]     [TIME]️ 计算IC衰减 (max_lag=10)...
[10:30:38]       净值曲线计算                      0.002s (  4.3%)
[10:30:38]       IC计算完成, 耗时: 0.006s
[10:30:38]       截面分组(向量化)                   0.001s (  2.4%)
[10:30:38]     [TIME]️ IC衰减总计: 0.012s
[10:30:38]       收益计算(矩阵)                    0.001s (  1.9%)
[10:30:38]     [OK] IC衰减完成 (0.0s)
[10:30:38]       权重计算(矩阵)                    0.000s (  0.0%)
[10:30:38]     计算IC分布...
[10:30:38]       (其他)                        0.032s ( 62.1%)
[10:30:38]     [OK] IC分布完成 (0.0s)
[10:30:38]       ─────────────────────────────────────────────
[10:30:38]     计算累计IC...
[10:30:38]       总计                          0.051s
[10:30:38]     [OK] 累计IC完成 (0.0s)
[10:30:38] [OK] 回测完成！
[10:30:38]     计算IC自相关...
[10:30:38]     [OK] IC自相关完成 (0.0s)
[10:30:38]     └─ 获取透视表: 0.000s
[10:30:38]     └─ 按年度计算: 0.012s
[10:30:38] 
  [图表] [yearly_analysis] 耗时汇总:
[10:30:38]       按年度计算                       0.012s ( 79.0%) ###############
[10:30:38]       获取透视表                       0.000s (  0.0%)
[10:30:38]       ─────────────────────────────────────────────
[10:30:38]       总计                          0.015s
[10:30:38] 
开始因子分组回测 (截面模式-矩阵优化)...
[10:30:38]   分组数量: 5
[10:30:38]   加权方式: equal
[10:30:38]     └─ 构建矩阵: 0.004s
[10:30:38]     └─ 截面分组(向量化): 0.001s
[10:30:38]     └─ 权重计算(矩阵): 0.000s
[10:30:38]     └─ 收益计算(矩阵): 0.001s
[10:30:38]     └─ 统计指标计算: 0.009s
[10:30:38]     └─ 净值曲线计算: 0.003s
[10:30:38] 
  [图表] [回测引擎] 耗时汇总:
[10:30:38]       统计指标计算                      0.009s ( 24.5%) ####
[10:30:38]       构建矩阵                        0.004s ( 10.8%) ##
[10:30:38]       净值曲线计算                      0.003s (  9.2%) #
[10:30:38]       收益计算(矩阵)                    0.001s (  3.7%)
[10:30:38]       截面分组(向量化)                   0.001s (  2.7%)
[10:30:38]       权重计算(矩阵)                    0.000s (  0.0%)
[10:30:38]       (其他)                        0.018s ( 49.2%)
[10:30:38]       ─────────────────────────────────────────────
[10:30:38]       总计                          0.037s
[10:30:38] [OK] 回测完成！
[10:30:54]     计算IC统计指标...
[10:30:54]     [TIME] 创建透视表...
[10:30:54]       透视表完成: (1, 4122), 耗时: 0.015s
[10:30:54]     └─ 获取透视表: 0.015s
[10:30:54]     └─ 转换为numpy: 0.000s
[10:30:54]     └─ IC计算: 0.001s
[10:30:54] 
  [图表] [calculate_ic(pearson)] 耗时汇总:
[10:30:54]       获取透视表                       0.015s ( 87.9%) #################
[10:30:54]       IC计算                        0.001s (  6.1%) #
[10:30:54]       转换为numpy                    0.000s (  0.0%)
[10:30:54]       ─────────────────────────────────────────────
[10:30:54]       总计                          0.017s
[10:30:54]     └─ 获取透视表: 0.000s
[10:30:54]     └─ 转换为numpy: 0.001s
[10:30:54]     └─ IC计算: 0.002s
[10:30:54] 
  [图表] [calculate_ic(spearman)] 耗时汇总:
[10:30:54]       IC计算                        0.002s ( 55.0%) ###########
[10:30:54]       转换为numpy                    0.001s ( 22.5%) ####
[10:30:54]       获取透视表                       0.000s (  0.0%)
[10:30:54]       ─────────────────────────────────────────────
[10:30:54]       总计                          0.004s
[10:30:54]     [OK] IC统计指标完成 (0.0s)
[10:30:54]     计算IC衰减 (10个滞后期)...
[10:30:54]     [TIME]️ 计算IC衰减 (max_lag=10)...
[10:30:54]       IC计算完成, 耗时: 0.002s
[10:30:54]     [TIME]️ IC衰减总计: 0.004s
[10:30:54]     [OK] IC衰减完成 (0.0s)
[10:30:54]     计算IC分布...
[10:30:54]     [OK] IC分布完成 (0.0s)
[10:30:54]     计算累计IC...
[10:30:54]     [OK] 累计IC完成 (0.0s)
[10:30:54]     计算IC自相关...
[10:30:54]     [OK] IC自相关完成 (0.0s)
[10:30:54]     └─ 获取透视表: 0.000s
[10:30:54]     └─ 按年度计算: 0.003s
[10:30:54] 
  [图表] [yearly_analysis] 耗时汇总:
[10:30:54]       按年度计算                       0.003s ( 60.7%) ############
[10:30:54]       获取透视表                       0.000s (  0.0%)
[10:30:54]       ─────────────────────────────────────────────
[10:30:54]       总计                          0.005s
[10:30:54] 
开始因子分组回测 (截面模式-矩阵优化)...
[10:30:54]   分组数量: 5
[10:30:54]   加权方式: equal
[10:30:54]     └─ 构建矩阵: 0.002s
[10:30:54]     └─ 截面分组(向量化): 0.000s
[10:30:54]     └─ 权重计算(矩阵): 0.000s
[10:30:54]     └─ 收益计算(矩阵): 0.000s
[10:30:54]     └─ 统计指标计算: 0.003s
[10:30:54]     └─ 净值曲线计算: 0.001s
[10:30:54] 
  [图表] [回测引擎] 耗时汇总:
[10:30:54]       统计指标计算                      0.003s ( 23.1%) ####
[10:30:54]       构建矩阵                        0.002s ( 16.0%) ###
[10:30:54]       净值曲线计算                      0.001s (  8.5%) #
[10:30:54]       截面分组(向量化)                   0.000s (  0.0%)
[10:30:54]       权重计算(矩阵)                    0.000s (  0.0%)
[10:30:54]       收益计算(矩阵)                    0.000s (  0.0%)
[10:30:54]       ─────────────────────────────────────────────
[10:30:54]       总计                          0.013s
[10:30:54] [OK] 回测完成！
[10:30:54]     计算IC统计指标...
[10:30:54]     [TIME] 创建透视表...
[10:30:54]       透视表完成: (1, 4122), 耗时: 0.012s
[10:30:54]     └─ 获取透视表: 0.013s
[10:30:54]     └─ 转换为numpy: 0.000s
[10:30:54]     └─ IC计算: 0.000s
[10:30:54] 
  [图表] [calculate_ic(pearson)] 耗时汇总:
[10:30:54]       获取透视表                       0.013s ( 86.6%) #################
[10:30:54]       转换为numpy                    0.000s (  0.0%)
[10:30:54]       IC计算                        0.000s (  0.0%)
[10:30:54]       ─────────────────────────────────────────────
[10:30:54]       总计                          0.015s
[10:30:54]     └─ 获取透视表: 0.000s
[10:30:54]     └─ 转换为numpy: 0.000s
[10:30:54]     └─ IC计算: 0.001s
[10:30:54] 
  [图表] [calculate_ic(spearman)] 耗时汇总:
[10:30:54]       IC计算                        0.001s ( 33.4%) ######
[10:30:54]       获取透视表                       0.000s (  0.0%)
[10:30:54]       转换为numpy                    0.000s (  0.0%)
[10:30:54]       ─────────────────────────────────────────────
[10:30:54]       总计                          0.003s
[10:30:54]     [OK] IC统计指标完成 (0.0s)
[10:30:54]     计算IC衰减 (10个滞后期)...
[10:30:54]     [TIME]️ 计算IC衰减 (max_lag=10)...
[10:30:54]       IC计算完成, 耗时: 0.001s
[10:30:54]     [TIME]️ IC衰减总计: 0.002s
[10:30:54]     [OK] IC衰减完成 (0.0s)
[10:30:54]     计算IC分布...
[10:30:54]     [OK] IC分布完成 (0.0s)
[10:30:54]     计算累计IC...
[10:30:54]     [OK] 累计IC完成 (0.0s)
[10:30:54]     计算IC自相关...
[10:30:54]     [OK] IC自相关完成 (0.0s)
[10:30:54]     └─ 获取透视表: 0.000s
[10:30:54]     └─ 按年度计算: 0.004s
[10:30:54] 
  [图表] [yearly_analysis] 耗时汇总:
[10:30:54]       按年度计算                       0.004s ( 78.7%) ###############
[10:30:54]       获取透视表                       0.000s (  0.0%)
[10:30:54]       ─────────────────────────────────────────────
[10:30:54]       总计                          0.005s
[10:30:54] 
开始因子分组回测 (截面模式-矩阵优化)...
[10:30:54]   分组数量: 5
[10:30:54]   加权方式: equal
[10:30:54]     └─ 构建矩阵: 0.001s
[10:30:54]     └─ 截面分组(向量化): 0.000s
[10:30:54]     └─ 权重计算(矩阵): 0.000s
[10:30:54]     └─ 收益计算(矩阵): 0.000s
[10:30:54]     └─ 统计指标计算: 0.003s
[10:30:54]     └─ 净值曲线计算: 0.001s
[10:30:54] 
  [图表] [回测引擎] 耗时汇总:
[10:30:54]       统计指标计算                      0.003s ( 25.0%) #####
[10:30:54]       构建矩阵                        0.001s (  8.6%) #
[10:30:54]       净值曲线计算                      0.001s (  8.3%) #
[10:30:54]       截面分组(向量化)                   0.000s (  0.0%)
[10:30:54]       权重计算(矩阵)                    0.000s (  0.0%)
[10:30:54]       收益计算(矩阵)                    0.000s (  0.0%)
[10:30:54]       ─────────────────────────────────────────────
[10:30:54]       总计                          0.012s
[10:30:54] [OK] 回测完成！
[10:32:14]     计算IC统计指标...
[10:32:14]     [TIME] 创建透视表...
[10:32:14]       透视表完成: (1, 4122), 耗时: 0.059s
[10:32:14]     └─ 获取透视表: 0.062s
[10:32:14]     └─ 转换为numpy: 0.000s
[10:32:14]     └─ IC计算: 0.001s
[10:32:14] 
  [图表] [calculate_ic(pearson)] 耗时汇总:
[10:32:14]       获取透视表                       0.062s ( 89.8%) #################
[10:32:14]       IC计算                        0.001s (  1.5%)
[10:32:14]       转换为numpy                    0.000s (  0.0%)
[10:32:14]       ─────────────────────────────────────────────
[10:32:14]       总计                          0.069s
[10:32:14]     └─ 获取透视表: 0.000s
[10:32:14]     └─ 转换为numpy: 0.001s
[10:32:14]     └─ IC计算: 0.006s
[10:32:14] 
  [图表] [calculate_ic(spearman)] 耗时汇总:
[10:32:14]       IC计算                        0.006s ( 54.6%) ##########
[10:32:14]       转换为numpy                    0.001s (  9.1%) #
[10:32:14]       获取透视表                       0.000s (  0.0%)
[10:32:14]       ─────────────────────────────────────────────
[10:32:14]       总计                          0.011s
[10:32:14]     [OK] IC统计指标完成 (0.1s)
[10:32:14]     计算IC衰减 (10个滞后期)...
[10:32:14]     [TIME]️ 计算IC衰减 (max_lag=10)...
[10:32:14]       IC计算完成, 耗时: 0.004s
[10:32:14]     [TIME]️ IC衰减总计: 0.008s
[10:32:14]     [OK] IC衰减完成 (0.0s)
[10:32:14]     计算IC分布...
[10:32:14]     计算IC统计指标...
[10:32:14]     [OK] IC分布完成 (0.0s)
[10:32:14]     计算累计IC...
[10:32:14]     [TIME] 创建透视表...
[10:32:14]     [OK] 累计IC完成 (0.0s)
[10:32:14]     计算IC自相关...
[10:32:14]     [OK] IC自相关完成 (0.0s)
[10:32:14]     └─ 获取透视表: 0.000s
[10:32:14]     └─ 按年度计算: 0.014s
[10:32:14] 
  [图表] [yearly_analysis] 耗时汇总:
[10:32:14]       按年度计算                       0.014s ( 66.3%) #############
[10:32:14]       获取透视表                       0.000s (  0.0%)
[10:32:14]       ─────────────────────────────────────────────
[10:32:14]       总计                          0.021s
[10:32:14]       透视表完成: (1, 4122), 耗时: 0.069s
[10:32:14]     └─ 获取透视表: 0.080s
[10:32:14]     └─ 转换为numpy: 0.000s
[10:32:14]     └─ IC计算: 0.000s
[10:32:14] 
  [图表] [calculate_ic(pearson)] 耗时汇总:
[10:32:14]       获取透视表                       0.080s ( 93.0%) ##################
[10:32:14]       转换为numpy                    0.000s (  0.0%)
[10:32:14]       IC计算                        0.000s (  0.0%)
[10:32:14]       ─────────────────────────────────────────────
[10:32:14]       总计                          0.086s
[10:32:14]     └─ 获取透视表: 0.000s
[10:32:14]     └─ 转换为numpy: 0.000s
[10:32:14] 
开始因子分组回测 (截面模式-矩阵优化)...
[10:32:14]   分组数量: 5
[10:32:14]   加权方式: equal
[10:32:14]     └─ IC计算: 0.005s
[10:32:14] 
  [图表] [calculate_ic(spearman)] 耗时汇总:
[10:32:14]       IC计算                        0.005s ( 26.0%) #####
[10:32:14]     └─ 构建矩阵: 0.005s
[10:32:14]       获取透视表                       0.000s (  0.0%)
[10:32:14]       转换为numpy                    0.000s (  0.0%)
[10:32:14]     └─ 截面分组(向量化): 0.001s
[10:32:14]       (其他)                        0.014s ( 74.0%)
[10:32:14]     └─ 权重计算(矩阵): 0.001s
[10:32:14]       ─────────────────────────────────────────────
[10:32:14]       总计                          0.019s
[10:32:14]     └─ 收益计算(矩阵): 0.001s
[10:32:14]     [OK] IC统计指标完成 (0.1s)
[10:32:14]     └─ 统计指标计算: 0.012s
[10:32:14]     计算IC衰减 (10个滞后期)...
[10:32:14]     └─ 净值曲线计算: 0.003s
[10:32:14]     [TIME]️ 计算IC衰减 (max_lag=10)...
[10:32:14] 
  [图表] [回测引擎] 耗时汇总:
[10:32:14]       IC计算完成, 耗时: 0.006s
[10:32:14]       统计指标计算                      0.012s ( 24.3%) ####
[10:32:14]       构建矩阵                        0.005s ( 10.4%) ##
[10:32:14]       净值曲线计算                      0.003s (  6.1%) #
[10:32:14]     [TIME]️ IC衰减总计: 0.015s
[10:32:14]       截面分组(向量化)                   0.001s (  2.0%)
[10:32:14]     [OK] IC衰减完成 (0.0s)
[10:32:14]       收益计算(矩阵)                    0.001s (  2.0%)
[10:32:14]     计算IC分布...
[10:32:14]       权重计算(矩阵)                    0.001s (  2.0%)
[10:32:14]     [OK] IC分布完成 (0.0s)
[10:32:14]       (其他)                        0.026s ( 53.1%)
[10:32:14]     计算累计IC...
[10:32:14]       ─────────────────────────────────────────────
[10:32:14]     [OK] 累计IC完成 (0.0s)
[10:32:14]       总计                          0.049s
[10:32:14]     计算IC自相关...
[10:32:14] [OK] 回测完成！
[10:32:14]     [OK] IC自相关完成 (0.0s)
[10:32:14]     └─ 获取透视表: 0.000s
[10:32:14]     └─ 按年度计算: 0.011s
[10:32:14] 
  [图表] [yearly_analysis] 耗时汇总:
[10:32:14]       按年度计算                       0.011s ( 72.8%) ##############
[10:32:14]       获取透视表                       0.000s (  0.0%)
[10:32:14]       ─────────────────────────────────────────────
[10:32:14]       总计                          0.015s
[10:32:14] 
开始因子分组回测 (截面模式-矩阵优化)...
[10:32:14]   分组数量: 5
[10:32:14]   加权方式: equal
[10:32:14]     └─ 构建矩阵: 0.004s
[10:32:14]     └─ 截面分组(向量化): 0.001s
[10:32:14]     └─ 权重计算(矩阵): 0.000s
[10:32:14]     └─ 收益计算(矩阵): 0.002s
[10:32:14]     └─ 统计指标计算: 0.008s
[10:32:14]     └─ 净值曲线计算: 0.002s
[10:32:14] 
  [图表] [回测引擎] 耗时汇总:
[10:32:14]       统计指标计算                      0.008s ( 24.2%) ####
[10:32:14]       构建矩阵                        0.004s ( 12.3%) ##
[10:32:14]       收益计算(矩阵)                    0.002s (  6.1%) #
[10:32:14]       净值曲线计算                      0.002s (  6.1%) #
[10:32:14]       截面分组(向量化)                   0.001s (  2.8%)
[10:32:14]       权重计算(矩阵)                    0.000s (  0.0%)
[10:32:14]       (其他)                        0.016s ( 48.5%)
[10:32:14]       ─────────────────────────────────────────────
[10:32:14]       总计                          0.033s
[10:32:14] [OK] 回测完成！
[10:33:18]     计算IC统计指标...
[10:33:18]     [TIME] 创建透视表...
[10:33:18]     计算IC统计指标...
[10:33:18]     [TIME] 创建透视表...
[10:33:18]       透视表完成: (1, 4122), 耗时: 0.080s
[10:33:18]     └─ 获取透视表: 0.086s
[10:33:18]     └─ 转换为numpy: 0.000s
[10:33:18]     └─ IC计算: 0.001s
[10:33:18]       透视表完成: (1, 4122), 耗时: 0.066s
[10:33:18] 
  [图表] [calculate_ic(pearson)] 耗时汇总:
[10:33:18]     └─ 获取透视表: 0.073s
[10:33:18]       获取透视表                       0.086s ( 84.4%) ################
[10:33:18]     └─ 转换为numpy: 0.000s
[10:33:18]       IC计算                        0.001s (  1.0%)
[10:33:18]     └─ IC计算: 0.001s
[10:33:18]       转换为numpy                    0.000s (  0.0%)
[10:33:18] 
  [图表] [calculate_ic(pearson)] 耗时汇总:
[10:33:18]       (其他)                        0.015s ( 14.6%)
[10:33:18]       获取透视表                       0.073s ( 89.9%) #################
[10:33:18]       ─────────────────────────────────────────────
[10:33:18]       IC计算                        0.001s (  1.2%)
[10:33:18]       总计                          0.102s
[10:33:18]       转换为numpy                    0.000s (  0.0%)
[10:33:18]     └─ 获取透视表: 0.000s
[10:33:18]       ─────────────────────────────────────────────
[10:33:18]     └─ 转换为numpy: 0.000s
[10:33:18]       总计                          0.081s
[10:33:18]     └─ 获取透视表: 0.000s
[10:33:18]     └─ 转换为numpy: 0.001s
[10:33:18]     └─ IC计算: 0.007s
[10:33:18]     └─ IC计算: 0.005s
[10:33:18] 
  [图表] [calculate_ic(spearman)] 耗时汇总:
[10:33:18] 
  [图表] [calculate_ic(spearman)] 耗时汇总:
[10:33:18]       IC计算                        0.007s ( 34.2%) ######
[10:33:18]       IC计算                        0.005s ( 35.2%) #######
[10:33:18]       获取透视表                       0.000s (  0.0%)
[10:33:18]       转换为numpy                    0.001s (  6.9%) #
[10:33:18]       转换为numpy                    0.000s (  0.0%)
[10:33:18]       获取透视表                       0.000s (  0.0%)
[10:33:18]       (其他)                        0.013s ( 65.8%)
[10:33:18]       ─────────────────────────────────────────────
[10:33:18]       ─────────────────────────────────────────────
[10:33:18]       总计                          0.014s
[10:33:18]       总计                          0.020s
[10:33:18]     [OK] IC统计指标完成 (0.1s)
[10:33:18]     计算IC衰减 (10个滞后期)...
[10:33:18]     [OK] IC统计指标完成 (0.2s)
[10:33:18]     [TIME]️ 计算IC衰减 (max_lag=10)...
[10:33:18]     计算IC衰减 (10个滞后期)...
[10:33:18]       IC计算完成, 耗时: 0.004s
[10:33:18]     [TIME]️ 计算IC衰减 (max_lag=10)...
[10:33:18]     [TIME]️ IC衰减总计: 0.009s
[10:33:18]       IC计算完成, 耗时: 0.004s
[10:33:18]     [OK] IC衰减完成 (0.0s)
[10:33:18]     计算IC分布...
[10:33:18]     [TIME]️ IC衰减总计: 0.010s
[10:33:18]     [OK] IC分布完成 (0.0s)
[10:33:18]     [OK] IC衰减完成 (0.0s)
[10:33:18]     计算累计IC...
[10:33:18]     计算IC分布...
[10:33:18]     [OK] 累计IC完成 (0.0s)
[10:33:18]     计算IC自相关...
[10:33:18]     [OK] IC分布完成 (0.0s)
[10:33:18]     [OK] IC自相关完成 (0.0s)
[10:33:18]     计算累计IC...
[10:33:18]     └─ 获取透视表: 0.000s
[10:33:18]     [OK] 累计IC完成 (0.0s)
[10:33:18]     计算IC自相关...
[10:33:18]     └─ 按年度计算: 0.015s
[10:33:18]     [OK] IC自相关完成 (0.0s)
[10:33:18] 
  [图表] [yearly_analysis] 耗时汇总:
[10:33:18]     └─ 获取透视表: 0.000s
[10:33:18]       按年度计算                       0.015s ( 55.8%) ###########
[10:33:18]       获取透视表                       0.000s (  0.0%)
[10:33:18]     └─ 按年度计算: 0.017s
[10:33:18]       (其他)                        0.012s ( 44.2%)
[10:33:18] 
  [图表] [yearly_analysis] 耗时汇总:
[10:33:18]       ─────────────────────────────────────────────
[10:33:18]       按年度计算                       0.017s ( 76.9%) ###############
[10:33:18]       总计                          0.027s
[10:33:18]       获取透视表                       0.000s (  0.0%)
[10:33:18]       ─────────────────────────────────────────────
[10:33:18]       总计                          0.022s
[10:33:18] 
开始因子分组回测 (截面模式-矩阵优化)...
[10:33:18] 
开始因子分组回测 (截面模式-矩阵优化)...
[10:33:18]   分组数量: 5
[10:33:18]   分组数量: 5
[10:33:18]   加权方式: equal
[10:33:18]   加权方式: equal
[10:33:18]     └─ 构建矩阵: 0.005s
[10:33:18]     └─ 构建矩阵: 0.005s
[10:33:18]     └─ 截面分组(向量化): 0.001s
[10:33:18]     └─ 截面分组(向量化): 0.001s
[10:33:18]     └─ 权重计算(矩阵): 0.000s
[10:33:18]     └─ 权重计算(矩阵): 0.000s
[10:33:18]     └─ 收益计算(矩阵): 0.001s
[10:33:18]     └─ 收益计算(矩阵): 0.001s
[10:33:18]     └─ 统计指标计算: 0.008s
[10:33:18]     └─ 统计指标计算: 0.009s
[10:33:18]     └─ 净值曲线计算: 0.003s
[10:33:18]     └─ 净值曲线计算: 0.001s
[10:33:18] 
  [图表] [回测引擎] 耗时汇总:
[10:33:18] 
  [图表] [回测引擎] 耗时汇总:
[10:33:18]       统计指标计算                      0.008s ( 13.7%) ##
[10:33:18]       统计指标计算                      0.009s ( 15.7%) ###
[10:33:18]       构建矩阵                        0.005s (  9.0%) #
[10:33:18]       构建矩阵                        0.005s (  9.1%) #
[10:33:18]       净值曲线计算                      0.003s (  5.8%) #
[10:33:18]       截面分组(向量化)                   0.001s (  2.1%)
[10:33:18]       截面分组(向量化)                   0.001s (  1.8%)
[10:33:18]       收益计算(矩阵)                    0.001s (  1.7%)
[10:33:18]       收益计算(矩阵)                    0.001s (  1.8%)
[10:33:18]       净值曲线计算                      0.001s (  1.7%)
[10:33:18]       权重计算(矩阵)                    0.000s (  0.0%)
[10:33:18]       权重计算(矩阵)                    0.000s (  0.0%)
[10:33:18]       (其他)                        0.038s ( 67.9%)
[10:33:18]       (其他)                        0.040s ( 69.7%)
[10:33:18]       ─────────────────────────────────────────────
[10:33:18]       ─────────────────────────────────────────────
[10:33:18]       总计                          0.056s
[10:33:18]       总计                          0.058s
[10:33:18] [OK] 回测完成！
[10:33:18] [OK] 回测完成！
[10:34:27]     计算IC统计指标...
[10:34:27]     [TIME] 创建透视表...
[10:34:27]       透视表完成: (1, 4122), 耗时: 0.061s
[10:34:27]     └─ 获取透视表: 0.069s
[10:34:27]     └─ 转换为numpy: 0.000s
[10:34:27]     计算IC统计指标...
[10:34:27]     └─ IC计算: 0.001s
[10:34:27]     [TIME] 创建透视表...
[10:34:27] 
  [图表] [calculate_ic(pearson)] 耗时汇总:
[10:34:27]       获取透视表                       0.069s ( 86.8%) #################
[10:34:27]       IC计算                        0.001s (  1.5%)
[10:34:27]       转换为numpy                    0.000s (  0.0%)
[10:34:27]       ─────────────────────────────────────────────
[10:34:27]       总计                          0.079s
[10:34:27]     └─ 获取透视表: 0.000s
[10:34:27]     └─ 转换为numpy: 0.000s
[10:34:27]     └─ IC计算: 0.015s
[10:34:27] 
  [图表] [calculate_ic(spearman)] 耗时汇总:
[10:34:27]       IC计算                        0.015s ( 63.1%) ############
[10:34:27]       获取透视表                       0.000s (  0.0%)
[10:34:27]       透视表完成: (1, 4122), 耗时: 0.056s
[10:34:27]       转换为numpy                    0.000s (  0.0%)
[10:34:27]       ─────────────────────────────────────────────
[10:34:27]     └─ 获取透视表: 0.061s
[10:34:27]       总计                          0.024s
[10:34:27]     └─ 转换为numpy: 0.000s
[10:34:27]     [OK] IC统计指标完成 (0.1s)
[10:34:27]     └─ IC计算: 0.001s
[10:34:27]     计算IC衰减 (10个滞后期)...
[10:34:27] 
  [图表] [calculate_ic(pearson)] 耗时汇总:
[10:34:27]     [TIME]️ 计算IC衰减 (max_lag=10)...
[10:34:27]       获取透视表                       0.061s ( 84.8%) ################
[10:34:27]       IC计算完成, 耗时: 0.006s
[10:34:27]       IC计算                        0.001s (  1.4%)
[10:34:27]     [TIME]️ IC衰减总计: 0.010s
[10:34:27]       转换为numpy                    0.000s (  0.0%)
[10:34:27]     [OK] IC衰减完成 (0.0s)
[10:34:27]       (其他)                        0.010s ( 13.9%)
[10:34:27]     计算IC分布...
[10:34:27]       ─────────────────────────────────────────────
[10:34:27]     [OK] IC分布完成 (0.0s)
[10:34:27]       总计                          0.072s
[10:34:27]     计算累计IC...
[10:34:27]     └─ 获取透视表: 0.000s
[10:34:27]     [OK] 累计IC完成 (0.0s)
[10:34:27]     └─ 转换为numpy: 0.000s
[10:34:27]     计算IC自相关...
[10:34:27]     [OK] IC自相关完成 (0.0s)
[10:34:27]     └─ 获取透视表: 0.000s
[10:34:27]     └─ IC计算: 0.008s
[10:34:27] 
  [图表] [calculate_ic(spearman)] 耗时汇总:
[10:34:27]     └─ 按年度计算: 0.016s
[10:34:27]       IC计算                        0.008s ( 30.6%) ######
[10:34:27] 
  [图表] [yearly_analysis] 耗时汇总:
[10:34:27]       获取透视表                       0.000s (  0.0%)
[10:34:27]       按年度计算                       0.016s ( 72.6%) ##############
[10:34:27]       转换为numpy                    0.000s (  0.0%)
[10:34:27]       获取透视表                       0.000s (  0.0%)
[10:34:27]       (其他)                        0.018s ( 69.4%)
[10:34:27]       ─────────────────────────────────────────────
[10:34:27]       ─────────────────────────────────────────────
[10:34:27]       总计                          0.022s
[10:34:27]       总计                          0.026s
[10:34:27]     [OK] IC统计指标完成 (0.2s)
[10:34:27]     计算IC衰减 (10个滞后期)...
[10:34:27]     [TIME]️ 计算IC衰减 (max_lag=10)...
[10:34:27]       IC计算完成, 耗时: 0.006s
[10:34:27]     [TIME]️ IC衰减总计: 0.010s
[10:34:27]     [OK] IC衰减完成 (0.0s)
[10:34:27]     计算IC分布...
[10:34:27]     [OK] IC分布完成 (0.0s)
[10:34:27]     计算累计IC...
[10:34:27]     [OK] 累计IC完成 (0.0s)
[10:34:27]     计算IC自相关...
[10:34:27]     [OK] IC自相关完成 (0.0s)
[10:34:27]     └─ 获取透视表: 0.000s
[10:34:27] 
开始因子分组回测 (截面模式-矩阵优化)...
[10:34:27]     └─ 按年度计算: 0.019s
[10:34:27]   分组数量: 5
[10:34:27]   加权方式: equal
[10:34:27] 
  [图表] [yearly_analysis] 耗时汇总:
[10:34:27]       按年度计算                       0.019s ( 65.5%) #############
[10:34:27]       获取透视表                       0.000s (  0.0%)
[10:34:27]     └─ 构建矩阵: 0.005s
[10:34:27]       ─────────────────────────────────────────────
[10:34:27]       总计                          0.029s
[10:34:27]     └─ 截面分组(向量化): 0.001s
[10:34:27]     └─ 权重计算(矩阵): 0.000s
[10:34:27]     └─ 收益计算(矩阵): 0.002s
[10:34:27]     └─ 统计指标计算: 0.011s
[10:34:27]     └─ 净值曲线计算: 0.002s
[10:34:27] 
  [图表] [回测引擎] 耗时汇总:
[10:34:27]       统计指标计算                      0.011s ( 17.9%) ###
[10:34:27]       构建矩阵                        0.005s (  8.1%) #
[10:34:27]       净值曲线计算                      0.002s (  3.3%)
[10:34:27]       收益计算(矩阵)                    0.002s (  3.2%)
[10:34:27]       截面分组(向量化)                   0.001s (  1.5%)
[10:34:27]       权重计算(矩阵)                    0.000s (  0.0%)
[10:34:27]       (其他)                        0.041s ( 66.0%)
[10:34:27]       ─────────────────────────────────────────────
[10:34:27]       总计                          0.061s
[10:34:27] [OK] 回测完成！
[10:34:27] 
开始因子分组回测 (截面模式-矩阵优化)...
[10:34:27]   分组数量: 5
[10:34:27]   加权方式: equal
[10:34:27]     └─ 构建矩阵: 0.003s
[10:34:27]     └─ 截面分组(向量化): 0.000s
[10:34:27]     └─ 权重计算(矩阵): 0.000s
[10:34:27]     └─ 收益计算(矩阵): 0.001s
[10:34:27]     └─ 统计指标计算: 0.010s
[10:34:27]     └─ 净值曲线计算: 0.002s
[10:34:27] 
  [图表] [回测引擎] 耗时汇总:
[10:34:27]       统计指标计算                      0.010s ( 32.8%) ######
[10:34:27]       构建矩阵                        0.003s (  9.8%) #
[10:34:27]       净值曲线计算                      0.002s (  8.0%) #
[10:34:27]       收益计算(矩阵)                    0.001s (  3.3%)
[10:34:27]       截面分组(向量化)                   0.000s (  0.0%)
[10:34:27]       权重计算(矩阵)                    0.000s (  0.0%)
[10:34:27]       (其他)                        0.014s ( 46.1%)
[10:34:27]       ─────────────────────────────────────────────
[10:34:27]       总计                          0.031s
[10:34:27] [OK] 回测完成！
[10:37:19]     计算IC统计指标...
[10:37:19]     [TIME] 创建透视表...
[10:37:19]       透视表完成: (1, 4122), 耗时: 0.057s
[10:37:19]     └─ 获取透视表: 0.061s
[10:37:19]     └─ 转换为numpy: 0.000s
[10:37:19]     └─ IC计算: 0.000s
[10:37:19] 
  [图表] [calculate_ic(pearson)] 耗时汇总:
[10:37:19]       获取透视表                       0.061s ( 88.4%) #################
[10:37:19]       转换为numpy                    0.000s (  0.0%)
[10:37:19]       IC计算                        0.000s (  0.0%)
[10:37:19]       ─────────────────────────────────────────────
[10:37:19]       总计                          0.069s
[10:37:19]     └─ 获取透视表: 0.000s
[10:37:19]     └─ 转换为numpy: 0.001s
[10:37:19]     └─ IC计算: 0.013s
[10:37:19]     计算IC统计指标...
[10:37:19] 
  [图表] [calculate_ic(spearman)] 耗时汇总:
[10:37:19]     [TIME] 创建透视表...
[10:37:19]       IC计算                        0.013s ( 55.8%) ###########
[10:37:19]       转换为numpy                    0.001s (  4.4%)
[10:37:19]       获取透视表                       0.000s (  0.0%)
[10:37:19]       ─────────────────────────────────────────────
[10:37:19]       总计                          0.023s
[10:37:19]     [OK] IC统计指标完成 (0.1s)
[10:37:19]     计算IC衰减 (10个滞后期)...
[10:37:19]     [TIME]️ 计算IC衰减 (max_lag=10)...
[10:37:19]       IC计算完成, 耗时: 0.003s
[10:37:19]     [TIME]️ IC衰减总计: 0.012s
[10:37:19]     [OK] IC衰减完成 (0.0s)
[10:37:19]     计算IC分布...
[10:37:19]     [OK] IC分布完成 (0.0s)
[10:37:19]     计算累计IC...
[10:37:19]       透视表完成: (1, 4122), 耗时: 0.063s
[10:37:19]     [OK] 累计IC完成 (0.0s)
[10:37:19]     └─ 获取透视表: 0.069s
[10:37:19]     计算IC自相关...
[10:37:19]     └─ 转换为numpy: 0.000s
[10:37:19]     [OK] IC自相关完成 (0.0s)
[10:37:19]     └─ IC计算: 0.001s
[10:37:19]     └─ 获取透视表: 0.000s
[10:37:19] 
  [图表] [calculate_ic(pearson)] 耗时汇总:
[10:37:19]       获取透视表                       0.069s ( 87.4%) #################
[10:37:19]     └─ 按年度计算: 0.016s
[10:37:19]       IC计算                        0.001s (  1.2%)
[10:37:19] 
  [图表] [yearly_analysis] 耗时汇总:
[10:37:19]       转换为numpy                    0.000s (  0.0%)
[10:37:19]       按年度计算                       0.016s ( 72.9%) ##############
[10:37:19]       ─────────────────────────────────────────────
[10:37:19]       获取透视表                       0.000s (  0.0%)
[10:37:19]       总计                          0.078s
[10:37:19]       ─────────────────────────────────────────────
[10:37:19]     └─ 获取透视表: 0.000s
[10:37:19]       总计                          0.022s
[10:37:19]     └─ 转换为numpy: 0.000s
[10:37:19]     └─ IC计算: 0.006s
[10:37:19] 
  [图表] [calculate_ic(spearman)] 耗时汇总:
[10:37:19]       IC计算                        0.006s ( 29.4%) #####
[10:37:19]       获取透视表                       0.000s (  0.0%)
[10:37:19]       转换为numpy                    0.000s (  0.0%)
[10:37:19]       (其他)                        0.014s ( 70.6%)
[10:37:19]       ─────────────────────────────────────────────
[10:37:19]       总计                          0.020s
[10:37:19]     [OK] IC统计指标完成 (0.1s)
[10:37:19]     计算IC衰减 (10个滞后期)...
[10:37:19]     [TIME]️ 计算IC衰减 (max_lag=10)...
[10:37:19]       IC计算完成, 耗时: 0.004s
[10:37:19]     [TIME]️ IC衰减总计: 0.014s
[10:37:19] 
开始因子分组回测 (截面模式-矩阵优化)...
[10:37:19]     [OK] IC衰减完成 (0.0s)
[10:37:19]   分组数量: 5
[10:37:19]     计算IC分布...
[10:37:19]   加权方式: equal
[10:37:19]     [OK] IC分布完成 (0.0s)
[10:37:19]     计算累计IC...
[10:37:19]     └─ 构建矩阵: 0.003s
[10:37:19]     [OK] 累计IC完成 (0.0s)
[10:37:19]     └─ 截面分组(向量化): 0.001s
[10:37:19]     计算IC自相关...
[10:37:19]     └─ 权重计算(矩阵): 0.000s
[10:37:19]     [OK] IC自相关完成 (0.0s)
[10:37:19]     └─ 获取透视表: 0.000s
[10:37:19]     └─ 收益计算(矩阵): 0.002s
[10:37:19]     └─ 统计指标计算: 0.011s
[10:37:19]     └─ 按年度计算: 0.026s
[10:37:19]     └─ 净值曲线计算: 0.003s
[10:37:19] 
  [图表] [yearly_analysis] 耗时汇总:
[10:37:19] 
  [图表] [回测引擎] 耗时汇总:
[10:37:19]       按年度计算                       0.026s ( 78.8%) ###############
[10:37:19]       统计指标计算                      0.011s ( 16.8%) ###
[10:37:19]       构建矩阵                        0.003s (  4.8%)
[10:37:19]       获取透视表                       0.000s (  0.0%)
[10:37:19]       净值曲线计算                      0.003s (  4.5%)
[10:37:19]       ─────────────────────────────────────────────
[10:37:19]       收益计算(矩阵)                    0.002s (  3.0%)
[10:37:19]       总计                          0.033s
[10:37:19]       截面分组(向量化)                   0.001s (  1.5%)
[10:37:19]       权重计算(矩阵)                    0.000s (  0.0%)
[10:37:19]       (其他)                        0.046s ( 69.3%)
[10:37:19]       ─────────────────────────────────────────────
[10:37:19]       总计                          0.066s
[10:37:19] [OK] 回测完成！
[10:37:19] 
开始因子分组回测 (截面模式-矩阵优化)...
[10:37:19]   分组数量: 5
[10:37:19]   加权方式: equal
[10:37:19]     └─ 构建矩阵: 0.003s
[10:37:19]     └─ 截面分组(向量化): 0.001s
[10:37:19]     └─ 权重计算(矩阵): 0.000s
[10:37:19]     └─ 收益计算(矩阵): 0.001s
[10:37:19]     └─ 统计指标计算: 0.008s
[10:37:19]     └─ 净值曲线计算: 0.002s
[10:37:19] 
  [图表] [回测引擎] 耗时汇总:
[10:37:19]       统计指标计算                      0.008s ( 28.4%) #####
[10:37:19]       构建矩阵                        0.003s ( 10.6%) ##
[10:37:19]       净值曲线计算                      0.002s (  6.8%) #
[10:37:19]       截面分组(向量化)                   0.001s (  3.5%)
[10:37:19]       收益计算(矩阵)                    0.001s (  3.5%)
[10:37:19]       权重计算(矩阵)                    0.000s (  0.0%)
[10:37:19]       (其他)                        0.014s ( 47.2%)
[10:37:19]       ─────────────────────────────────────────────
[10:37:19]       总计                          0.029s
[10:37:19] [OK] 回测完成！
[10:38:39]     计算IC统计指标...
[10:38:39]     [TIME] 创建透视表...
[10:38:39]       透视表完成: (1, 4122), 耗时: 0.064s
[10:38:39]     └─ 获取透视表: 0.067s
[10:38:39]     └─ 转换为numpy: 0.000s
[10:38:39]     └─ IC计算: 0.001s
[10:38:39] 
  [图表] [calculate_ic(pearson)] 耗时汇总:
[10:38:39]       获取透视表                       0.067s ( 91.8%) ##################
[10:38:39]       IC计算                        0.001s (  1.4%)
[10:38:39]       转换为numpy                    0.000s (  0.0%)
[10:38:39]       ─────────────────────────────────────────────
[10:38:39]       总计                          0.073s
[10:38:39]     └─ 获取透视表: 0.000s
[10:38:39]     └─ 转换为numpy: 0.000s
[10:38:39]     └─ IC计算: 0.007s
[10:38:39] 
  [图表] [calculate_ic(spearman)] 耗时汇总:
[10:38:39]       IC计算                        0.007s ( 57.4%) ###########
[10:38:39]       获取透视表                       0.000s (  0.0%)
[10:38:39]       转换为numpy                    0.000s (  0.0%)
[10:38:39]       ─────────────────────────────────────────────
[10:38:39]       总计                          0.012s
[10:38:39]     [OK] IC统计指标完成 (0.1s)
[10:38:39]     计算IC衰减 (10个滞后期)...
[10:38:39]     [TIME]️ 计算IC衰减 (max_lag=10)...
[10:38:39]       IC计算完成, 耗时: 0.005s
[10:38:39]     [TIME]️ IC衰减总计: 0.008s
[10:38:39]     [OK] IC衰减完成 (0.0s)
[10:38:39]     计算IC分布...
[10:38:39]     [OK] IC分布完成 (0.0s)
[10:38:39]     计算累计IC...
[10:38:39]     [OK] 累计IC完成 (0.0s)
[10:38:39]     计算IC自相关...
[10:38:39]     [OK] IC自相关完成 (0.0s)
[10:38:39]     └─ 获取透视表: 0.000s
[10:38:39]     └─ 按年度计算: 0.035s
[10:38:39] 
  [图表] [yearly_analysis] 耗时汇总:
[10:38:39]       按年度计算                       0.035s ( 89.6%) #################
[10:38:39]       获取透视表                       0.000s (  0.0%)
[10:38:39]       ─────────────────────────────────────────────
[10:38:39]       总计                          0.039s
[10:38:39] 
开始因子分组回测 (截面模式-矩阵优化)...
[10:38:39]   分组数量: 5
[10:38:39]   加权方式: equal
[10:38:39]     └─ 构建矩阵: 0.004s
[10:38:39]     └─ 截面分组(向量化): 0.002s
[10:38:39]     └─ 权重计算(矩阵): 0.000s
[10:38:39]     └─ 收益计算(矩阵): 0.001s
[10:38:39]     └─ 统计指标计算: 0.010s
[10:38:39]     └─ 净值曲线计算: 0.004s
[10:38:39] 
  [图表] [回测引擎] 耗时汇总:
[10:38:39]       统计指标计算                      0.010s ( 18.2%) ###
[10:38:39]       净值曲线计算                      0.004s (  7.3%) #
[10:38:39]       构建矩阵                        0.004s (  7.3%) #
[10:38:39]       截面分组(向量化)                   0.002s (  3.7%)
[10:38:39]       收益计算(矩阵)                    0.001s (  1.8%)
[10:38:39]       权重计算(矩阵)                    0.000s (  0.0%)
[10:38:39]       (其他)                        0.034s ( 61.8%)
[10:38:39]       ─────────────────────────────────────────────
[10:38:39]       总计                          0.055s
[10:38:39] [OK] 回测完成！
[10:38:39]     计算IC统计指标...
[10:38:39]     [TIME] 创建透视表...
[10:38:39]       透视表完成: (1, 4122), 耗时: 0.039s
[10:38:39]     └─ 获取透视表: 0.041s
[10:38:39]     └─ 转换为numpy: 0.001s
[10:38:39]     └─ IC计算: 0.000s
[10:38:39] 
  [图表] [calculate_ic(pearson)] 耗时汇总:
[10:38:39]       获取透视表                       0.041s ( 87.4%) #################
[10:38:39]       转换为numpy                    0.001s (  2.1%)
[10:38:39]       IC计算                        0.000s (  0.0%)
[10:38:39]       ─────────────────────────────────────────────
[10:38:39]       总计                          0.047s
[10:38:39]     └─ 获取透视表: 0.000s
[10:38:39]     └─ 转换为numpy: 0.000s
[10:38:39]     └─ IC计算: 0.004s
[10:38:39] 
  [图表] [calculate_ic(spearman)] 耗时汇总:
[10:38:39]       IC计算                        0.004s ( 48.4%) #########
[10:38:39]       获取透视表                       0.000s (  0.0%)
[10:38:39]       转换为numpy                    0.000s (  0.0%)
[10:38:39]       ─────────────────────────────────────────────
[10:38:39]       总计                          0.008s
[10:38:39]     [OK] IC统计指标完成 (0.1s)
[10:38:39]     计算IC衰减 (10个滞后期)...
[10:38:39]     [TIME]️ 计算IC衰减 (max_lag=10)...
[10:38:39]       IC计算完成, 耗时: 0.005s
[10:38:39]     [TIME]️ IC衰减总计: 0.008s
[10:38:39]     [OK] IC衰减完成 (0.0s)
[10:38:39]     计算IC分布...
[10:38:39]     [OK] IC分布完成 (0.0s)
[10:38:39]     计算累计IC...
[10:38:39]     [OK] 累计IC完成 (0.0s)
[10:38:39]     计算IC自相关...
[10:38:39]     [OK] IC自相关完成 (0.0s)
[10:38:39]     └─ 获取透视表: 0.000s
[10:38:39]     └─ 按年度计算: 0.014s
[10:38:39] 
  [图表] [yearly_analysis] 耗时汇总:
[10:38:39]       按年度计算                       0.014s ( 78.3%) ###############
[10:38:39]       获取透视表                       0.000s (  0.0%)
[10:38:39]       ─────────────────────────────────────────────
[10:38:39]       总计                          0.018s
[10:38:39] 
开始因子分组回测 (截面模式-矩阵优化)...
[10:38:39]   分组数量: 5
[10:38:39]   加权方式: equal
[10:38:39]     └─ 构建矩阵: 0.004s
[10:38:39]     └─ 截面分组(向量化): 0.001s
[10:38:39]     └─ 权重计算(矩阵): 0.001s
[10:38:39]     └─ 收益计算(矩阵): 0.001s
[10:38:39]     └─ 统计指标计算: 0.011s
[10:38:39]     └─ 净值曲线计算: 0.003s
[10:38:39] 
  [图表] [回测引擎] 耗时汇总:
[10:38:39]       统计指标计算                      0.011s ( 25.7%) #####
[10:38:39]       构建矩阵                        0.004s (  9.6%) #
[10:38:39]       净值曲线计算                      0.003s (  7.2%) #
[10:38:39]       截面分组(向量化)                   0.001s (  2.6%)
[10:38:39]       收益计算(矩阵)                    0.001s (  2.2%)
[10:38:39]       权重计算(矩阵)                    0.001s (  2.2%)
[10:38:39]       (其他)                        0.021s ( 50.7%)
[10:38:39]       ─────────────────────────────────────────────
[10:38:39]       总计                          0.042s
[10:38:39] [OK] 回测完成！
[10:57:38]     计算IC统计指标...
[10:57:38]     计算IC统计指标...
[10:57:38]     [TIME] 创建透视表...
[10:57:38]     [TIME] 创建透视表...
[10:57:39]       透视表完成: (1, 4122), 耗时: 0.069s
[10:57:39]       透视表完成: (1, 4122), 耗时: 0.074s
[10:57:39]     └─ 获取透视表: 0.079s
[10:57:39]     └─ 获取透视表: 0.079s
[10:57:39]     └─ 转换为numpy: 0.000s
[10:57:39]     └─ 转换为numpy: 0.000s
[10:57:39]     └─ IC计算: 0.004s
[10:57:39]     └─ IC计算: 0.006s
[10:57:39] 
  [图表] [calculate_ic(pearson)] 耗时汇总:
[10:57:39] 
  [图表] [calculate_ic(pearson)] 耗时汇总:
[10:57:39]       获取透视表                       0.079s ( 80.4%) ################
[10:57:39]       获取透视表                       0.079s ( 77.5%) ###############
[10:57:39]       IC计算                        0.004s (  4.2%)
[10:57:39]       IC计算                        0.006s (  6.3%) #
[10:57:39]       转换为numpy                    0.000s (  0.0%)
[10:57:39]       转换为numpy                    0.000s (  0.0%)
[10:57:39]       (其他)                        0.015s ( 15.5%)
[10:57:39]       (其他)                        0.016s ( 16.2%)
[10:57:39]       ─────────────────────────────────────────────
[10:57:39]       ─────────────────────────────────────────────
[10:57:39]       总计                          0.099s
[10:57:39]       总计                          0.102s
[10:57:39]     └─ 获取透视表: 0.000s
[10:57:39]     └─ 获取透视表: 0.000s
[10:57:39]     └─ 转换为numpy: 0.000s
[10:57:39]     └─ 转换为numpy: 0.000s
[10:57:39]     └─ IC计算: 0.016s
[10:57:39]     └─ IC计算: 0.016s
[10:57:39] 
  [图表] [calculate_ic(spearman)] 耗时汇总:
[10:57:39] 
  [图表] [calculate_ic(spearman)] 耗时汇总:
[10:57:39]       IC计算                        0.016s ( 49.3%) #########
[10:57:39]       IC计算                        0.016s ( 53.4%) ##########
[10:57:39]       获取透视表                       0.000s (  0.0%)
[10:57:39]       获取透视表                       0.000s (  0.0%)
[10:57:39]       转换为numpy                    0.000s (  0.0%)
[10:57:39]       转换为numpy                    0.000s (  0.0%)
[10:57:39]       (其他)                        0.016s ( 50.7%)
[10:57:39]       (其他)                        0.014s ( 46.6%)
[10:57:39]       ─────────────────────────────────────────────
[10:57:39]       ─────────────────────────────────────────────
[10:57:39]       总计                          0.032s
[10:57:39]       总计                          0.031s
[10:57:39]     [OK] IC统计指标完成 (0.2s)
[10:57:39]     [OK] IC统计指标完成 (0.2s)
[10:57:39]     计算IC衰减 (10个滞后期)...
[10:57:39]     计算IC衰减 (10个滞后期)...
[10:57:39]     [TIME]️ 计算IC衰减 (max_lag=10)...
[10:57:39]     [TIME]️ 计算IC衰减 (max_lag=10)...
[10:57:39]       IC计算完成, 耗时: 0.007s
[10:57:39]       IC计算完成, 耗时: 0.006s
[10:57:39]     [TIME]️ IC衰减总计: 0.015s
[10:57:39]     [TIME]️ IC衰减总计: 0.015s
[10:57:39]     [OK] IC衰减完成 (0.0s)
[10:57:39]     [OK] IC衰减完成 (0.0s)
[10:57:39]     计算IC分布...
[10:57:39]     计算IC分布...
[10:57:39]     [OK] IC分布完成 (0.0s)
[10:57:39]     [OK] IC分布完成 (0.0s)
[10:57:39]     计算累计IC...
[10:57:39]     计算累计IC...
[10:57:39]     [OK] 累计IC完成 (0.0s)
[10:57:39]     [OK] 累计IC完成 (0.0s)
[10:57:39]     计算IC自相关...
[10:57:39]     计算IC自相关...
[10:57:39]     [OK] IC自相关完成 (0.0s)
[10:57:39]     [OK] IC自相关完成 (0.0s)
[10:57:39]     └─ 获取透视表: 0.000s
[10:57:39]     └─ 获取透视表: 0.000s
[10:57:39]     └─ 按年度计算: 0.011s
[10:57:39] 
  [图表] [yearly_analysis] 耗时汇总:
[10:57:39]     └─ 按年度计算: 0.013s
[10:57:39]       按年度计算                       0.011s ( 57.2%) ###########
[10:57:39] 
  [图表] [yearly_analysis] 耗时汇总:
[10:57:39]       获取透视表                       0.000s (  0.0%)
[10:57:39]       按年度计算                       0.013s ( 55.3%) ###########
[10:57:39]       ─────────────────────────────────────────────
[10:57:39]       获取透视表                       0.000s (  0.0%)
[10:57:39]       总计                          0.020s
[10:57:39]       (其他)                        0.011s ( 44.7%)
[10:57:39]       ─────────────────────────────────────────────
[10:57:39]       总计                          0.024s
[10:57:39] 
开始因子分组回测 (截面模式-矩阵优化)...
[10:57:39]   分组数量: 5
[10:57:39]   加权方式: equal
[10:57:39] 
开始因子分组回测 (截面模式-矩阵优化)...
[10:57:39]   分组数量: 5
[10:57:39]     └─ 构建矩阵: 0.006s
[10:57:39]   加权方式: equal
[10:57:39]     └─ 截面分组(向量化): 0.003s
[10:57:39]     └─ 权重计算(矩阵): 0.002s
[10:57:39]     └─ 构建矩阵: 0.004s
[10:57:39]     └─ 截面分组(向量化): 0.002s
[10:57:39]     └─ 收益计算(矩阵): 0.003s
[10:57:39]     └─ 权重计算(矩阵): 0.001s
[10:57:39]     └─ 统计指标计算: 0.005s
[10:57:39]     └─ 净值曲线计算: 0.001s
[10:57:39]     └─ 收益计算(矩阵): 0.005s
[10:57:39]     └─ 统计指标计算: 0.005s
[10:57:39] 
  [图表] [回测引擎] 耗时汇总:
[10:57:39]     └─ 净值曲线计算: 0.003s
[10:57:39]       构建矩阵                        0.006s ( 10.7%) ##
[10:57:39]       统计指标计算                      0.005s (  9.0%) #
[10:57:39]       收益计算(矩阵)                    0.003s (  5.9%) #
[10:57:39] 
  [图表] [回测引擎] 耗时汇总:
[10:57:39]       截面分组(向量化)                   0.003s (  5.4%) #
[10:57:39]       统计指标计算                      0.005s (  8.4%) #
[10:57:39]       权重计算(矩阵)                    0.002s (  3.6%)
[10:57:39]       收益计算(矩阵)                    0.005s (  8.2%) #
[10:57:39]       净值曲线计算                      0.001s (  2.5%)
[10:57:39]       构建矩阵                        0.004s (  6.7%) #
[10:57:39]       (其他)                        0.035s ( 62.9%)
[10:57:39]       净值曲线计算                      0.003s (  4.2%)
[10:57:39]       ─────────────────────────────────────────────
[10:57:39]       截面分组(向量化)                   0.002s (  3.3%)
[10:57:39]       总计                          0.056s
[10:57:39] [OK] 回测完成！
[10:57:39]       权重计算(矩阵)                    0.001s (  1.7%)
[10:57:39]       (其他)                        0.040s ( 67.5%)
[10:57:39]       ─────────────────────────────────────────────
[10:57:39]       总计                          0.060s
[10:57:39] [OK] 回测完成！
[11:24:44]     计算IC统计指标...
[11:24:44]     [TIME] 创建透视表...
[11:24:44]     计算IC统计指标...
[11:24:44]     [TIME] 创建透视表...
[11:24:44]       透视表完成: (1, 4122), 耗时: 0.029s
[11:24:44]     └─ 获取透视表: 0.033s
[11:24:44]     └─ 转换为numpy: 0.000s
[11:24:44]     └─ IC计算: 0.001s
[11:24:44] 
  [图表] [calculate_ic(pearson)] 耗时汇总:
[11:24:44]       获取透视表                       0.033s ( 86.0%) #################
[11:24:44]       IC计算                        0.001s (  2.6%)
[11:24:44]       转换为numpy                    0.000s (  0.0%)
[11:24:44]       ─────────────────────────────────────────────
[11:24:44]       总计                          0.038s
[11:24:44]     └─ 获取透视表: 0.000s
[11:24:44]     └─ 转换为numpy: 0.000s
[11:24:44]     └─ IC计算: 0.004s
[11:24:44] 
  [图表] [calculate_ic(spearman)] 耗时汇总:
[11:24:44]       透视表完成: (1, 4122), 耗时: 0.032s
[11:24:44]       IC计算                        0.004s ( 47.5%) #########
[11:24:44]     └─ 获取透视表: 0.032s
[11:24:44]       获取透视表                       0.000s (  0.0%)
[11:24:44]     └─ 转换为numpy: 0.000s
[11:24:44]       转换为numpy                    0.000s (  0.0%)
[11:24:44]     └─ IC计算: 0.000s
[11:24:44]       ─────────────────────────────────────────────
[11:24:44] 
  [图表] [calculate_ic(pearson)] 耗时汇总:
[11:24:44]       总计                          0.008s
[11:24:44]       获取透视表                       0.032s ( 91.5%) ##################
[11:24:44]     [OK] IC统计指标完成 (0.1s)
[11:24:44]       转换为numpy                    0.000s (  0.0%)
[11:24:44]     计算IC衰减 (10个滞后期)...
[11:24:44]       IC计算                        0.000s (  0.0%)
[11:24:44]     [TIME]️ 计算IC衰减 (max_lag=10)...
[11:24:44]       ─────────────────────────────────────────────
[11:24:44]       总计                          0.035s
[11:24:44]       IC计算完成, 耗时: 0.002s
[11:24:44]     └─ 获取透视表: 0.000s
[11:24:44]     [TIME]️ IC衰减总计: 0.004s
[11:24:44]     └─ 转换为numpy: 0.000s
[11:24:44]     [OK] IC衰减完成 (0.0s)
[11:24:44]     计算IC分布...
[11:24:44]     [OK] IC分布完成 (0.0s)
[11:24:44]     计算累计IC...
[11:24:44]     └─ IC计算: 0.004s
[11:24:44]     [OK] 累计IC完成 (0.0s)
[11:24:44] 
  [图表] [calculate_ic(spearman)] 耗时汇总:
[11:24:44]     计算IC自相关...
[11:24:44]       IC计算                        0.004s ( 45.4%) #########
[11:24:44]     [OK] IC自相关完成 (0.0s)
[11:24:44]       获取透视表                       0.000s (  0.0%)
[11:24:44]     └─ 获取透视表: 0.000s
[11:24:44]       转换为numpy                    0.000s (  0.0%)
[11:24:44]       ─────────────────────────────────────────────
[11:24:44]       总计                          0.009s
[11:24:44]     └─ 按年度计算: 0.005s
[11:24:44]     [OK] IC统计指标完成 (0.1s)
[11:24:44] 
  [图表] [yearly_analysis] 耗时汇总:
[11:24:44]     计算IC衰减 (10个滞后期)...
[11:24:44]       按年度计算                       0.005s ( 45.5%) #########
[11:24:44]     [TIME]️ 计算IC衰减 (max_lag=10)...
[11:24:44]       获取透视表                       0.000s (  0.0%)
[11:24:44]       ─────────────────────────────────────────────
[11:24:44]       IC计算完成, 耗时: 0.002s
[11:24:44]       总计                          0.011s
[11:24:44]     [TIME]️ IC衰减总计: 0.004s
[11:24:44]     [OK] IC衰减完成 (0.0s)
[11:24:44]     计算IC分布...
[11:24:44]     [OK] IC分布完成 (0.0s)
[11:24:44]     计算累计IC...
[11:24:44]     [OK] 累计IC完成 (0.0s)
[11:24:44]     计算IC自相关...
[11:24:44]     [OK] IC自相关完成 (0.0s)
[11:24:44]     └─ 获取透视表: 0.000s
[11:24:44]     └─ 按年度计算: 0.013s
[11:24:44] 
  [图表] [yearly_analysis] 耗时汇总:
[11:24:44]       按年度计算                       0.013s ( 86.7%) #################
[11:24:44]       获取透视表                       0.000s (  0.0%)
[11:24:44] 
开始因子分组回测 (截面模式-矩阵优化)...
[11:24:44]       ─────────────────────────────────────────────
[11:24:44]   分组数量: 5
[11:24:44]       总计                          0.015s
[11:24:44]   加权方式: equal
[11:24:44]     └─ 构建矩阵: 0.002s
[11:24:44]     └─ 截面分组(向量化): 0.001s
[11:24:44]     └─ 权重计算(矩阵): 0.000s
[11:24:44]     └─ 收益计算(矩阵): 0.002s
[11:24:44]     └─ 统计指标计算: 0.004s
[11:24:44]     └─ 净值曲线计算: 0.001s
[11:24:44] 
  [图表] [回测引擎] 耗时汇总:
[11:24:44] 
开始因子分组回测 (截面模式-矩阵优化)...
[11:24:44]       统计指标计算                      0.004s ( 18.0%) ###
[11:24:44]   分组数量: 5
[11:24:44]       构建矩阵                        0.002s (  9.0%) #
[11:24:44]   加权方式: equal
[11:24:44]       收益计算(矩阵)                    0.002s (  9.0%) #
[11:24:44]       截面分组(向量化)                   0.001s (  4.5%)
[11:24:44]       净值曲线计算                      0.001s (  4.5%)
[11:24:44]     └─ 构建矩阵: 0.002s
[11:24:44]       权重计算(矩阵)                    0.000s (  0.0%)
[11:24:44]     └─ 截面分组(向量化): 0.000s
[11:24:44]       (其他)                        0.012s ( 55.1%)
[11:24:44]     └─ 权重计算(矩阵): 0.000s
[11:24:44]       ─────────────────────────────────────────────
[11:24:44]       总计                          0.022s
[11:24:44] [OK] 回测完成！
[11:24:44]     └─ 收益计算(矩阵): 0.001s
[11:24:44]     └─ 统计指标计算: 0.004s
[11:24:44]     └─ 净值曲线计算: 0.001s
[11:24:44] 
  [图表] [回测引擎] 耗时汇总:
[11:24:44]       统计指标计算                      0.004s ( 19.0%) ###
[11:24:44]       构建矩阵                        0.002s (  9.5%) #
[11:24:44]       收益计算(矩阵)                    0.001s (  4.8%)
[11:24:44]       净值曲线计算                      0.001s (  4.8%)
[11:24:44]       截面分组(向量化)                   0.000s (  0.0%)
[11:24:44]       权重计算(矩阵)                    0.000s (  0.0%)
[11:24:44]       (其他)                        0.013s ( 61.9%)
[11:24:44]       ─────────────────────────────────────────────
[11:24:44]       总计                          0.021s
[11:24:44] [OK] 回测完成！
[13:08:19]     计算IC统计指标...
[13:08:19]     [TIME] 创建透视表...
[13:08:19]       透视表完成: (1, 4122), 耗时: 0.029s
[13:08:19]     └─ 获取透视表: 0.030s
[13:08:19]     └─ 转换为numpy: 0.000s
[13:08:19]     └─ IC计算: 0.002s
[13:08:19] 
  [图表] [calculate_ic(pearson)] 耗时汇总:
[13:08:19]       获取透视表                       0.030s ( 82.7%) ################
[13:08:19]       IC计算                        0.002s (  5.5%) #
[13:08:19]       转换为numpy                    0.000s (  0.0%)
[13:08:19]       ─────────────────────────────────────────────
[13:08:19]       总计                          0.036s
[13:08:19]     └─ 获取透视表: 0.000s
[13:08:19]     └─ 转换为numpy: 0.000s
[13:08:19]     └─ IC计算: 0.005s
[13:08:19] 
  [图表] [calculate_ic(spearman)] 耗时汇总:
[13:08:19]       IC计算                        0.005s ( 55.8%) ###########
[13:08:19]       获取透视表                       0.000s (  0.0%)
[13:08:19]       转换为numpy                    0.000s (  0.0%)
[13:08:19]       ─────────────────────────────────────────────
[13:08:19]       总计                          0.009s
[13:08:19]     [OK] IC统计指标完成 (0.1s)
[13:08:19]     计算IC衰减 (10个滞后期)...
[13:08:19]     [TIME]️ 计算IC衰减 (max_lag=10)...
[13:08:19]       IC计算完成, 耗时: 0.005s
[13:08:19]     [TIME]️ IC衰减总计: 0.007s
[13:08:19]     [OK] IC衰减完成 (0.0s)
[13:08:19]     计算IC分布...
[13:08:19]     [OK] IC分布完成 (0.0s)
[13:08:19]     计算IC统计指标...
[13:08:19]     计算累计IC...
[13:08:19]     [TIME] 创建透视表...
[13:08:19]     [OK] 累计IC完成 (0.0s)
[13:08:19]     计算IC自相关...
[13:08:19]     [OK] IC自相关完成 (0.0s)
[13:08:19]     └─ 获取透视表: 0.000s
[13:08:19]     └─ 按年度计算: 0.011s
[13:08:19] 
  [图表] [yearly_analysis] 耗时汇总:
[13:08:19]       按年度计算                       0.011s ( 73.3%) ##############
[13:08:19]       获取透视表                       0.000s (  0.0%)
[13:08:19]       ─────────────────────────────────────────────
[13:08:19]       总计                          0.015s
[13:08:19]       透视表完成: (1, 4122), 耗时: 0.046s
[13:08:19]     └─ 获取透视表: 0.052s
[13:08:19]     └─ 转换为numpy: 0.000s
[13:08:19]     └─ IC计算: 0.000s
[13:08:19] 
  [图表] [calculate_ic(pearson)] 耗时汇总:
[13:08:19]       获取透视表                       0.052s ( 94.5%) ##################
[13:08:19]       转换为numpy                    0.000s (  0.0%)
[13:08:19]       IC计算                        0.000s (  0.0%)
[13:08:19]       ─────────────────────────────────────────────
[13:08:19]       总计                          0.055s
[13:08:19]     └─ 获取透视表: 0.000s
[13:08:19]     └─ 转换为numpy: 0.000s
[13:08:19] 
开始因子分组回测 (截面模式-矩阵优化)...
[13:08:19]   分组数量: 5
[13:08:19]   加权方式: equal
[13:08:19]     └─ IC计算: 0.003s
[13:08:19] 
  [图表] [calculate_ic(spearman)] 耗时汇总:
[13:08:19]     └─ 构建矩阵: 0.003s
[13:08:19]       IC计算                        0.003s ( 38.0%) #######
[13:08:19]     └─ 截面分组(向量化): 0.001s
[13:08:19]       获取透视表                       0.000s (  0.0%)
[13:08:19]     └─ 权重计算(矩阵): 0.001s
[13:08:19]       转换为numpy                    0.000s (  0.0%)
[13:08:19]       ─────────────────────────────────────────────
[13:08:19]     └─ 收益计算(矩阵): 0.001s
[13:08:19]       总计                          0.008s
[13:08:19]     └─ 统计指标计算: 0.006s
[13:08:19]     [OK] IC统计指标完成 (0.1s)
[13:08:19]     └─ 净值曲线计算: 0.002s
[13:08:19]     计算IC衰减 (10个滞后期)...
[13:08:19] 
  [图表] [回测引擎] 耗时汇总:
[13:08:19]       统计指标计算                      0.006s ( 25.0%) ####
[13:08:19]     [TIME]️ 计算IC衰减 (max_lag=10)...
[13:08:19]       构建矩阵                        0.003s ( 12.0%) ##
[13:08:19]       IC计算完成, 耗时: 0.003s
[13:08:19]       净值曲线计算                      0.002s (  8.2%) #
[13:08:19]       截面分组(向量化)                   0.001s (  5.2%) #
[13:08:19]     [TIME]️ IC衰减总计: 0.007s
[13:08:19]       权重计算(矩阵)                    0.001s (  4.3%)
[13:08:19]     [OK] IC衰减完成 (0.0s)
[13:08:19]     计算IC分布...
[13:08:19]       收益计算(矩阵)                    0.001s (  4.1%)
[13:08:19]       (其他)                        0.010s ( 41.2%)
[13:08:19]     [OK] IC分布完成 (0.0s)
[13:08:19]       ─────────────────────────────────────────────
[13:08:19]     计算累计IC...
[13:08:19]       总计                          0.024s
[13:08:19] [OK] 回测完成！
[13:08:19]     [OK] 累计IC完成 (0.0s)
[13:08:19]     计算IC自相关...
[13:08:19]     [OK] IC自相关完成 (0.0s)
[13:08:19]     └─ 获取透视表: 0.000s
[13:08:19]     └─ 按年度计算: 0.005s
[13:08:19] 
  [图表] [yearly_analysis] 耗时汇总:
[13:08:19]       按年度计算                       0.005s ( 83.7%) ################
[13:08:19]       获取透视表                       0.000s (  0.0%)
[13:08:19]       ─────────────────────────────────────────────
[13:08:19]       总计                          0.006s
[13:08:19] 
开始因子分组回测 (截面模式-矩阵优化)...
[13:08:19]   分组数量: 5
[13:08:19]   加权方式: equal
[13:08:19]     └─ 构建矩阵: 0.001s
[13:08:19]     └─ 截面分组(向量化): 0.001s
[13:08:19]     └─ 权重计算(矩阵): 0.000s
[13:08:19]     └─ 收益计算(矩阵): 0.000s
[13:08:19]     └─ 统计指标计算: 0.004s
[13:08:19]     └─ 净值曲线计算: 0.001s
[13:08:19] 
  [图表] [回测引擎] 耗时汇总:
[13:08:19]       统计指标计算                      0.004s ( 24.5%) ####
[13:08:19]       构建矩阵                        0.001s (  6.1%) #
[13:08:19]       截面分组(向量化)                   0.001s (  6.0%) #
[13:08:19]       净值曲线计算                      0.001s (  5.9%) #
[13:08:19]       权重计算(矩阵)                    0.000s (  0.0%)
[13:08:19]       收益计算(矩阵)                    0.000s (  0.0%)
[13:08:19]       ─────────────────────────────────────────────
[13:08:19]       总计                          0.017s
[13:08:19] [OK] 回测完成！
[13:46:25]     计算IC统计指标...
[13:46:25]     [TIME] 创建透视表...
[13:46:25]       透视表完成: (1, 4122), 耗时: 0.014s
[13:46:25]     └─ 获取透视表: 0.016s
[13:46:25]     └─ 转换为numpy: 0.000s
[13:46:25]     └─ IC计算: 0.001s
[13:46:25] 
  [图表] [calculate_ic(pearson)] 耗时汇总:
[13:46:25]       获取透视表                       0.016s ( 94.1%) ##################
[13:46:25]       IC计算                        0.001s (  5.9%) #
[13:46:25]       转换为numpy                    0.000s (  0.0%)
[13:46:25]       ─────────────────────────────────────────────
[13:46:25]       总计                          0.017s
[13:46:25]     └─ 获取透视表: 0.000s
[13:46:25]     └─ 转换为numpy: 0.000s
[13:46:25]     └─ IC计算: 0.004s
[13:46:25] 
  [图表] [calculate_ic(spearman)] 耗时汇总:
[13:46:25]       IC计算                        0.004s ( 53.1%) ##########
[13:46:25]       获取透视表                       0.000s (  0.0%)
[13:46:25]       转换为numpy                    0.000s (  0.0%)
[13:46:25]       ─────────────────────────────────────────────
[13:46:25]       总计                          0.007s
[13:46:25]     [OK] IC统计指标完成 (0.0s)
[13:46:25]     计算IC衰减 (10个滞后期)...
[13:46:25]     [TIME]️ 计算IC衰减 (max_lag=10)...
[13:46:25]       IC计算完成, 耗时: 0.002s
[13:46:25]     [TIME]️ IC衰减总计: 0.002s
[13:46:25]     [OK] IC衰减完成 (0.0s)
[13:46:25]     计算IC分布...
[13:46:25]     [OK] IC分布完成 (0.0s)
[13:46:25]     计算累计IC...
[13:46:25]     [OK] 累计IC完成 (0.0s)
[13:46:25]     计算IC自相关...
[13:46:25]     [OK] IC自相关完成 (0.0s)
[13:46:25]     └─ 获取透视表: 0.000s
[13:46:25]     └─ 按年度计算: 0.006s
[13:46:25] 
  [图表] [yearly_analysis] 耗时汇总:
[13:46:25]       按年度计算                       0.006s ( 87.7%) #################
[13:46:25]       获取透视表                       0.000s (  0.0%)
[13:46:25]       ─────────────────────────────────────────────
[13:46:25]       总计                          0.007s
[13:46:25] 
开始因子分组回测 (截面模式-矩阵优化)...
[13:46:25]   分组数量: 5
[13:46:25]   加权方式: equal
[13:46:25]     └─ 构建矩阵: 0.001s
[13:46:25]     └─ 截面分组(向量化): 0.001s
[13:46:25]     └─ 权重计算(矩阵): 0.000s
[13:46:25]     └─ 收益计算(矩阵): 0.000s
[13:46:25]     └─ 统计指标计算: 0.002s
[13:46:25]     └─ 净值曲线计算: 0.001s
[13:46:25] 
  [图表] [回测引擎] 耗时汇总:
[13:46:25]       统计指标计算                      0.002s ( 15.4%) ###
[13:46:25]       截面分组(向量化)                   0.001s (  7.7%) #
[13:46:25]       净值曲线计算                      0.001s (  7.7%) #
[13:46:25]       构建矩阵                        0.001s (  7.6%) #
[13:46:25]       权重计算(矩阵)                    0.000s (  0.0%)
[13:46:25]       收益计算(矩阵)                    0.000s (  0.0%)
[13:46:25]       ─────────────────────────────────────────────
[13:46:25]       总计                          0.013s
[13:46:25] [OK] 回测完成！
[13:46:25]     计算IC统计指标...
[13:46:25]     [TIME] 创建透视表...
[13:46:25]       透视表完成: (1, 4122), 耗时: 0.013s
[13:46:25]     └─ 获取透视表: 0.015s
[13:46:25]     └─ 转换为numpy: 0.000s
[13:46:25]     └─ IC计算: 0.000s
[13:46:25] 
  [图表] [calculate_ic(pearson)] 耗时汇总:
[13:46:25]       获取透视表                       0.015s ( 88.3%) #################
[13:46:25]       转换为numpy                    0.000s (  0.0%)
[13:46:25]       IC计算                        0.000s (  0.0%)
[13:46:25]       ─────────────────────────────────────────────
[13:46:25]       总计                          0.017s
[13:46:25]     └─ 获取透视表: 0.000s
[13:46:25]     └─ 转换为numpy: 0.000s
[13:46:25]     └─ IC计算: 0.001s
[13:46:25] 
  [图表] [calculate_ic(spearman)] 耗时汇总:
[13:46:25]       IC计算                        0.001s ( 30.5%) ######
[13:46:25]       获取透视表                       0.000s (  0.0%)
[13:46:25]       转换为numpy                    0.000s (  0.0%)
[13:46:25]       ─────────────────────────────────────────────
[13:46:25]       总计                          0.003s
[13:46:25]     [OK] IC统计指标完成 (0.0s)
[13:46:25]     计算IC衰减 (10个滞后期)...
[13:46:25]     [TIME]️ 计算IC衰减 (max_lag=10)...
[13:46:25]       IC计算完成, 耗时: 0.000s
[13:46:25]     [TIME]️ IC衰减总计: 0.002s
[13:46:25]     [OK] IC衰减完成 (0.0s)
[13:46:25]     计算IC分布...
[13:46:25]     [OK] IC分布完成 (0.0s)
[13:46:25]     计算累计IC...
[13:46:25]     [OK] 累计IC完成 (0.0s)
[13:46:25]     计算IC自相关...
[13:46:25]     [OK] IC自相关完成 (0.0s)
[13:46:25]     └─ 获取透视表: 0.000s
[13:46:25]     └─ 按年度计算: 0.005s
[13:46:25] 
  [图表] [yearly_analysis] 耗时汇总:
[13:46:25]       按年度计算                       0.005s ( 83.4%) ################
[13:46:25]       获取透视表                       0.000s (  0.0%)
[13:46:25]       ─────────────────────────────────────────────
[13:46:25]       总计                          0.006s
[13:46:25] 
开始因子分组回测 (截面模式-矩阵优化)...
[13:46:25]   分组数量: 5
[13:46:25]   加权方式: equal
[13:46:25]     └─ 构建矩阵: 0.001s
[13:46:25]     └─ 截面分组(向量化): 0.000s
[13:46:25]     └─ 权重计算(矩阵): 0.000s
[13:46:25]     └─ 收益计算(矩阵): 0.000s
[13:46:25]     └─ 统计指标计算: 0.003s
[13:46:25]     └─ 净值曲线计算: 0.001s
[13:46:25] 
  [图表] [回测引擎] 耗时汇总:
[13:46:25]       统计指标计算                      0.003s ( 34.1%) ######
[13:46:25]       构建矩阵                        0.001s ( 11.4%) ##
[13:46:25]       净值曲线计算                      0.001s ( 11.2%) ##
[13:46:25]       截面分组(向量化)                   0.000s (  0.0%)
[13:46:25]       权重计算(矩阵)                    0.000s (  0.0%)
[13:46:25]       收益计算(矩阵)                    0.000s (  0.0%)
[13:46:25]       ─────────────────────────────────────────────
[13:46:25]       总计                          0.009s
[13:46:25] [OK] 回测完成！
[13:50:23]     计算IC统计指标...
[13:50:23]     [TIME] 创建透视表...
[13:50:23]       透视表完成: (1, 4122), 耗时: 0.040s
[13:50:23]     └─ 获取透视表: 0.043s
[13:50:23]     └─ 转换为numpy: 0.000s
[13:50:23]     └─ IC计算: 0.001s
[13:50:23] 
  [图表] [calculate_ic(pearson)] 耗时汇总:
[13:50:23]       获取透视表                       0.043s ( 82.1%) ################
[13:50:23]       IC计算                        0.001s (  2.4%)
[13:50:23]       转换为numpy                    0.000s (  0.0%)
[13:50:23]       ─────────────────────────────────────────────
[13:50:23]       总计                          0.052s
[13:50:23]     └─ 获取透视表: 0.000s
[13:50:23]     └─ 转换为numpy: 0.000s
[13:50:23]     └─ IC计算: 0.005s
[13:50:23] 
  [图表] [calculate_ic(spearman)] 耗时汇总:
[13:50:23]       IC计算                        0.005s ( 55.5%) ###########
[13:50:23]       获取透视表                       0.000s (  0.0%)
[13:50:23]       转换为numpy                    0.000s (  0.0%)
[13:50:23]       ─────────────────────────────────────────────
[13:50:23]       总计                          0.009s
[13:50:23]     [OK] IC统计指标完成 (0.1s)
[13:50:23]     计算IC衰减 (10个滞后期)...
[13:50:23]     [TIME]️ 计算IC衰减 (max_lag=10)...
[13:50:23]     计算IC统计指标...
[13:50:23]     [TIME] 创建透视表...
[13:50:23]       IC计算完成, 耗时: 0.005s
[13:50:23]     [TIME]️ IC衰减总计: 0.008s
[13:50:23]     [OK] IC衰减完成 (0.0s)
[13:50:23]     计算IC分布...
[13:50:23]     [OK] IC分布完成 (0.0s)
[13:50:23]     计算累计IC...
[13:50:23]     [OK] 累计IC完成 (0.0s)
[13:50:23]     计算IC自相关...
[13:50:23]     计算IC统计指标...
[13:50:23]     [OK] IC自相关完成 (0.0s)
[13:50:23]     [TIME] 创建透视表...
[13:50:23]     └─ 获取透视表: 0.000s
[13:50:23]       透视表完成: (1, 4122), 耗时: 0.044s
[13:50:23]     └─ 按年度计算: 0.014s
[13:50:23]     └─ 获取透视表: 0.050s
[13:50:23] 
  [图表] [yearly_analysis] 耗时汇总:
[13:50:23]     └─ 转换为numpy: 0.000s
[13:50:23]       按年度计算                       0.014s ( 73.8%) ##############
[13:50:23]     └─ IC计算: 0.001s
[13:50:23]       获取透视表                       0.000s (  0.0%)
[13:50:23] 
  [图表] [calculate_ic(pearson)] 耗时汇总:
[13:50:23]       ─────────────────────────────────────────────
[13:50:23]       获取透视表                       0.050s ( 81.6%) ################
[13:50:23]       总计                          0.019s
[13:50:23]       IC计算                        0.001s (  1.6%)
[13:50:23]       转换为numpy                    0.000s (  0.0%)
[13:50:23]       (其他)                        0.010s ( 16.8%)
[13:50:23]       ─────────────────────────────────────────────
[13:50:23]       透视表完成: (1, 4122), 耗时: 0.039s
[13:50:23]       总计                          0.061s
[13:50:23]     └─ 获取透视表: 0.044s
[13:50:23]     └─ 转换为numpy: 0.000s
[13:50:23]     └─ 获取透视表: 0.000s
[13:50:23]     └─ IC计算: 0.001s
[13:50:23]     └─ 转换为numpy: 0.000s
[13:50:23] 
  [图表] [calculate_ic(pearson)] 耗时汇总:
[13:50:23]       获取透视表                       0.044s ( 89.8%) #################
[13:50:23]       IC计算                        0.001s (  2.0%)
[13:50:23]     └─ IC计算: 0.005s
[13:50:23] 
开始因子分组回测 (截面模式-矩阵优化)...
[13:50:23]       转换为numpy                    0.000s (  0.0%)
[13:50:23] 
  [图表] [calculate_ic(spearman)] 耗时汇总:
[13:50:23]   分组数量: 5
[13:50:23]       ─────────────────────────────────────────────
[13:50:23]       总计                          0.049s
[13:50:23]   加权方式: equal
[13:50:23]       IC计算                        0.005s ( 35.7%) #######
[13:50:23]     └─ 获取透视表: 0.000s
[13:50:23]       获取透视表                       0.000s (  0.0%)
[13:50:23]     └─ 构建矩阵: 0.002s
[13:50:23]     └─ 转换为numpy: 0.000s
[13:50:23]       转换为numpy                    0.000s (  0.0%)
[13:50:23]     └─ 截面分组(向量化): 0.000s
[13:50:23]       ─────────────────────────────────────────────
[13:50:23]     └─ 权重计算(矩阵): 0.000s
[13:50:23]     └─ 收益计算(矩阵): 0.000s
[13:50:23]       总计                          0.014s
[13:50:23]     └─ IC计算: 0.005s
[13:50:23]     └─ 统计指标计算: 0.006s
[13:50:23]     [OK] IC统计指标完成 (0.1s)
[13:50:23] 
  [图表] [calculate_ic(spearman)] 耗时汇总:
[13:50:23]     └─ 净值曲线计算: 0.001s
[13:50:23]     计算IC衰减 (10个滞后期)...
[13:50:23]       IC计算                        0.005s ( 33.4%) ######
[13:50:23] 
  [图表] [回测引擎] 耗时汇总:
[13:50:23]     [TIME]️ 计算IC衰减 (max_lag=10)...
[13:50:23]       获取透视表                       0.000s (  0.0%)
[13:50:23]       统计指标计算                      0.006s ( 24.0%) ####
[13:50:23]       转换为numpy                    0.000s (  0.0%)
[13:50:23]       构建矩阵                        0.002s (  8.0%) #
[13:50:23]       IC计算完成, 耗时: 0.003s
[13:50:23]       ─────────────────────────────────────────────
[13:50:23]       净值曲线计算                      0.001s (  4.0%)
[13:50:23]     [TIME]️ IC衰减总计: 0.006s
[13:50:23]       总计                          0.015s
[13:50:23]       截面分组(向量化)                   0.000s (  0.0%)
[13:50:23]     [OK] IC衰减完成 (0.0s)
[13:50:23]     [OK] IC统计指标完成 (0.1s)
[13:50:23]       权重计算(矩阵)                    0.000s (  0.0%)
[13:50:23]     计算IC分布...
[13:50:23]     计算IC衰减 (10个滞后期)...
[13:50:23]       收益计算(矩阵)                    0.000s (  0.0%)
[13:50:23]       (其他)                        0.016s ( 64.0%)
[13:50:23]       ─────────────────────────────────────────────
[13:50:23]     [OK] IC分布完成 (0.0s)
[13:50:23]     [TIME]️ 计算IC衰减 (max_lag=10)...
[13:50:23]       总计                          0.025s
[13:50:23]     计算累计IC...
[13:50:23] [OK] 回测完成！
[13:50:23]       IC计算完成, 耗时: 0.002s
[13:50:23]     [OK] 累计IC完成 (0.0s)
[13:50:23]     [TIME]️ IC衰减总计: 0.009s
[13:50:23]     计算IC自相关...
[13:50:23]     [OK] IC衰减完成 (0.0s)
[13:50:23]     [OK] IC自相关完成 (0.0s)
[13:50:23]     计算IC分布...
[13:50:23]     └─ 获取透视表: 0.000s
[13:50:23]     [OK] IC分布完成 (0.0s)
[13:50:23]     计算累计IC...
[13:50:23]     └─ 按年度计算: 0.010s
[13:50:23]     [OK] 累计IC完成 (0.0s)
[13:50:23] 
  [图表] [yearly_analysis] 耗时汇总:
[13:50:23]     计算IC自相关...
[13:50:23]       按年度计算                       0.010s ( 66.7%) #############
[13:50:23]     [OK] IC自相关完成 (0.0s)
[13:50:23]       获取透视表                       0.000s (  0.0%)
[13:50:23]     └─ 获取透视表: 0.000s
[13:50:23]       ─────────────────────────────────────────────
[13:50:23]       总计                          0.015s
[13:50:23]     └─ 按年度计算: 0.008s
[13:50:23] 
  [图表] [yearly_analysis] 耗时汇总:
[13:50:23]       按年度计算                       0.008s ( 72.0%) ##############
[13:50:23]       获取透视表                       0.000s (  0.0%)
[13:50:23]       ─────────────────────────────────────────────
[13:50:23]       总计                          0.012s
[13:50:23] 
开始因子分组回测 (截面模式-矩阵优化)...
[13:50:23]   分组数量: 5
[13:50:23]   加权方式: equal
[13:50:23]     └─ 构建矩阵: 0.006s
[13:50:23] 
开始因子分组回测 (截面模式-矩阵优化)...
[13:50:23]     └─ 截面分组(向量化): 0.000s
[13:50:23]   分组数量: 5
[13:50:23]     └─ 权重计算(矩阵): 0.000s
[13:50:23]   加权方式: equal
[13:50:23]     └─ 收益计算(矩阵): 0.001s
[13:50:23]     └─ 统计指标计算: 0.006s
[13:50:23]     └─ 构建矩阵: 0.008s
[13:50:23]     └─ 净值曲线计算: 0.002s
[13:50:23]     └─ 截面分组(向量化): 0.001s
[13:50:23] 
  [图表] [回测引擎] 耗时汇总:
[13:50:23]     └─ 权重计算(矩阵): 0.000s
[13:50:23]       构建矩阵                        0.006s ( 18.7%) ###
[13:50:23]       统计指标计算                      0.006s ( 18.0%) ###
[13:50:23]     └─ 收益计算(矩阵): 0.001s
[13:50:23]       净值曲线计算                      0.002s (  6.2%) #
[13:50:23]     └─ 统计指标计算: 0.005s
[13:50:23]       收益计算(矩阵)                    0.001s (  3.1%)
[13:50:23]     └─ 净值曲线计算: 0.002s
[13:50:23]       截面分组(向量化)                   0.000s (  0.0%)
[13:50:23] 
  [图表] [回测引擎] 耗时汇总:
[13:50:23]       权重计算(矩阵)                    0.000s (  0.0%)
[13:50:23]       构建矩阵                        0.008s ( 22.8%) ####
[13:50:23]       (其他)                        0.017s ( 53.9%)
[13:50:23]       统计指标计算                      0.005s ( 14.6%) ##
[13:50:23]       ─────────────────────────────────────────────
[13:50:23]       净值曲线计算                      0.002s (  5.8%) #
[13:50:23]       总计                          0.032s
[13:50:23]       截面分组(向量化)                   0.001s (  3.0%)
[13:50:23] [OK] 回测完成！
[13:50:23]       收益计算(矩阵)                    0.001s (  2.9%)
[13:50:23]       权重计算(矩阵)                    0.000s (  0.0%)
[13:50:23]       (其他)                        0.018s ( 50.9%)
[13:50:23]       ─────────────────────────────────────────────
[13:50:23]       总计                          0.034s
[13:50:23] [OK] 回测完成！
[14:02:52]     计算IC统计指标...
[14:02:52]     [TIME] 创建透视表...
[14:02:52]     计算IC统计指标...
[14:02:52]     [TIME] 创建透视表...
[14:02:52]       透视表完成: (1, 4122), 耗时: 0.032s
[14:02:52]     └─ 获取透视表: 0.036s
[14:02:52]     └─ 转换为numpy: 0.000s
[14:02:52]     └─ IC计算: 0.001s
[14:02:52] 
  [图表] [calculate_ic(pearson)] 耗时汇总:
[14:02:52]       获取透视表                       0.036s ( 87.7%) #################
[14:02:52]       IC计算                        0.001s (  2.5%)
[14:02:52]       转换为numpy                    0.000s (  0.0%)
[14:02:52]       ─────────────────────────────────────────────
[14:02:52]       总计                          0.041s
[14:02:52]     └─ 获取透视表: 0.000s
[14:02:52]     └─ 转换为numpy: 0.000s
[14:02:52]       透视表完成: (1, 4122), 耗时: 0.024s
[14:02:52]     └─ IC计算: 0.004s
[14:02:52]     └─ 获取透视表: 0.028s
[14:02:52]     计算IC统计指标...
[14:02:52] 
  [图表] [calculate_ic(spearman)] 耗时汇总:
[14:02:52]     └─ 转换为numpy: 0.000s
[14:02:52]     [TIME] 创建透视表...
[14:02:52]       IC计算                        0.004s ( 44.5%) ########
[14:02:52]     └─ IC计算: 0.000s
[14:02:52]       获取透视表                       0.000s (  0.0%)
[14:02:52] 
  [图表] [calculate_ic(pearson)] 耗时汇总:
[14:02:52]       转换为numpy                    0.000s (  0.0%)
[14:02:52]       获取透视表                       0.028s ( 85.0%) ################
[14:02:52]       ─────────────────────────────────────────────
[14:02:52]       转换为numpy                    0.000s (  0.0%)
[14:02:52]       总计                          0.009s
[14:02:52]       IC计算                        0.000s (  0.0%)
[14:02:52]     [OK] IC统计指标完成 (0.1s)
[14:02:52]       ─────────────────────────────────────────────
[14:02:52]     计算IC衰减 (10个滞后期)...
[14:02:52]       总计                          0.033s
[14:02:52]     [TIME]️ 计算IC衰减 (max_lag=10)...
[14:02:52]     └─ 获取透视表: 0.000s
[14:02:52]       透视表完成: (1, 4122), 耗时: 0.014s
[14:02:52]       IC计算完成, 耗时: 0.001s
[14:02:52]     └─ 转换为numpy: 0.000s
[14:02:52]     └─ 获取透视表: 0.017s
[14:02:52]     [TIME]️ IC衰减总计: 0.004s
[14:02:52]     └─ 转换为numpy: 0.000s
[14:02:52]     [OK] IC衰减完成 (0.0s)
[14:02:52]     └─ IC计算: 0.002s
[14:02:52]     └─ IC计算: 0.000s
[14:02:52]     计算IC分布...
[14:02:52] 
  [图表] [calculate_ic(spearman)] 耗时汇总:
[14:02:52] 
  [图表] [calculate_ic(pearson)] 耗时汇总:
[14:02:52]     [OK] IC分布完成 (0.0s)
[14:02:52]       IC计算                        0.002s ( 40.0%) #######
[14:02:52]       获取透视表                       0.017s ( 81.0%) ################
[14:02:52]     计算累计IC...
[14:02:52]       获取透视表                       0.000s (  0.0%)
[14:02:52]       转换为numpy                    0.000s (  0.0%)
[14:02:52]     [OK] 累计IC完成 (0.0s)
[14:02:52]       转换为numpy                    0.000s (  0.0%)
[14:02:52]       IC计算                        0.000s (  0.0%)
[14:02:52]     计算IC自相关...
[14:02:52]       ─────────────────────────────────────────────
[14:02:52]       总计                          0.005s
[14:02:52]     [OK] IC自相关完成 (0.0s)
[14:02:52]       ─────────────────────────────────────────────
[14:02:52]     [OK] IC统计指标完成 (0.1s)
[14:02:52]     └─ 获取透视表: 0.000s
[14:02:52]       总计                          0.021s
[14:02:52]     计算IC衰减 (10个滞后期)...
[14:02:52]     └─ 获取透视表: 0.000s
[14:02:52]     [TIME]️ 计算IC衰减 (max_lag=10)...
[14:02:52]     └─ 按年度计算: 0.005s
[14:02:52]     └─ 转换为numpy: 0.000s
[14:02:52] 
  [图表] [yearly_analysis] 耗时汇总:
[14:02:52]       IC计算完成, 耗时: 0.003s
[14:02:52]       按年度计算                       0.005s ( 55.7%) ###########
[14:02:52]     [TIME]️ IC衰减总计: 0.005s
[14:02:52]       获取透视表                       0.000s (  0.0%)
[14:02:52]     └─ IC计算: 0.002s
[14:02:52]     [OK] IC衰减完成 (0.0s)
[14:02:52]       ─────────────────────────────────────────────
[14:02:52] 
  [图表] [calculate_ic(spearman)] 耗时汇总:
[14:02:52]     计算IC分布...
[14:02:52]       总计                          0.009s
[14:02:52]       IC计算                        0.002s ( 22.2%) ####
[14:02:52]     [OK] IC分布完成 (0.0s)
[14:02:52]       获取透视表                       0.000s (  0.0%)
[14:02:52]     计算累计IC...
[14:02:52]       转换为numpy                    0.000s (  0.0%)
[14:02:52]     [OK] 累计IC完成 (0.0s)
[14:02:52]       ─────────────────────────────────────────────
[14:02:52]     计算IC自相关...
[14:02:52]       总计                          0.009s
[14:02:52]     [OK] IC自相关完成 (0.0s)
[14:02:52]     [OK] IC统计指标完成 (0.0s)
[14:02:52]     └─ 获取透视表: 0.000s
[14:02:52]     计算IC衰减 (10个滞后期)...
[14:02:52]     [TIME]️ 计算IC衰减 (max_lag=10)...
[14:02:52]     └─ 按年度计算: 0.005s
[14:02:52] 
  [图表] [yearly_analysis] 耗时汇总:
[14:02:52]       IC计算完成, 耗时: 0.002s
[14:02:52] 
开始因子分组回测 (截面模式-矩阵优化)...
[14:02:52]       按年度计算                       0.005s ( 62.5%) ############
[14:02:52]     [TIME]️ IC衰减总计: 0.006s
[14:02:52]   分组数量: 5
[14:02:52]       获取透视表                       0.000s (  0.0%)
[14:02:52]     [OK] IC衰减完成 (0.0s)
[14:02:52]   加权方式: equal
[14:02:52]       ─────────────────────────────────────────────
[14:02:52]     计算IC分布...
[14:02:52]       总计                          0.008s
[14:02:52]     └─ 构建矩阵: 0.001s
[14:02:52]     [OK] IC分布完成 (0.0s)
[14:02:52]     └─ 截面分组(向量化): 0.000s
[14:02:52]     计算累计IC...
[14:02:52]     └─ 权重计算(矩阵): 0.000s
[14:02:52]     [OK] 累计IC完成 (0.0s)
[14:02:52]     计算IC自相关...
[14:02:52]     └─ 收益计算(矩阵): 0.001s
[14:02:52]     [OK] IC自相关完成 (0.0s)
[14:02:52]     └─ 统计指标计算: 0.002s
[14:02:52]     └─ 获取透视表: 0.000s
[14:02:52]     └─ 净值曲线计算: 0.000s
[14:02:52]     └─ 按年度计算: 0.005s
[14:02:52] 
  [图表] [回测引擎] 耗时汇总:
[14:02:52] 
  [图表] [yearly_analysis] 耗时汇总:
[14:02:52]       统计指标计算                      0.002s (  9.1%) #
[14:02:52]       按年度计算                       0.005s ( 55.6%) ###########
[14:02:52] 
开始因子分组回测 (截面模式-矩阵优化)...
[14:02:52]       构建矩阵                        0.001s (  4.6%)
[14:02:52]       获取透视表                       0.000s (  0.0%)
[14:02:52]   分组数量: 5
[14:02:52]       收益计算(矩阵)                    0.001s (  4.5%)
[14:02:52]       ─────────────────────────────────────────────
[14:02:52]   加权方式: equal
[14:02:52]       截面分组(向量化)                   0.000s (  0.0%)
[14:02:52]       总计                          0.009s
[14:02:52]       权重计算(矩阵)                    0.000s (  0.0%)
[14:02:52]     └─ 构建矩阵: 0.001s
[14:02:52]       净值曲线计算                      0.000s (  0.0%)
[14:02:52]     └─ 截面分组(向量化): 0.000s
[14:02:52]       (其他)                        0.018s ( 81.8%)
[14:02:52]     └─ 权重计算(矩阵): 0.000s
[14:02:52]       ─────────────────────────────────────────────
[14:02:52]     └─ 收益计算(矩阵): 0.000s
[14:02:52]       总计                          0.022s
[14:02:52]     └─ 统计指标计算: 0.002s
[14:02:52] [OK] 回测完成！
[14:02:52]     └─ 净值曲线计算: 0.001s
[14:02:52] 
  [图表] [回测引擎] 耗时汇总:
[14:02:52]       统计指标计算                      0.002s ( 11.8%) ##
[14:02:52]       净值曲线计算                      0.001s (  5.9%) #
[14:02:52] 
开始因子分组回测 (截面模式-矩阵优化)...
[14:02:52]       构建矩阵                        0.001s (  5.9%) #
[14:02:52]   分组数量: 5
[14:02:52]       截面分组(向量化)                   0.000s (  0.0%)
[14:02:52]   加权方式: equal
[14:02:52]       权重计算(矩阵)                    0.000s (  0.0%)
[14:02:52]       收益计算(矩阵)                    0.000s (  0.0%)
[14:02:52]       (其他)                        0.013s ( 76.5%)
[14:02:52]     └─ 构建矩阵: 0.001s
[14:02:52]       ─────────────────────────────────────────────
[14:02:52]     └─ 截面分组(向量化): 0.000s
[14:02:52]       总计                          0.017s
[14:02:52]     └─ 权重计算(矩阵): 0.000s
[14:02:52] [OK] 回测完成！
[14:02:52]     └─ 收益计算(矩阵): 0.000s
[14:02:52]     └─ 统计指标计算: 0.004s
[14:02:52]     └─ 净值曲线计算: 0.001s
[14:02:52] 
  [图表] [回测引擎] 耗时汇总:
[14:02:52]       统计指标计算                      0.004s ( 28.1%) #####
[14:02:52]       构建矩阵                        0.001s (  8.0%) #
[14:02:52]       净值曲线计算                      0.001s (  8.0%) #
[14:02:52]       截面分组(向量化)                   0.000s (  0.0%)
[14:02:52]       权重计算(矩阵)                    0.000s (  0.0%)
[14:02:52]       收益计算(矩阵)                    0.000s (  0.0%)
[14:02:52]       ─────────────────────────────────────────────
[14:02:52]       总计                          0.013s
[14:02:52] [OK] 回测完成！
[14:34:33]     计算IC统计指标...
[14:34:33]     [TIME] 创建透视表...
[14:34:33]       透视表完成: (1, 4122), 耗时: 0.039s
[14:34:33]     └─ 获取透视表: 0.042s
[14:34:33]     └─ 转换为numpy: 0.000s
[14:34:33]     └─ IC计算: 0.000s
[14:34:33] 
  [图表] [calculate_ic(pearson)] 耗时汇总:
[14:34:33]       获取透视表                       0.042s ( 89.2%) #################
[14:34:33]       转换为numpy                    0.000s (  0.0%)
[14:34:33]     计算IC统计指标...
[14:34:33]       IC计算                        0.000s (  0.0%)
[14:34:33]     [TIME] 创建透视表...
[14:34:33]       ─────────────────────────────────────────────
[14:34:33]       总计                          0.047s
[14:34:33]     └─ 获取透视表: 0.000s
[14:34:33]     └─ 转换为numpy: 0.000s
[14:34:33]     └─ IC计算: 0.005s
[14:34:33] 
  [图表] [calculate_ic(spearman)] 耗时汇总:
[14:34:33]       IC计算                        0.005s ( 47.5%) #########
[14:34:33]       获取透视表                       0.000s (  0.0%)
[14:34:33]       转换为numpy                    0.000s (  0.0%)
[14:34:33]       ─────────────────────────────────────────────
[14:34:33]       总计                          0.011s
[14:34:33]     [OK] IC统计指标完成 (0.1s)
[14:34:33]     计算IC衰减 (10个滞后期)...
[14:34:33]       透视表完成: (1, 4122), 耗时: 0.028s
[14:34:33]     [TIME]️ 计算IC衰减 (max_lag=10)...
[14:34:33]     └─ 获取透视表: 0.029s
[14:34:33]     └─ 转换为numpy: 0.000s
[14:34:33]       IC计算完成, 耗时: 0.006s
[14:34:33]     └─ IC计算: 0.003s
[14:34:33]     计算IC统计指标...
[14:34:33]     [TIME]️ IC衰减总计: 0.010s
[14:34:33] 
  [图表] [calculate_ic(pearson)] 耗时汇总:
[14:34:33]     [TIME] 创建透视表...
[14:34:33]       获取透视表                       0.029s ( 73.0%) ##############
[14:34:33]     [OK] IC衰减完成 (0.0s)
[14:34:33]       IC计算                        0.003s (  6.3%) #
[14:34:33]     计算IC分布...
[14:34:33]       转换为numpy                    0.000s (  0.0%)
[14:34:33]     [OK] IC分布完成 (0.0s)
[14:34:33]       ─────────────────────────────────────────────
[14:34:33]     计算累计IC...
[14:34:33]       总计                          0.040s
[14:34:33]     [OK] 累计IC完成 (0.0s)
[14:34:33]     └─ 获取透视表: 0.000s
[14:34:33]     计算IC自相关...
[14:34:33]     └─ 转换为numpy: 0.000s
[14:34:33]     [OK] IC自相关完成 (0.0s)
[14:34:33]       透视表完成: (1, 4122), 耗时: 0.023s
[14:34:33]     └─ 获取透视表: 0.000s
[14:34:33]     └─ 获取透视表: 0.027s
[14:34:33]     └─ IC计算: 0.004s
[14:34:33]     └─ 转换为numpy: 0.000s
[14:34:33] 
  [图表] [calculate_ic(spearman)] 耗时汇总:
[14:34:33]     └─ 按年度计算: 0.007s
[14:34:33]     └─ IC计算: 0.000s
[14:34:33]       IC计算                        0.004s ( 21.7%) ####
[14:34:33] 
  [图表] [yearly_analysis] 耗时汇总:
[14:34:33] 
  [图表] [calculate_ic(pearson)] 耗时汇总:
[14:34:33]       获取透视表                       0.000s (  0.0%)
[14:34:33]       按年度计算                       0.007s ( 56.1%) ###########
[14:34:33]       获取透视表                       0.027s ( 69.8%) #############
[14:34:33]       转换为numpy                    0.000s (  0.0%)
[14:34:33]       获取透视表                       0.000s (  0.0%)
[14:34:33]       转换为numpy                    0.000s (  0.0%)
[14:34:33]       (其他)                        0.013s ( 78.3%)
[14:34:33]       ─────────────────────────────────────────────
[14:34:33]       IC计算                        0.000s (  0.0%)
[14:34:33]       ─────────────────────────────────────────────
[14:34:33]       总计                          0.013s
[14:34:33]       (其他)                        0.012s ( 30.2%)
[14:34:33]       总计                          0.016s
[14:34:33]       ─────────────────────────────────────────────
[14:34:33]     [OK] IC统计指标完成 (0.1s)
[14:34:33]       总计                          0.038s
[14:34:33]     计算IC衰减 (10个滞后期)...
[14:34:33]     └─ 获取透视表: 0.000s
[14:34:33]     [TIME]️ 计算IC衰减 (max_lag=10)...
[14:34:33]     └─ 转换为numpy: 0.000s
[14:34:33]       IC计算完成, 耗时: 0.002s
[14:34:33]     [TIME]️ IC衰减总计: 0.005s
[14:34:33]     └─ IC计算: 0.004s
[14:34:33]     [OK] IC衰减完成 (0.0s)
[14:34:33] 
  [图表] [calculate_ic(spearman)] 耗时汇总:
[14:34:33]     计算IC分布...
[14:34:33]       IC计算                        0.004s ( 49.2%) #########
[14:34:33] 
开始因子分组回测 (截面模式-矩阵优化)...
[14:34:33]     [OK] IC分布完成 (0.0s)
[14:34:33]       获取透视表                       0.000s (  0.0%)
[14:34:33]   分组数量: 5
[14:34:33]     计算累计IC...
[14:34:33]       转换为numpy                    0.000s (  0.0%)
[14:34:33]   加权方式: equal
[14:34:33]     [OK] 累计IC完成 (0.0s)
[14:34:33]       ─────────────────────────────────────────────
[14:34:33]     计算IC自相关...
[14:34:33]       总计                          0.009s
[14:34:33]     └─ 构建矩阵: 0.002s
[14:34:33]     [OK] IC自相关完成 (0.0s)
[14:34:33]     [OK] IC统计指标完成 (0.1s)
[14:34:33]     └─ 截面分组(向量化): 0.001s
[14:34:33]     └─ 获取透视表: 0.000s
[14:34:33]     计算IC衰减 (10个滞后期)...
[14:34:33]     └─ 权重计算(矩阵): 0.000s
[14:34:33]     [TIME]️ 计算IC衰减 (max_lag=10)...
[14:34:33]     └─ 按年度计算: 0.006s
[14:34:33]     └─ 收益计算(矩阵): 0.003s
[14:34:33]       IC计算完成, 耗时: 0.001s
[14:34:33] 
  [图表] [yearly_analysis] 耗时汇总:
[14:34:33]     └─ 统计指标计算: 0.004s
[14:34:33]     [TIME]️ IC衰减总计: 0.013s
[14:34:33]       按年度计算                       0.006s ( 60.1%) ############
[14:34:33]     └─ 净值曲线计算: 0.001s
[14:34:33]     [OK] IC衰减完成 (0.0s)
[14:34:33]       获取透视表                       0.000s (  0.0%)
[14:34:33] 
  [图表] [回测引擎] 耗时汇总:
[14:34:33]     计算IC分布...
[14:34:33]       ─────────────────────────────────────────────
[14:34:33]       统计指标计算                      0.004s ( 11.8%) ##
[14:34:33]     [OK] IC分布完成 (0.0s)
[14:34:33]       总计                          0.010s
[14:34:33]       收益计算(矩阵)                    0.003s (  9.3%) #
[14:34:33]     计算累计IC...
[14:34:33]       构建矩阵                        0.002s (  5.8%) #
[14:34:33]       截面分组(向量化)                   0.001s (  3.0%)
[14:34:33]     [OK] 累计IC完成 (0.0s)
[14:34:33]       净值曲线计算                      0.001s (  3.0%)
[14:34:33]     计算IC自相关...
[14:34:33]       权重计算(矩阵)                    0.000s (  0.0%)
[14:34:33]     [OK] IC自相关完成 (0.0s)
[14:34:33]       (其他)                        0.022s ( 67.0%)
[14:34:33]     └─ 获取透视表: 0.000s
[14:34:33]       ─────────────────────────────────────────────
[14:34:33]       总计                          0.033s
[14:34:33] [OK] 回测完成！
[14:34:33]     └─ 按年度计算: 0.012s
[14:34:33] 
  [图表] [yearly_analysis] 耗时汇总:
[14:34:33]       按年度计算                       0.012s ( 68.9%) #############
[14:34:33]       获取透视表                       0.000s (  0.0%)
[14:34:33] 
开始因子分组回测 (截面模式-矩阵优化)...
[14:34:33]       ─────────────────────────────────────────────
[14:34:33]   分组数量: 5
[14:34:33]       总计                          0.017s
[14:34:33]   加权方式: equal
[14:34:33]     └─ 构建矩阵: 0.002s
[14:34:33]     └─ 截面分组(向量化): 0.000s
[14:34:33]     └─ 权重计算(矩阵): 0.000s
[14:34:33]     └─ 收益计算(矩阵): 0.000s
[14:34:33]     └─ 统计指标计算: 0.005s
[14:34:33]     └─ 净值曲线计算: 0.002s
[14:34:33] 
  [图表] [回测引擎] 耗时汇总:
[14:34:33]       统计指标计算                      0.005s ( 20.7%) ####
[14:34:33]       构建矩阵                        0.002s (  7.9%) #
[14:34:33]       净值曲线计算                      0.002s (  7.7%) #
[14:34:33]       截面分组(向量化)                   0.000s (  0.0%)
[14:34:33]       权重计算(矩阵)                    0.000s (  0.0%)
[14:34:33]       收益计算(矩阵)                    0.000s (  0.0%)
[14:34:33] 
开始因子分组回测 (截面模式-矩阵优化)...
[14:34:33]       (其他)                        0.017s ( 63.8%)
[14:34:33]   分组数量: 5
[14:34:33]   加权方式: equal
[14:34:33]       ─────────────────────────────────────────────
[14:34:33]       总计                          0.026s
[14:34:33] [OK] 回测完成！
[14:34:33]     └─ 构建矩阵: 0.005s
[14:34:33]     └─ 截面分组(向量化): 0.000s
[14:34:33]     └─ 权重计算(矩阵): 0.000s
[14:34:33]     └─ 收益计算(矩阵): 0.001s
[14:34:33]     └─ 统计指标计算: 0.004s
[14:34:33]     └─ 净值曲线计算: 0.001s
[14:34:33] 
  [图表] [回测引擎] 耗时汇总:
[14:34:33]       构建矩阵                        0.005s ( 26.1%) #####
[14:34:33]       统计指标计算                      0.004s ( 21.2%) ####
[14:34:33]       收益计算(矩阵)                    0.001s (  5.5%) #
[14:34:33]       净值曲线计算                      0.001s (  5.3%) #
[14:34:33]       截面分组(向量化)                   0.000s (  0.0%)
[14:34:33]       权重计算(矩阵)                    0.000s (  0.0%)
[14:34:33]       ─────────────────────────────────────────────
[14:34:33]       总计                          0.019s
[14:34:33] [OK] 回测完成！
[15:06:09]     计算IC统计指标...
[15:06:09]     [TIME] 创建透视表...
[15:06:09]     计算IC统计指标...
[15:06:09]     [TIME] 创建透视表...
[15:06:09]     计算IC统计指标...
[15:06:09]     [TIME] 创建透视表...
[15:06:09]       透视表完成: (1, 4122), 耗时: 0.049s
[15:06:09]     └─ 获取透视表: 0.054s
[15:06:09]       透视表完成: (1, 4122), 耗时: 0.048s
[15:06:09]     └─ 转换为numpy: 0.000s
[15:06:09]     └─ 获取透视表: 0.055s
[15:06:09]     └─ 转换为numpy: 0.000s
[15:06:09]     └─ IC计算: 0.001s
[15:06:09]     └─ IC计算: 0.000s
[15:06:09] 
  [图表] [calculate_ic(pearson)] 耗时汇总:
[15:06:09] 
  [图表] [calculate_ic(pearson)] 耗时汇总:
[15:06:09]       获取透视表                       0.054s ( 81.7%) ################
[15:06:09]       获取透视表                       0.055s ( 88.6%) #################
[15:06:09]       转换为numpy                    0.000s (  0.0%)
[15:06:09]       IC计算                        0.001s (  0.8%)
[15:06:09]       转换为numpy                    0.000s (  0.0%)
[15:06:09]       IC计算                        0.000s (  0.0%)
[15:06:09]       透视表完成: (1, 4122), 耗时: 0.031s
[15:06:09]     └─ 获取透视表: 0.038s
[15:06:09]       ─────────────────────────────────────────────
[15:06:09]       总计                          0.062s
[15:06:09]     └─ 转换为numpy: 0.000s
[15:06:09]       (其他)                        0.012s ( 17.5%)
[15:06:09]     └─ 获取透视表: 0.000s
[15:06:09]     └─ IC计算: 0.000s
[15:06:09]       ─────────────────────────────────────────────
[15:06:09]     └─ 转换为numpy: 0.000s
[15:06:09] 
  [图表] [calculate_ic(pearson)] 耗时汇总:
[15:06:09]       总计                          0.066s
[15:06:09]       获取透视表                       0.038s ( 84.6%) ################
[15:06:09]       IC计算                        0.000s (  0.3%)
[15:06:09]       转换为numpy                    0.000s (  0.0%)
[15:06:09]       ─────────────────────────────────────────────
[15:06:09]     └─ IC计算: 0.003s
[15:06:09]     └─ 获取透视表: 0.000s
[15:06:09]       总计                          0.045s
[15:06:09] 
  [图表] [calculate_ic(spearman)] 耗时汇总:
[15:06:09]       IC计算                        0.003s ( 29.6%) #####
[15:06:09]       获取透视表                       0.000s (  0.0%)
[15:06:09]     └─ 转换为numpy: 0.000s
[15:06:09]     └─ 获取透视表: 0.000s
[15:06:09]       转换为numpy                    0.000s (  0.0%)
[15:06:09]     └─ 转换为numpy: 0.000s
[15:06:09]       ─────────────────────────────────────────────
[15:06:09]     └─ IC计算: 0.002s
[15:06:09]       总计                          0.009s
[15:06:09] 
  [图表] [calculate_ic(spearman)] 耗时汇总:
[15:06:09]       IC计算                        0.002s ( 17.3%) ###
[15:06:09]     [OK] IC统计指标完成 (0.1s)
[15:06:09]     计算IC衰减 (10个滞后期)...
[15:06:09]       获取透视表                       0.000s (  0.0%)
[15:06:09]     └─ IC计算: 0.003s
[15:06:09]     [TIME]️ 计算IC衰减 (max_lag=10)...
[15:06:09]       转换为numpy                    0.000s (  0.0%)
[15:06:09] 
  [图表] [calculate_ic(spearman)] 耗时汇总:
[15:06:09]       IC计算完成, 耗时: 0.001s
[15:06:09]       ─────────────────────────────────────────────
[15:06:09]       IC计算                        0.003s ( 31.1%) ######
[15:06:09]     [TIME]️ IC衰减总计: 0.003s
[15:06:09]       总计                          0.009s
[15:06:09]       获取透视表                       0.000s (  0.0%)
[15:06:09]       转换为numpy                    0.000s (  0.0%)
[15:06:09]       ─────────────────────────────────────────────
[15:06:09]     [OK] IC衰减完成 (0.0s)
[15:06:09]     [OK] IC统计指标完成 (0.1s)
[15:06:09]     计算IC衰减 (10个滞后期)...
[15:06:09]     计算IC分布...
[15:06:09]       总计                          0.010s
[15:06:09]     [TIME]️ 计算IC衰减 (max_lag=10)...
[15:06:09]     [OK] IC分布完成 (0.0s)
[15:06:09]     [OK] IC统计指标完成 (0.1s)
[15:06:09]       IC计算完成, 耗时: 0.001s
[15:06:09]     计算累计IC...
[15:06:09]     计算IC衰减 (10个滞后期)...
[15:06:09]     [TIME]️ IC衰减总计: 0.004s
[15:06:09]     [OK] 累计IC完成 (0.0s)
[15:06:09]     [TIME]️ 计算IC衰减 (max_lag=10)...
[15:06:09]     [OK] IC衰减完成 (0.0s)
[15:06:09]     计算IC自相关...
[15:06:09]       IC计算完成, 耗时: 0.002s
[15:06:09]     计算IC分布...
[15:06:09]     [OK] IC自相关完成 (0.0s)
[15:06:09]     └─ 获取透视表: 0.000s
[15:06:09]     [OK] IC分布完成 (0.0s)
[15:06:09]     计算累计IC...
[15:06:09]     [TIME]️ IC衰减总计: 0.005s
[15:06:09]     [OK] 累计IC完成 (0.0s)
[15:06:09]     [OK] IC衰减完成 (0.0s)
[15:06:09]     └─ 按年度计算: 0.008s
[15:06:09]     计算IC自相关...
[15:06:09]     计算IC分布...
[15:06:09] 
  [图表] [yearly_analysis] 耗时汇总:
[15:06:09]     [OK] IC自相关完成 (0.0s)
[15:06:09]     [OK] IC分布完成 (0.0s)
[15:06:09]     计算累计IC...
[15:06:09]     └─ 获取透视表: 0.000s
[15:06:09]       按年度计算                       0.008s ( 73.6%) ##############
[15:06:09]       获取透视表                       0.000s (  0.0%)
[15:06:09]     [OK] 累计IC完成 (0.0s)
[15:06:09]     计算IC自相关...
[15:06:09]       ─────────────────────────────────────────────
[15:06:09]     └─ 按年度计算: 0.010s
[15:06:09]     [OK] IC自相关完成 (0.0s)
[15:06:09]       总计                          0.011s
[15:06:09] 
  [图表] [yearly_analysis] 耗时汇总:
[15:06:09]     └─ 获取透视表: 0.000s
[15:06:09]       按年度计算                       0.010s ( 62.9%) ############
[15:06:09]       获取透视表                       0.000s (  0.0%)
[15:06:09]     └─ 按年度计算: 0.006s
[15:06:09]       ─────────────────────────────────────────────
[15:06:09] 
  [图表] [yearly_analysis] 耗时汇总:
[15:06:09]       按年度计算                       0.006s ( 51.1%) ##########
[15:06:09]       总计                          0.016s
[15:06:09]       获取透视表                       0.000s (  0.0%)
[15:06:09]       ─────────────────────────────────────────────
[15:06:09]       总计                          0.012s
[15:06:09] 
开始因子分组回测 (截面模式-矩阵优化)...
[15:06:09]   分组数量: 5
[15:06:09]   加权方式: equal
[15:06:09]     └─ 构建矩阵: 0.005s
[15:06:09] 
开始因子分组回测 (截面模式-矩阵优化)...
[15:06:09] 
开始因子分组回测 (截面模式-矩阵优化)...
[15:06:09]   分组数量: 5
[15:06:09]     └─ 截面分组(向量化): 0.004s
[15:06:09]     └─ 权重计算(矩阵): 0.000s
[15:06:09]   加权方式: equal
[15:06:09]   分组数量: 5
[15:06:09]     └─ 收益计算(矩阵): 0.001s
[15:06:09]   加权方式: equal
[15:06:09]     └─ 构建矩阵: 0.001s
[15:06:09]     └─ 统计指标计算: 0.004s
[15:06:09]     └─ 截面分组(向量化): 0.001s
[15:06:09]     └─ 构建矩阵: 0.003s
[15:06:09]     └─ 净值曲线计算: 0.001s
[15:06:09]     └─ 权重计算(矩阵): 0.000s
[15:06:09]     └─ 截面分组(向量化): 0.000s
[15:06:09] 
  [图表] [回测引擎] 耗时汇总:
[15:06:09]     └─ 权重计算(矩阵): 0.000s
[15:06:09]     └─ 收益计算(矩阵): 0.001s
[15:06:09]       构建矩阵                        0.005s ( 12.5%) ##
[15:06:09]     └─ 统计指标计算: 0.005s
[15:06:09]     └─ 收益计算(矩阵): 0.006s
[15:06:09]       统计指标计算                      0.004s ( 10.2%) ##
[15:06:09]     └─ 净值曲线计算: 0.000s
[15:06:09]     └─ 统计指标计算: 0.005s
[15:06:09]       截面分组(向量化)                   0.004s (  9.4%) #
[15:06:09] 
  [图表] [回测引擎] 耗时汇总:
[15:06:09]     └─ 净值曲线计算: 0.002s
[15:06:09]       收益计算(矩阵)                    0.001s (  2.7%)
[15:06:09]       净值曲线计算                      0.001s (  2.5%)
[15:06:09] 
  [图表] [回测引擎] 耗时汇总:
[15:06:09]       统计指标计算                      0.005s ( 10.8%) ##
[15:06:09]       权重计算(矩阵)                    0.000s (  0.0%)
[15:06:09]       收益计算(矩阵)                    0.006s ( 11.2%) ##
[15:06:09]       截面分组(向量化)                   0.001s (  2.3%)
[15:06:09]       (其他)                        0.025s ( 62.7%)
[15:06:09]       统计指标计算                      0.005s (  9.0%) #
[15:06:09]       收益计算(矩阵)                    0.001s (  2.3%)
[15:06:09]       ─────────────────────────────────────────────
[15:06:09]       构建矩阵                        0.003s (  6.8%) #
[15:06:09]       构建矩阵                        0.001s (  2.3%)
[15:06:09]       总计                          0.040s
[15:06:09]       净值曲线计算                      0.002s (  4.1%)
[15:06:09]       净值曲线计算                      0.000s (  1.1%)
[15:06:09] [OK] 回测完成！
[15:06:09]       截面分组(向量化)                   0.000s (  0.0%)
[15:06:09]       权重计算(矩阵)                    0.000s (  0.0%)
[15:06:09]       (其他)                        0.035s ( 81.2%)
[15:06:09]       权重计算(矩阵)                    0.000s (  0.0%)
[15:06:09]       ─────────────────────────────────────────────
[15:06:09]       (其他)                        0.035s ( 68.9%)
[15:06:09]       总计                          0.043s
[15:06:09]       ─────────────────────────────────────────────
[15:06:09] [OK] 回测完成！
[15:06:09]       总计                          0.051s
[15:06:09] [OK] 回测完成！
[15:17:06]     计算IC统计指标...
[15:17:06]     [TIME] 创建透视表...
[15:17:06]     计算IC统计指标...
[15:17:06]     [TIME] 创建透视表...
[15:17:06]       透视表完成: (1, 4122), 耗时: 0.035s
[15:17:06]     └─ 获取透视表: 0.040s
[15:17:06]     └─ 转换为numpy: 0.000s
[15:17:06]     └─ IC计算: 0.011s
[15:17:06] 
  [图表] [calculate_ic(pearson)] 耗时汇总:
[15:17:06]       获取透视表                       0.040s ( 67.2%) #############
[15:17:06]       透视表完成: (1, 4122), 耗时: 0.035s
[15:17:06]       IC计算                        0.011s ( 17.8%) ###
[15:17:06]     └─ 获取透视表: 0.037s
[15:17:06]       转换为numpy                    0.000s (  0.0%)
[15:17:06]       ─────────────────────────────────────────────
[15:17:06]     └─ 转换为numpy: 0.000s
[15:17:06]       总计                          0.060s
[15:17:06]     └─ IC计算: 0.000s
[15:17:06]     └─ 获取透视表: 0.000s
[15:17:06] 
  [图表] [calculate_ic(pearson)] 耗时汇总:
[15:17:06]     └─ 转换为numpy: 0.000s
[15:17:06]       获取透视表                       0.037s ( 85.5%) #################
[15:17:06]       转换为numpy                    0.000s (  0.0%)
[15:17:06]       IC计算                        0.000s (  0.0%)
[15:17:06]       ─────────────────────────────────────────────
[15:17:06]       总计                          0.044s
[15:17:06]     └─ 获取透视表: 0.000s
[15:17:06]     └─ IC计算: 0.015s
[15:17:06]     └─ 转换为numpy: 0.000s
[15:17:06] 
  [图表] [calculate_ic(spearman)] 耗时汇总:
[15:17:06]       IC计算                        0.015s ( 49.7%) #########
[15:17:06]       获取透视表                       0.000s (  0.0%)
[15:17:06]       转换为numpy                    0.000s (  0.0%)
[15:17:06]     └─ IC计算: 0.004s
[15:17:06]       (其他)                        0.015s ( 50.3%)
[15:17:06] 
  [图表] [calculate_ic(spearman)] 耗时汇总:
[15:17:06]       ─────────────────────────────────────────────
[15:17:06]       IC计算                        0.004s ( 20.8%) ####
[15:17:06]       总计                          0.030s
[15:17:06]       获取透视表                       0.000s (  0.0%)
[15:17:06]     [OK] IC统计指标完成 (0.1s)
[15:17:06]     计算IC衰减 (10个滞后期)...
[15:17:06]       转换为numpy                    0.000s (  0.0%)
[15:17:06]     [TIME]️ 计算IC衰减 (max_lag=10)...
[15:17:06]       (其他)                        0.015s ( 79.2%)
[15:17:06]       IC计算完成, 耗时: 0.011s
[15:17:06]       ─────────────────────────────────────────────
[15:17:06]     [TIME]️ IC衰减总计: 0.014s
[15:17:06]       总计                          0.019s
[15:17:06]     [OK] IC衰减完成 (0.0s)
[15:17:06]     计算IC分布...
[15:17:06]     [OK] IC统计指标完成 (0.1s)
[15:17:06]     [OK] IC分布完成 (0.0s)
[15:17:06]     计算IC衰减 (10个滞后期)...
[15:17:06]     [TIME]️ 计算IC衰减 (max_lag=10)...
[15:17:06]     计算累计IC...
[15:17:06]       IC计算完成, 耗时: 0.004s
[15:17:06]     [OK] 累计IC完成 (0.0s)
[15:17:06]     计算IC自相关...
[15:17:06]     [TIME]️ IC衰减总计: 0.010s
[15:17:06]     [OK] IC自相关完成 (0.0s)
[15:17:06]     [OK] IC衰减完成 (0.0s)
[15:17:06]     └─ 获取透视表: 0.000s
[15:17:06]     计算IC分布...
[15:17:06]     [OK] IC分布完成 (0.0s)
[15:17:06]     计算累计IC...
[15:17:06]     └─ 按年度计算: 0.022s
[15:17:06]     [OK] 累计IC完成 (0.0s)
[15:17:06] 
  [图表] [yearly_analysis] 耗时汇总:
[15:17:06]     计算IC自相关...
[15:17:06]       按年度计算                       0.022s ( 78.8%) ###############
[15:17:06]     [OK] IC自相关完成 (0.0s)
[15:17:06]     └─ 获取透视表: 0.000s
[15:17:06]       获取透视表                       0.000s (  0.0%)
[15:17:06]     计算IC统计指标...
[15:17:06]       ─────────────────────────────────────────────
[15:17:06]       总计                          0.028s
[15:17:06]     [TIME] 创建透视表...
[15:17:06]     └─ 按年度计算: 0.010s
[15:17:06] 
  [图表] [yearly_analysis] 耗时汇总:
[15:17:06]       按年度计算                       0.010s ( 42.7%) ########
[15:17:06]       获取透视表                       0.000s (  0.0%)
[15:17:06]       (其他)                        0.013s ( 57.3%)
[15:17:06]       ─────────────────────────────────────────────
[15:17:06]       总计                          0.023s
[15:17:06] 
开始因子分组回测 (截面模式-矩阵优化)...
[15:17:06]   分组数量: 5
[15:17:06]       透视表完成: (1, 4122), 耗时: 0.061s
[15:17:06]   加权方式: equal
[15:17:06]     └─ 获取透视表: 0.073s
[15:17:06] 
开始因子分组回测 (截面模式-矩阵优化)...
[15:17:06]     └─ 转换为numpy: 0.000s
[15:17:06]     └─ 构建矩阵: 0.003s
[15:17:06]   分组数量: 5
[15:17:06]     └─ IC计算: 0.001s
[15:17:06]   加权方式: equal
[15:17:06] 
  [图表] [calculate_ic(pearson)] 耗时汇总:
[15:17:06]     └─ 截面分组(向量化): 0.004s
[15:17:06]       获取透视表                       0.073s ( 89.6%) #################
[15:17:06]     └─ 构建矩阵: 0.002s
[15:17:06]     └─ 权重计算(矩阵): 0.001s
[15:17:06]       IC计算                        0.001s (  1.2%)
[15:17:06]     └─ 截面分组(向量化): 0.000s
[15:17:06]       转换为numpy                    0.000s (  0.0%)
[15:17:06]     └─ 权重计算(矩阵): 0.001s
[15:17:06]     └─ 收益计算(矩阵): 0.003s
[15:17:06]       ─────────────────────────────────────────────
[15:17:06]     └─ 统计指标计算: 0.007s
[15:17:06]       总计                          0.082s
[15:17:06]     └─ 收益计算(矩阵): 0.008s
[15:17:06]     └─ 净值曲线计算: 0.002s
[15:17:06]     └─ 获取透视表: 0.000s
[15:17:06]     └─ 统计指标计算: 0.003s
[15:17:06] 
  [图表] [回测引擎] 耗时汇总:
[15:17:06]     └─ 转换为numpy: 0.000s
[15:17:06]     └─ 净值曲线计算: 0.002s
[15:17:06]       统计指标计算                      0.007s ( 13.4%) ##
[15:17:06] 
  [图表] [回测引擎] 耗时汇总:
[15:17:06]       截面分组(向量化)                   0.004s (  7.1%) #
[15:17:06]       收益计算(矩阵)                    0.008s ( 15.7%) ###
[15:17:06]     └─ IC计算: 0.011s
[15:17:06]       收益计算(矩阵)                    0.003s (  6.0%) #
[15:17:06]       统计指标计算                      0.003s (  6.4%) #
[15:17:06] 
  [图表] [calculate_ic(spearman)] 耗时汇总:
[15:17:06]       IC计算                        0.011s ( 46.0%) #########
[15:17:06]       构建矩阵                        0.002s (  5.1%) #
[15:17:06]       构建矩阵                        0.003s (  6.0%) #
[15:17:06]       获取透视表                       0.000s (  0.0%)
[15:17:06]       净值曲线计算                      0.002s (  3.4%)
[15:17:06]       净值曲线计算                      0.002s (  4.0%)
[15:17:06]       转换为numpy                    0.000s (  0.0%)
[15:17:06]       权重计算(矩阵)                    0.001s (  2.1%)
[15:17:06]       截面分组(向量化)                   0.000s (  0.0%)
[15:17:06]       (其他)                        0.013s ( 54.0%)
[15:17:06]       权重计算(矩阵)                    0.001s (  2.0%)
[15:17:06]       (其他)                        0.031s ( 61.4%)
[15:17:06]       ─────────────────────────────────────────────
[15:17:06]       (其他)                        0.033s ( 67.3%)
[15:17:06]       ─────────────────────────────────────────────
[15:17:06]       总计                          0.048s
[15:17:06] [OK] 回测完成！
[15:17:06]       总计                          0.024s
[15:17:06]       ─────────────────────────────────────────────
[15:17:06]     [OK] IC统计指标完成 (0.1s)
[15:17:06]       总计                          0.050s
[15:17:06]     计算IC衰减 (10个滞后期)...
[15:17:06] [OK] 回测完成！
[15:17:06]     [TIME]️ 计算IC衰减 (max_lag=10)...
[15:17:06]       IC计算完成, 耗时: 0.002s
[15:17:06]     [TIME]️ IC衰减总计: 0.004s
[15:17:06]     [OK] IC衰减完成 (0.0s)
[15:17:06]     计算IC分布...
[15:17:06]     [OK] IC分布完成 (0.0s)
[15:17:06]     计算累计IC...
[15:17:06]     [OK] 累计IC完成 (0.0s)
[15:17:06]     计算IC自相关...
[15:17:06]     [OK] IC自相关完成 (0.0s)
[15:17:06]     └─ 获取透视表: 0.000s
[15:17:06]     └─ 按年度计算: 0.005s
[15:17:06] 
  [图表] [yearly_analysis] 耗时汇总:
[15:17:06]       按年度计算                       0.005s ( 83.8%) ################
[15:17:06]       获取透视表                       0.000s (  0.0%)
[15:17:06]       ─────────────────────────────────────────────
[15:17:06]       总计                          0.006s
[15:17:06] 
开始因子分组回测 (截面模式-矩阵优化)...
[15:17:06]   分组数量: 5
[15:17:06]   加权方式: equal
[15:17:06]     └─ 构建矩阵: 0.002s
[15:17:06]     └─ 截面分组(向量化): 0.000s
[15:17:06]     └─ 权重计算(矩阵): 0.000s
[15:17:06]     └─ 收益计算(矩阵): 0.001s
[15:17:06]     └─ 统计指标计算: 0.003s
[15:17:06]     └─ 净值曲线计算: 0.002s
[15:17:06] 
  [图表] [回测引擎] 耗时汇总:
[15:17:06]       统计指标计算                      0.003s ( 19.4%) ###
[15:17:06]       净值曲线计算                      0.002s ( 12.9%) ##
[15:17:06]       构建矩阵                        0.002s ( 11.0%) ##
[15:17:06]       收益计算(矩阵)                    0.001s (  6.5%) #
[15:17:06]       截面分组(向量化)                   0.000s (  1.5%)
[15:17:06]       权重计算(矩阵)                    0.000s (  0.0%)
[15:17:06]       ─────────────────────────────────────────────
[15:17:06]       总计                          0.015s
[15:17:06] [OK] 回测完成！
[10:50:26]     计算IC统计指标...
[10:50:26]     [TIME] 创建透视表...
[10:50:26]       透视表完成: (1, 4122), 耗时: 0.025s
[10:50:26]     └─ 获取透视表: 0.027s
[10:50:26]     └─ 转换为numpy: 0.000s
[10:50:26]     └─ IC计算: 0.000s
[10:50:26] 
  [图表] [calculate_ic(pearson)] 耗时汇总:
[10:50:26]       获取透视表                       0.027s ( 92.8%) ##################
[10:50:26]       转换为numpy                    0.000s (  0.0%)
[10:50:26]       IC计算                        0.000s (  0.0%)
[10:50:26]       ─────────────────────────────────────────────
[10:50:26]       总计                          0.029s
[10:50:26]     └─ 获取透视表: 0.000s
[10:50:26]     └─ 转换为numpy: 0.000s
[10:50:26]     └─ IC计算: 0.011s
[10:50:26] 
  [图表] [calculate_ic(spearman)] 耗时汇总:
[10:50:26]       IC计算                        0.011s ( 81.4%) ################
[10:50:26]       获取透视表                       0.000s (  0.0%)
[10:50:26]       转换为numpy                    0.000s (  0.0%)
[10:50:26]       ─────────────────────────────────────────────
[10:50:26]       总计                          0.014s
[10:50:26]     [OK] IC统计指标完成 (0.1s)
[10:50:26]     计算IC衰减 (10个滞后期)...
[10:50:26]     [TIME]️ 计算IC衰减 (max_lag=10)...
[10:50:26]       IC计算完成, 耗时: 0.001s
[10:50:26]     [TIME]️ IC衰减总计: 0.003s
[10:50:26]     [OK] IC衰减完成 (0.0s)
[10:50:26]     计算IC分布...
[10:50:26]     [OK] IC分布完成 (0.0s)
[10:50:26]     计算累计IC...
[10:50:26]     [OK] 累计IC完成 (0.0s)
[10:50:26]     计算IC自相关...
[10:50:26]     [OK] IC自相关完成 (0.0s)
[10:50:26]     └─ 获取透视表: 0.000s
[10:50:26]     └─ 按年度计算: 0.007s
[10:50:26] 
  [图表] [yearly_analysis] 耗时汇总:
[10:50:26]       按年度计算                       0.007s ( 66.8%) #############
[10:50:26]       获取透视表                       0.000s (  0.0%)
[10:50:26]       ─────────────────────────────────────────────
[10:50:26]       总计                          0.010s
[10:50:26] 
开始因子分组回测 (截面模式-矩阵优化)...
[10:50:26]   分组数量: 5
[10:50:26]   加权方式: equal
[10:50:26]     └─ 构建矩阵: 0.002s
[10:50:26]     └─ 截面分组(向量化): 0.001s
[10:50:26]     └─ 权重计算(矩阵): 0.000s
[10:50:26]     └─ 收益计算(矩阵): 0.002s
[10:50:26]     └─ 统计指标计算: 0.006s
[10:50:26]     └─ 净值曲线计算: 0.002s
[10:50:26] 
  [图表] [回测引擎] 耗时汇总:
[10:50:26]       统计指标计算                      0.006s ( 26.7%) #####
[10:50:26]       净值曲线计算                      0.002s ( 10.2%) ##
[10:50:26]       收益计算(矩阵)                    0.002s (  9.3%) #
[10:50:26]       构建矩阵                        0.002s (  9.3%) #
[10:50:26]       截面分组(向量化)                   0.001s (  6.1%) #
[10:50:26]       权重计算(矩阵)                    0.000s (  0.0%)
[10:50:26]       ─────────────────────────────────────────────
[10:50:26]       总计                          0.021s
[10:50:26] [OK] 回测完成！
[11:04:02]     计算IC统计指标...
[11:04:02]     [TIME] 创建透视表...
[11:04:02]       透视表完成: (1, 4122), 耗时: 0.021s
[11:04:02]     └─ 获取透视表: 0.023s
[11:04:02]     └─ 转换为numpy: 0.000s
[11:04:02]     └─ IC计算: 0.000s
[11:04:02] 
  [图表] [calculate_ic(pearson)] 耗时汇总:
[11:04:02]       获取透视表                       0.023s ( 92.2%) ##################
[11:04:02]       转换为numpy                    0.000s (  0.0%)
[11:04:02]       IC计算                        0.000s (  0.0%)
[11:04:02]       ─────────────────────────────────────────────
[11:04:02]       总计                          0.025s
[11:04:02]     └─ 获取透视表: 0.000s
[11:04:02]     └─ 转换为numpy: 0.000s
[11:04:02]     └─ IC计算: 0.002s
[11:04:02] 
  [图表] [calculate_ic(spearman)] 耗时汇总:
[11:04:02]       IC计算                        0.002s ( 49.9%) #########
[11:04:02]       获取透视表                       0.000s (  0.0%)
[11:04:02]       转换为numpy                    0.000s (  0.0%)
[11:04:02]       ─────────────────────────────────────────────
[11:04:02]       总计                          0.004s
[11:04:02]     [OK] IC统计指标完成 (0.0s)
[11:04:02]     计算IC衰减 (10个滞后期)...
[11:04:02]     [TIME]️ 计算IC衰减 (max_lag=10)...
[11:04:02]       IC计算完成, 耗时: 0.002s
[11:04:02]     [TIME]️ IC衰减总计: 0.004s
[11:04:02]     [OK] IC衰减完成 (0.0s)
[11:04:02]     计算IC分布...
[11:04:02]     [OK] IC分布完成 (0.0s)
[11:04:02]     计算累计IC...
[11:04:02]     [OK] 累计IC完成 (0.0s)
[11:04:02]     计算IC自相关...
[11:04:02]     [OK] IC自相关完成 (0.0s)
[11:04:02]     └─ 获取透视表: 0.000s
[11:04:02]     └─ 按年度计算: 0.007s
[11:04:03] 
  [图表] [yearly_analysis] 耗时汇总:
[11:04:03]       按年度计算                       0.007s ( 88.5%) #################
[11:04:03]       获取透视表                       0.000s (  0.0%)
[11:04:03]       ─────────────────────────────────────────────
[11:04:03]       总计                          0.008s
[11:04:03] 
开始因子分组回测 (截面模式-矩阵优化)...
[11:04:03]   分组数量: 5
[11:04:03]   加权方式: equal
[11:04:03]     └─ 构建矩阵: 0.002s
[11:04:03]     └─ 截面分组(向量化): 0.001s
[11:04:03]     └─ 权重计算(矩阵): 0.000s
[11:04:03]     └─ 收益计算(矩阵): 0.000s
[11:04:03]     └─ 统计指标计算: 0.006s
[11:04:03]     └─ 净值曲线计算: 0.002s
[11:04:03] 
  [图表] [回测引擎] 耗时汇总:
[11:04:03]       统计指标计算                      0.006s ( 32.9%) ######
[11:04:03]       净值曲线计算                      0.002s ( 11.6%) ##
[11:04:03]       构建矩阵                        0.002s ( 11.2%) ##
[11:04:03]       截面分组(向量化)                   0.001s (  5.4%) #
[11:04:03]       权重计算(矩阵)                    0.000s (  0.0%)
[11:04:03]       收益计算(矩阵)                    0.000s (  0.0%)
[11:04:03]       ─────────────────────────────────────────────
[11:04:03]       总计                          0.018s
[11:04:03] [OK] 回测完成！
[11:05:35]     计算IC统计指标...
[11:05:35]     [TIME] 创建透视表...
[11:05:35]       透视表完成: (1, 4122), 耗时: 0.026s
[11:05:35]     └─ 获取透视表: 0.028s
[11:05:35]     └─ 转换为numpy: 0.000s
[11:05:35]     └─ IC计算: 0.000s
[11:05:35] 
  [图表] [calculate_ic(pearson)] 耗时汇总:
[11:05:35]       获取透视表                       0.028s ( 87.5%) #################
[11:05:35]       转换为numpy                    0.000s (  0.0%)
[11:05:35]       IC计算                        0.000s (  0.0%)
[11:05:35]       ─────────────────────────────────────────────
[11:05:35]       总计                          0.032s
[11:05:35]     └─ 获取透视表: 0.000s
[11:05:35]     └─ 转换为numpy: 0.000s
[11:05:35]     └─ IC计算: 0.005s
[11:05:35] 
  [图表] [calculate_ic(spearman)] 耗时汇总:
[11:05:35]       IC计算                        0.005s ( 70.2%) ##############
[11:05:35]       获取透视表                       0.000s (  0.0%)
[11:05:35]       转换为numpy                    0.000s (  0.0%)
[11:05:35]       ─────────────────────────────────────────────
[11:05:35]       总计                          0.007s
[11:05:35]     [OK] IC统计指标完成 (0.0s)
[11:05:35]     计算IC衰减 (10个滞后期)...
[11:05:35]     [TIME]️ 计算IC衰减 (max_lag=10)...
[11:05:35]       IC计算完成, 耗时: 0.003s
[11:05:35]     [TIME]️ IC衰减总计: 0.004s
[11:05:35]     [OK] IC衰减完成 (0.0s)
[11:05:35]     计算IC分布...
[11:05:35]     [OK] IC分布完成 (0.0s)
[11:05:35]     计算累计IC...
[11:05:35]     [OK] 累计IC完成 (0.0s)
[11:05:35]     计算IC自相关...
[11:05:35]     [OK] IC自相关完成 (0.0s)
[11:05:35]     └─ 获取透视表: 0.000s
[11:05:35]     └─ 按年度计算: 0.009s
[11:05:35] 
  [图表] [yearly_analysis] 耗时汇总:
[11:05:35]       按年度计算                       0.009s ( 90.0%) #################
[11:05:35]       获取透视表                       0.000s (  0.0%)
[11:05:35]       ─────────────────────────────────────────────
[11:05:35]       总计                          0.010s
[11:05:35] 
开始因子分组回测 (截面模式-矩阵优化)...
[11:05:35]   分组数量: 5
[11:05:35]   加权方式: equal
[11:05:35]     └─ 构建矩阵: 0.002s
[11:05:35]     └─ 截面分组(向量化): 0.001s
[11:05:35]     └─ 权重计算(矩阵): 0.000s
[11:05:35]     └─ 收益计算(矩阵): 0.000s
[11:05:35]     └─ 统计指标计算: 0.008s
[11:05:35]     └─ 净值曲线计算: 0.002s
[11:05:35] 
  [图表] [回测引擎] 耗时汇总:
[11:05:35]       统计指标计算                      0.008s ( 37.8%) #######
[11:05:35]       构建矩阵                        0.002s ( 10.7%) ##
[11:05:35]       净值曲线计算                      0.002s (  9.3%) #
[11:05:35]       截面分组(向量化)                   0.001s (  4.6%)
[11:05:35]       权重计算(矩阵)                    0.000s (  0.0%)
[11:05:35]       收益计算(矩阵)                    0.000s (  0.0%)
[11:05:35]       ─────────────────────────────────────────────
[11:05:35]       总计                          0.021s
[11:05:35] [OK] 回测完成！
[11:05:46]     计算IC统计指标...
[11:05:46]     [TIME] 创建透视表...
[11:05:46]       透视表完成: (1, 4122), 耗时: 0.021s
[11:05:46]     └─ 获取透视表: 0.022s
[11:05:46]     └─ 转换为numpy: 0.000s
[11:05:46]     └─ IC计算: 0.000s
[11:05:46] 
  [图表] [calculate_ic(pearson)] 耗时汇总:
[11:05:46]       获取透视表                       0.022s ( 91.8%) ##################
[11:05:46]       转换为numpy                    0.000s (  0.0%)
[11:05:46]       IC计算                        0.000s (  0.0%)
[11:05:46]       ─────────────────────────────────────────────
[11:05:46]       总计                          0.024s
[11:05:46]     └─ 获取透视表: 0.000s
[11:05:46]     └─ 转换为numpy: 0.000s
[11:05:46]     └─ IC计算: 0.001s
[11:05:46] 
  [图表] [calculate_ic(spearman)] 耗时汇总:
[11:05:46]       IC计算                        0.001s ( 30.8%) ######
[11:05:46]       获取透视表                       0.000s (  0.0%)
[11:05:46]       转换为numpy                    0.000s (  0.0%)
[11:05:46]       ─────────────────────────────────────────────
[11:05:46]       总计                          0.003s
[11:05:46]     [OK] IC统计指标完成 (0.0s)
[11:05:46]     计算IC衰减 (10个滞后期)...
[11:05:46]     [TIME]️ 计算IC衰减 (max_lag=10)...
[11:05:46]       IC计算完成, 耗时: 0.002s
[11:05:46]     [TIME]️ IC衰减总计: 0.004s
[11:05:46]     [OK] IC衰减完成 (0.0s)
[11:05:46]     计算IC分布...
[11:05:46]     [OK] IC分布完成 (0.0s)
[11:05:46]     计算累计IC...
[11:05:46]     [OK] 累计IC完成 (0.0s)
[11:05:46]     计算IC自相关...
[11:05:46]     [OK] IC自相关完成 (0.0s)
[11:05:46]     └─ 获取透视表: 0.000s
[11:05:46]     └─ 按年度计算: 0.006s
[11:05:46] 
  [图表] [yearly_analysis] 耗时汇总:
[11:05:46]       按年度计算                       0.006s ( 74.1%) ##############
[11:05:46]       获取透视表                       0.000s (  0.0%)
[11:05:46]       ─────────────────────────────────────────────
[11:05:46]       总计                          0.008s
[11:05:46] 
开始因子分组回测 (截面模式-矩阵优化)...
[11:05:46]   分组数量: 5
[11:05:46]   加权方式: equal
[11:05:46]     └─ 构建矩阵: 0.003s
[11:05:46]     └─ 截面分组(向量化): 0.000s
[11:05:46]     └─ 权重计算(矩阵): 0.000s
[11:05:46]     └─ 收益计算(矩阵): 0.001s
[11:05:46]     └─ 统计指标计算: 0.005s
[11:05:46]     └─ 净值曲线计算: 0.001s
[11:05:46] 
  [图表] [回测引擎] 耗时汇总:
[11:05:46]       统计指标计算                      0.005s ( 25.6%) #####
[11:05:46]       构建矩阵                        0.003s ( 15.5%) ###
[11:05:46]       收益计算(矩阵)                    0.001s (  6.7%) #
[11:05:46]       净值曲线计算                      0.001s (  5.0%)
[11:05:46]       截面分组(向量化)                   0.000s (  0.0%)
[11:05:46]       权重计算(矩阵)                    0.000s (  0.0%)
[11:05:46]       ─────────────────────────────────────────────
[11:05:46]       总计                          0.020s
[11:05:46] [OK] 回测完成！
[11:05:57]     计算IC统计指标...
[11:05:57]     [TIME] 创建透视表...
[11:05:57]       透视表完成: (13, 4146), 耗时: 0.075s
[11:05:57]     └─ 获取透视表: 0.077s
[11:05:57]     └─ 转换为numpy: 0.000s
[11:05:57]     └─ IC计算: 0.006s
[11:05:57] 
  [图表] [calculate_ic(pearson)] 耗时汇总:
[11:05:57]       获取透视表                       0.077s ( 89.5%) #################
[11:05:57]       IC计算                        0.006s (  7.1%) #
[11:05:57]       转换为numpy                    0.000s (  0.0%)
[11:05:57]       ─────────────────────────────────────────────
[11:05:57]       总计                          0.086s
[11:05:57]     └─ 获取透视表: 0.000s
[11:05:57]     └─ 转换为numpy: 0.000s
[11:05:57]     └─ IC计算: 0.037s
[11:05:57] 
  [图表] [calculate_ic(spearman)] 耗时汇总:
[11:05:57]       IC计算                        0.037s ( 92.7%) ##################
[11:05:57]       获取透视表                       0.000s (  0.0%)
[11:05:57]       转换为numpy                    0.000s (  0.0%)
[11:05:57]       ─────────────────────────────────────────────
[11:05:57]       总计                          0.040s
[11:05:57]     [OK] IC统计指标完成 (0.1s)
[11:05:57]     计算IC衰减 (10个滞后期)...
[11:05:57]     [TIME]️ 计算IC衰减 (max_lag=10)...
[11:05:57]       IC计算完成, 耗时: 0.074s
[11:05:57]     [TIME]️ IC衰减总计: 0.077s
[11:05:57]     [OK] IC衰减完成 (0.1s)
[11:05:57]     计算IC分布...
[11:05:57]     [OK] IC分布完成 (0.0s)
[11:05:57]     计算累计IC...
[11:05:57]     [OK] 累计IC完成 (0.0s)
[11:05:57]     计算IC自相关...
[11:05:57]     [OK] IC自相关完成 (0.0s)
[11:05:57]     └─ 获取透视表: 0.000s
[11:05:57]     └─ 按年度计算: 0.020s
[11:05:57] 
  [图表] [yearly_analysis] 耗时汇总:
[11:05:57]       按年度计算                       0.020s ( 95.3%) ###################
[11:05:57]       获取透视表                       0.000s (  0.0%)
[11:05:57]       ─────────────────────────────────────────────
[11:05:57]       总计                          0.021s
[11:05:57] 
开始因子分组回测 (截面模式-矩阵优化)...
[11:05:57]   分组数量: 5
[11:05:57]   加权方式: equal
[11:05:57]     └─ 构建矩阵: 0.006s
[11:05:57]     └─ 截面分组(向量化): 0.005s
[11:05:57]     └─ 权重计算(矩阵): 0.000s
[11:05:57]     └─ 收益计算(矩阵): 0.005s
[11:05:57]     └─ 统计指标计算: 0.004s
[11:05:57]     └─ 净值曲线计算: 0.002s
[11:05:57] 
  [图表] [回测引擎] 耗时汇总:
[11:05:57]       构建矩阵                        0.006s ( 20.1%) ####
[11:05:57]       截面分组(向量化)                   0.005s ( 16.2%) ###
[11:05:57]       收益计算(矩阵)                    0.005s ( 15.9%) ###
[11:05:57]       统计指标计算                      0.004s ( 12.7%) ##
[11:05:57]       净值曲线计算                      0.002s (  6.3%) #
[11:05:57]       权重计算(矩阵)                    0.000s (  0.0%)
[11:05:57]       ─────────────────────────────────────────────
[11:05:57]       总计                          0.031s
[11:05:57] [OK] 回测完成！
[11:06:24]     计算IC统计指标...
[11:06:24]     [TIME] 创建透视表...
[11:06:24]       透视表完成: (13, 4146), 耗时: 0.053s
[11:06:24]     └─ 获取透视表: 0.054s
[11:06:24]     └─ 转换为numpy: 0.000s
[11:06:24]     └─ IC计算: 0.002s
[11:06:24] 
  [图表] [calculate_ic(pearson)] 耗时汇总:
[11:06:24]       获取透视表                       0.054s ( 90.9%) ##################
[11:06:24]       IC计算                        0.002s (  4.0%)
[11:06:24]       转换为numpy                    0.000s (  0.0%)
[11:06:24]       ─────────────────────────────────────────────
[11:06:24]       总计                          0.059s
[11:06:24]     └─ 获取透视表: 0.000s
[11:06:24]     └─ 转换为numpy: 0.000s
[11:06:24]     └─ IC计算: 0.024s
[11:06:24] 
  [图表] [calculate_ic(spearman)] 耗时汇总:
[11:06:24]       IC计算                        0.024s ( 89.1%) #################
[11:06:24]       获取透视表                       0.000s (  0.0%)
[11:06:24]       转换为numpy                    0.000s (  0.0%)
[11:06:24]       ─────────────────────────────────────────────
[11:06:24]       总计                          0.027s
[11:06:24]     [OK] IC统计指标完成 (0.1s)
[11:06:24]     计算IC衰减 (10个滞后期)...
[11:06:24]     [TIME]️ 计算IC衰减 (max_lag=10)...
[11:06:24]       IC计算完成, 耗时: 0.064s
[11:06:24]     [TIME]️ IC衰减总计: 0.066s
[11:06:24]     [OK] IC衰减完成 (0.1s)
[11:06:24]     计算IC分布...
[11:06:24]     [OK] IC分布完成 (0.0s)
[11:06:24]     计算累计IC...
[11:06:24]     [OK] 累计IC完成 (0.0s)
[11:06:24]     计算IC自相关...
[11:06:24]     [OK] IC自相关完成 (0.0s)
[11:06:24]     └─ 获取透视表: 0.000s
[11:06:24]     └─ 按年度计算: 0.023s
[11:06:24] 
  [图表] [yearly_analysis] 耗时汇总:
[11:06:24]       按年度计算                       0.023s ( 88.2%) #################
[11:06:24]       获取透视表                       0.000s (  0.0%)
[11:06:24]       ─────────────────────────────────────────────
[11:06:24]       总计                          0.026s
[11:06:24] 
开始因子分组回测 (截面模式-矩阵优化)...
[11:06:24]   分组数量: 5
[11:06:24]   加权方式: equal
[11:06:24]     └─ 构建矩阵: 0.008s
[11:06:24]     └─ 截面分组(向量化): 0.005s
[11:06:24]     └─ 权重计算(矩阵): 0.001s
[11:06:24]     └─ 收益计算(矩阵): 0.009s
[11:06:24]     └─ 统计指标计算: 0.009s
[11:06:24]     └─ 净值曲线计算: 0.001s
[11:06:24] 
  [图表] [回测引擎] 耗时汇总:
[11:06:24]       统计指标计算                      0.009s ( 20.0%) ###
[11:06:24]       收益计算(矩阵)                    0.009s ( 19.0%) ###
[11:06:24]       构建矩阵                        0.008s ( 17.8%) ###
[11:06:24]       截面分组(向量化)                   0.005s ( 10.1%) ##
[11:06:24]       净值曲线计算                      0.001s (  2.2%)
[11:06:24]       权重计算(矩阵)                    0.001s (  2.2%)
[11:06:24]       (其他)                        0.013s ( 28.8%)
[11:06:24]       ─────────────────────────────────────────────
[11:06:24]       总计                          0.045s
[11:06:24] [OK] 回测完成！
[11:06:36]     计算IC统计指标...
[11:06:36]     [TIME] 创建透视表...
[11:06:36]       透视表完成: (13, 4146), 耗时: 0.082s
[11:06:36]     └─ 获取透视表: 0.083s
[11:06:36]     └─ 转换为numpy: 0.000s
[11:06:36]     └─ IC计算: 0.008s
[11:06:36] 
  [图表] [calculate_ic(pearson)] 耗时汇总:
[11:06:36]       获取透视表                       0.083s ( 87.4%) #################
[11:06:36]       IC计算                        0.008s (  8.4%) #
[11:06:36]       转换为numpy                    0.000s (  0.0%)
[11:06:36]       ─────────────────────────────────────────────
[11:06:36]       总计                          0.095s
[11:06:36]     └─ 获取透视表: 0.000s
[11:06:36]     └─ 转换为numpy: 0.000s
[11:06:36]     └─ IC计算: 0.045s
[11:06:36] 
  [图表] [calculate_ic(spearman)] 耗时汇总:
[11:06:36]       IC计算                        0.045s ( 90.1%) ##################
[11:06:36]       获取透视表                       0.000s (  0.0%)
[11:06:36]       转换为numpy                    0.000s (  0.0%)
[11:06:36]     计算IC统计指标...
[11:06:36]       ─────────────────────────────────────────────
[11:06:36]     [TIME] 创建透视表...
[11:06:36]       总计                          0.050s
[11:06:36]     [OK] IC统计指标完成 (0.2s)
[11:06:36]     计算IC衰减 (10个滞后期)...
[11:06:36]     [TIME]️ 计算IC衰减 (max_lag=10)...
[11:06:36]       IC计算完成, 耗时: 0.097s
[11:06:36]     [TIME]️ IC衰减总计: 0.099s
[11:06:36]     [OK] IC衰减完成 (0.1s)
[11:06:36]     计算IC分布...
[11:06:36]     [OK] IC分布完成 (0.0s)
[11:06:36]     计算累计IC...
[11:06:36]     [OK] 累计IC完成 (0.0s)
[11:06:36]     计算IC自相关...
[11:06:36]       透视表完成: (13, 4146), 耗时: 0.119s
[11:06:36]     [OK] IC自相关完成 (0.0s)
[11:06:36]     └─ 获取透视表: 0.125s
[11:06:36]     └─ 获取透视表: 0.000s
[11:06:36]     └─ 转换为numpy: 0.000s
[11:06:36]     └─ IC计算: 0.020s
[11:06:36] 
  [图表] [calculate_ic(pearson)] 耗时汇总:
[11:06:36]       获取透视表                       0.125s ( 82.8%) ################
[11:06:36]       IC计算                        0.020s ( 13.3%) ##
[11:06:36]     └─ 按年度计算: 0.028s
[11:06:36]       转换为numpy                    0.000s (  0.0%)
[11:06:36] 
  [图表] [yearly_analysis] 耗时汇总:
[11:06:36]       ─────────────────────────────────────────────
[11:06:36]       按年度计算                       0.028s ( 90.3%) ##################
[11:06:36]       获取透视表                       0.000s (  0.0%)
[11:06:36]       总计                          0.151s
[11:06:36]       ─────────────────────────────────────────────
[11:06:36]     └─ 获取透视表: 0.000s
[11:06:36]       总计                          0.031s
[11:06:36]     └─ 转换为numpy: 0.000s
[11:06:36] 
开始因子分组回测 (截面模式-矩阵优化)...
[11:06:36]   分组数量: 5
[11:06:36]     └─ IC计算: 0.050s
[11:06:36]   加权方式: equal
[11:06:36] 
  [图表] [calculate_ic(spearman)] 耗时汇总:
[11:06:36]       IC计算                        0.050s ( 88.6%) #################
[11:06:36]       获取透视表                       0.000s (  0.0%)
[11:06:36]       转换为numpy                    0.000s (  0.0%)
[11:06:36]       ─────────────────────────────────────────────
[11:06:36]       总计                          0.056s
[11:06:36]     [OK] IC统计指标完成 (0.2s)
[11:06:36]     计算IC衰减 (10个滞后期)...
[11:06:36]     [TIME]️ 计算IC衰减 (max_lag=10)...
[11:06:36]     └─ 构建矩阵: 0.008s
[11:06:36]     └─ 截面分组(向量化): 0.007s
[11:06:36]     └─ 权重计算(矩阵): 0.000s
[11:06:36]     └─ 收益计算(矩阵): 0.018s
[11:06:36]     └─ 统计指标计算: 0.008s
[11:06:36]     └─ 净值曲线计算: 0.001s
[11:06:37] 
  [图表] [回测引擎] 耗时汇总:
[11:06:37]       收益计算(矩阵)                    0.018s ( 27.8%) #####
[11:06:37]       构建矩阵                        0.008s ( 12.8%) ##
[11:06:37]       统计指标计算                      0.008s ( 12.4%) ##
[11:06:37]       截面分组(向量化)                   0.007s ( 10.8%) ##
[11:06:37]       净值曲线计算                      0.001s (  1.5%)
[11:06:37]       权重计算(矩阵)                    0.000s (  0.0%)
[11:06:37]       (其他)                        0.022s ( 34.6%)
[11:06:37]       ─────────────────────────────────────────────
[11:06:37]       总计                          0.065s
[11:06:37] [OK] 回测完成！
[11:06:37]       IC计算完成, 耗时: 0.095s
[11:06:37]     [TIME]️ IC衰减总计: 0.098s
[11:06:37]     [OK] IC衰减完成 (0.1s)
[11:06:37]     计算IC分布...
[11:06:37]     [OK] IC分布完成 (0.0s)
[11:06:37]     计算累计IC...
[11:06:37]     [OK] 累计IC完成 (0.0s)
[11:06:37]     计算IC自相关...
[11:06:37]     [OK] IC自相关完成 (0.0s)
[11:06:37]     └─ 获取透视表: 0.000s
[11:06:37]     └─ 按年度计算: 0.026s
[11:06:37] 
  [图表] [yearly_analysis] 耗时汇总:
[11:06:37]       按年度计算                       0.026s ( 89.8%) #################
[11:06:37]       获取透视表                       0.000s (  0.0%)
[11:06:37]       ─────────────────────────────────────────────
[11:06:37]       总计                          0.029s
[11:06:37] 
开始因子分组回测 (截面模式-矩阵优化)...
[11:06:37]   分组数量: 5
[11:06:37]   加权方式: equal
[11:06:37]     └─ 构建矩阵: 0.008s
[11:06:37]     └─ 截面分组(向量化): 0.002s
[11:06:37]     └─ 权重计算(矩阵): 0.000s
[11:06:37]     └─ 收益计算(矩阵): 0.005s
[11:06:37]     └─ 统计指标计算: 0.005s
[11:06:37]     └─ 净值曲线计算: 0.002s
[11:06:37] 
  [图表] [回测引擎] 耗时汇总:
[11:06:37]       构建矩阵                        0.008s ( 26.0%) #####
[11:06:37]       统计指标计算                      0.005s ( 17.1%) ###
[11:06:37]       收益计算(矩阵)                    0.005s ( 16.3%) ###
[11:06:37]       截面分组(向量化)                   0.002s (  7.7%) #
[11:06:37]       净值曲线计算                      0.002s (  6.3%) #
[11:06:37]       权重计算(矩阵)                    0.000s (  0.0%)
[11:06:37]       ─────────────────────────────────────────────
[11:06:37]       总计                          0.032s
[11:06:37] [OK] 回测完成！
[11:09:24]     计算IC统计指标...
[11:09:24]     [TIME] 创建透视表...
[11:09:24]     计算IC统计指标...
[11:09:24]     [TIME] 创建透视表...
[11:09:24]       透视表完成: (13, 4146), 耗时: 0.069s
[11:09:24]     └─ 获取透视表: 0.072s
[11:09:24]     └─ 转换为numpy: 0.000s
[11:09:24]     └─ IC计算: 0.009s
[11:09:24] 
  [图表] [calculate_ic(pearson)] 耗时汇总:
[11:09:24]       获取透视表                       0.072s ( 81.5%) ################
[11:09:24]       IC计算                        0.009s ( 10.5%) ##
[11:09:24]       转换为numpy                    0.000s (  0.0%)
[11:09:24]       ─────────────────────────────────────────────
[11:09:24]       总计                          0.088s
[11:09:24]     └─ 获取透视表: 0.000s
[11:09:24]     └─ 转换为numpy: 0.000s
[11:09:24]       透视表完成: (13, 4146), 耗时: 0.069s
[11:09:24]     └─ 获取透视表: 0.070s
[11:09:24]     └─ 转换为numpy: 0.000s
[11:09:24]     └─ IC计算: 0.005s
[11:09:24] 
  [图表] [calculate_ic(pearson)] 耗时汇总:
[11:09:24]       获取透视表                       0.070s ( 89.7%) #################
[11:09:24]       IC计算                        0.005s (  6.4%) #
[11:09:24]       转换为numpy                    0.000s (  0.0%)
[11:09:24]       ─────────────────────────────────────────────
[11:09:24]       总计                          0.078s
[11:09:24]     └─ 获取透视表: 0.000s
[11:09:24]     └─ 转换为numpy: 0.000s
[11:09:24]     └─ IC计算: 0.041s
[11:09:24] 
  [图表] [calculate_ic(spearman)] 耗时汇总:
[11:09:24]       IC计算                        0.041s ( 89.0%) #################
[11:09:24]       获取透视表                       0.000s (  0.0%)
[11:09:24]       转换为numpy                    0.000s (  0.0%)
[11:09:24]       ─────────────────────────────────────────────
[11:09:24]       总计                          0.046s
[11:09:24]     [OK] IC统计指标完成 (0.2s)
[11:09:24]     计算IC衰减 (10个滞后期)...
[11:09:24]     [TIME]️ 计算IC衰减 (max_lag=10)...
[11:09:24]     └─ IC计算: 0.040s
[11:09:24] 
  [图表] [calculate_ic(spearman)] 耗时汇总:
[11:09:24]       IC计算                        0.040s ( 90.7%) ##################
[11:09:24]       获取透视表                       0.000s (  0.0%)
[11:09:24]       转换为numpy                    0.000s (  0.0%)
[11:09:24]       ─────────────────────────────────────────────
[11:09:24]       总计                          0.044s
[11:09:24]     [OK] IC统计指标完成 (0.1s)
[11:09:24]     计算IC衰减 (10个滞后期)...
[11:09:24]     [TIME]️ 计算IC衰减 (max_lag=10)...
[11:09:24]       IC计算完成, 耗时: 0.120s
[11:09:24]     [TIME]️ IC衰减总计: 0.126s
[11:09:24]     [OK] IC衰减完成 (0.1s)
[11:09:24]       IC计算完成, 耗时: 0.100s
[11:09:24]     计算IC分布...
[11:09:24]     [TIME]️ IC衰减总计: 0.104s
[11:09:24]     [OK] IC分布完成 (0.0s)
[11:09:24]     [OK] IC衰减完成 (0.1s)
[11:09:24]     计算累计IC...
[11:09:24]     计算IC分布...
[11:09:24]     [OK] 累计IC完成 (0.0s)
[11:09:24]     计算IC自相关...
[11:09:24]     [OK] IC分布完成 (0.0s)
[11:09:24]     [OK] IC自相关完成 (0.0s)
[11:09:24]     计算累计IC...
[11:09:24]     └─ 获取透视表: 0.000s
[11:09:24]     [OK] 累计IC完成 (0.0s)
[11:09:24]     计算IC自相关...
[11:09:24]     [OK] IC自相关完成 (0.0s)
[11:09:24]     └─ 获取透视表: 0.000s
[11:09:24]     └─ 按年度计算: 0.032s
[11:09:24] 
  [图表] [yearly_analysis] 耗时汇总:
[11:09:24]       按年度计算                       0.032s ( 86.7%) #################
[11:09:24]       获取透视表                       0.000s (  0.0%)
[11:09:24]       ─────────────────────────────────────────────
[11:09:24]       总计                          0.037s
[11:09:24]     └─ 按年度计算: 0.027s
[11:09:24] 
  [图表] [yearly_analysis] 耗时汇总:
[11:09:24]       按年度计算                       0.027s ( 89.9%) #################
[11:09:24]       获取透视表                       0.000s (  0.0%)
[11:09:24]       ─────────────────────────────────────────────
[11:09:24]       总计                          0.030s
[11:09:24] 
开始因子分组回测 (截面模式-矩阵优化)...
[11:09:24]   分组数量: 5
[11:09:24]   加权方式: equal
[11:09:24] 
开始因子分组回测 (截面模式-矩阵优化)...
[11:09:24]   分组数量: 5
[11:09:24]   加权方式: equal
[11:09:24]     └─ 构建矩阵: 0.008s
[11:09:24]     └─ 截面分组(向量化): 0.004s
[11:09:24]     └─ 构建矩阵: 0.007s
[11:09:24]     └─ 权重计算(矩阵): 0.001s
[11:09:24]     └─ 截面分组(向量化): 0.004s
[11:09:24]     └─ 权重计算(矩阵): 0.000s
[11:09:24]     └─ 收益计算(矩阵): 0.004s
[11:09:24]     └─ 统计指标计算: 0.005s
[11:09:24]     └─ 净值曲线计算: 0.001s
[11:09:24]     └─ 收益计算(矩阵): 0.009s
[11:09:24] 
  [图表] [回测引擎] 耗时汇总:
[11:09:24]     └─ 统计指标计算: 0.003s
[11:09:24]       构建矩阵                        0.008s ( 24.3%) ####
[11:09:24]     └─ 净值曲线计算: 0.002s
[11:09:24]       统计指标计算                      0.005s ( 15.2%) ###
[11:09:24]       截面分组(向量化)                   0.004s ( 12.2%) ##
[11:09:24] 
  [图表] [回测引擎] 耗时汇总:
[11:09:24]       收益计算(矩阵)                    0.004s ( 12.1%) ##
[11:09:24]       收益计算(矩阵)                    0.009s ( 25.0%) #####
[11:09:24]       净值曲线计算                      0.001s (  3.0%)
[11:09:24]       构建矩阵                        0.007s ( 19.4%) ###
[11:09:24]       权重计算(矩阵)                    0.001s (  3.0%)
[11:09:24]       截面分组(向量化)                   0.004s ( 11.1%) ##
[11:09:24]       ─────────────────────────────────────────────
[11:09:24]       统计指标计算                      0.003s (  8.3%) #
[11:09:24]       总计                          0.033s
[11:09:24]       净值曲线计算                      0.002s (  5.6%) #
[11:09:24] [OK] 回测完成！
[11:09:24]       权重计算(矩阵)                    0.000s (  0.0%)
[11:09:24]       (其他)                        0.011s ( 30.5%)
[11:09:24]       ─────────────────────────────────────────────
[11:09:24]       总计                          0.036s
[11:09:24] [OK] 回测完成！
[15:24:55] ✅ CSV 因子加载 (开盘价): 26269 条, 99 只股票
[15:24:55] 
开始因子分组回测 (截面模式-矩阵优化)...
[15:24:55]   分组数量: 5
[15:24:55]   加权方式: equal
[15:24:55]     └─ 构建矩阵: 0.002s
[15:24:55]     └─ 截面分组(向量化): 0.001s
[15:24:55]     └─ 权重计算(矩阵): 0.000s
[15:24:55]     └─ 收益计算(矩阵): 0.003s
[15:24:55]     └─ 统计指标计算: 0.004s
[15:24:55]     └─ 净值曲线计算: 0.001s
[15:24:55] 
  [图表] [回测引擎] 耗时汇总:
[15:24:55]       统计指标计算                      0.004s ( 26.7%) #####
[15:24:55]       收益计算(矩阵)                    0.003s ( 20.0%) ####
[15:24:55]       构建矩阵                        0.002s ( 13.3%) ##
[15:24:55]       截面分组(向量化)                   0.001s (  6.7%) #
[15:24:55]       净值曲线计算                      0.001s (  6.7%) #
[15:24:55]       权重计算(矩阵)                    0.000s (  0.0%)
[15:24:55]       ─────────────────────────────────────────────
[15:24:55]       总计                          0.015s
[15:24:55] [OK] 回测完成！
[15:24:55] [OK] Already cached: 26269 records, date: 2018-01-02 ~ 2025-12-01
[15:24:55]     [TIME] 创建透视表...
[15:24:55]       透视表完成: (266, 99), 耗时: 0.027s
[15:24:55]     └─ 获取透视表: 0.028s
[15:24:55]     └─ 转换为numpy: 0.000s
[15:24:55]     └─ IC计算: 0.013s
[15:24:55] 
  [图表] [calculate_ic(pearson)] 耗时汇总:
[15:24:55]       获取透视表                       0.028s ( 64.9%) ############
[15:24:55]       IC计算                        0.013s ( 30.7%) ######
[15:24:55]       转换为numpy                    0.000s (  0.0%)
[15:24:55]       ─────────────────────────────────────────────
[15:24:55]       总计                          0.044s
[15:24:55]     └─ 获取透视表: 0.000s
[15:24:55]     └─ 转换为numpy: 0.001s
[15:24:55]     └─ IC计算: 0.091s
[15:24:55] 
  [图表] [calculate_ic(spearman)] 耗时汇总:
[15:24:55]       IC计算                        0.091s ( 97.9%) ###################
[15:24:55]       转换为numpy                    0.001s (  1.1%)
[15:24:55]       获取透视表                       0.000s (  0.0%)
[15:24:55]       ─────────────────────────────────────────────
[15:24:55]       总计                          0.093s
[15:24:55]     └─ 获取透视表: 0.000s
[15:24:55]     └─ 按年度计算: 0.012s
[15:24:55] 
  [图表] [yearly_analysis] 耗时汇总:
[15:24:55]       按年度计算                       0.012s ( 92.3%) ##################
[15:24:55]       获取透视表                       0.000s (  0.0%)
[15:24:55]       ─────────────────────────────────────────────
[15:24:55]       总计                          0.013s
[15:24:55]     计算IC统计指标...
[15:24:55]     [OK] IC统计指标完成 (0.0s)
[15:24:55]     计算IC衰减 (10个滞后期)...
[15:24:55]     [TIME]️ 计算IC衰减 (max_lag=10)...
[15:24:55]       IC计算完成, 耗时: 0.043s
[15:24:55]     [TIME]️ IC衰减总计: 0.045s
[15:24:55]     [OK] IC衰减完成 (0.1s)
[15:24:55]     计算IC分布...
[15:24:55]     [OK] IC分布完成 (0.0s)
[15:24:55]     计算累计IC...
[15:24:55]     [OK] 累计IC完成 (0.0s)
[15:24:55]     计算IC自相关...
[15:24:56]     [OK] IC自相关完成 (0.0s)
[15:24:56] [基准数据] 开始加载: 000300.SH, 2018-01-02 ~ 2025-12-01
[15:24:56] ✅ 从 MySQL 加载基准数据成功: 000300.SH, 1920 条
[15:27:35] ✅ CSV 因子加载 (开盘价): 26269 条, 99 只股票
[15:27:35] 
开始因子分组回测 (截面模式-矩阵优化)...
[15:27:35]   分组数量: 5
[15:27:35]   加权方式: equal
[15:27:35]     └─ 构建矩阵: 0.001s
[15:27:35]     └─ 截面分组(向量化): 0.000s
[15:27:35]     └─ 权重计算(矩阵): 0.000s
[15:27:35]     └─ 收益计算(矩阵): 0.001s
[15:27:35]     └─ 统计指标计算: 0.003s
[15:27:35]     └─ 净值曲线计算: 0.000s
[15:27:35] 
  [图表] [回测引擎] 耗时汇总:
[15:27:35]       统计指标计算                      0.003s ( 21.0%) ####
[15:27:35]       构建矩阵                        0.001s (  7.7%) #
[15:27:35]       收益计算(矩阵)                    0.001s (  7.0%) #
[15:27:35]       截面分组(向量化)                   0.000s (  0.0%)
[15:27:35]       权重计算(矩阵)                    0.000s (  0.0%)
[15:27:35]       净值曲线计算                      0.000s (  0.0%)
[15:27:35]       ─────────────────────────────────────────────
[15:27:35]       总计                          0.014s
[15:27:35] [OK] 回测完成！
[15:27:35] [OK] Already cached: 26269 records, date: 2018-01-02 ~ 2025-12-01
[15:27:35]     [TIME] 创建透视表...
[15:27:35]       透视表完成: (266, 99), 耗时: 0.023s
[15:27:35]     └─ 获取透视表: 0.024s
[15:27:35]     └─ 转换为numpy: 0.000s
[15:27:35]     └─ IC计算: 0.010s
[15:27:35] 
  [图表] [calculate_ic(pearson)] 耗时汇总:
[15:27:35]       获取透视表                       0.024s ( 64.4%) ############
[15:27:35]       IC计算                        0.010s ( 27.8%) #####
[15:27:35]       转换为numpy                    0.000s (  0.0%)
[15:27:35]       ─────────────────────────────────────────────
[15:27:35]       总计                          0.037s
[15:27:35]     └─ 获取透视表: 0.000s
[15:27:35]     └─ 转换为numpy: 0.000s
[15:27:35]     └─ IC计算: 0.093s
[15:27:35] 
  [图表] [calculate_ic(spearman)] 耗时汇总:
[15:27:35]       IC计算                        0.093s ( 98.9%) ###################
[15:27:35]       获取透视表                       0.000s (  0.0%)
[15:27:35]       转换为numpy                    0.000s (  0.0%)
[15:27:35]       ─────────────────────────────────────────────
[15:27:35]       总计                          0.094s
[15:27:35]     └─ 获取透视表: 0.000s
[15:27:35]     └─ 按年度计算: 0.014s
[15:27:35] 
  [图表] [yearly_analysis] 耗时汇总:
[15:27:35]       按年度计算                       0.014s ( 94.0%) ##################
[15:27:35]       获取透视表                       0.000s (  0.0%)
[15:27:35]       ─────────────────────────────────────────────
[15:27:35]       总计                          0.015s
[15:27:35]     计算IC统计指标...
[15:27:35]     [OK] IC统计指标完成 (0.0s)
[15:27:35]     计算IC衰减 (10个滞后期)...
[15:27:35]     [TIME]️ 计算IC衰减 (max_lag=10)...
[15:27:35]       IC计算完成, 耗时: 0.053s
[15:27:35]     [TIME]️ IC衰减总计: 0.054s
[15:27:35]     [OK] IC衰减完成 (0.1s)
[15:27:35]     计算IC分布...
[15:27:35]     [OK] IC分布完成 (0.0s)
[15:27:35]     计算累计IC...
[15:27:35]     [OK] 累计IC完成 (0.0s)
[15:27:35]     计算IC自相关...
[15:27:35]     [OK] IC自相关完成 (0.0s)
[15:27:35] [基准数据] 开始加载: 000300.SH, 2018-01-02 ~ 2025-12-01
[15:27:35] ✅ 从 MySQL 加载基准数据成功: 000300.SH, 1920 条
[15:29:49] ✅ CSV 因子加载 (开盘价): 26269 条, 99 只股票
[15:29:49] 
开始因子分组回测 (截面模式-矩阵优化)...
[15:29:49]   分组数量: 5
[15:29:49]   加权方式: equal
[15:29:49]     └─ 构建矩阵: 0.004s
[15:29:49]     └─ 截面分组(向量化): 0.002s
[15:29:49]     └─ 权重计算(矩阵): 0.000s
[15:29:49]     └─ 收益计算(矩阵): 0.003s
[15:29:49]     └─ 统计指标计算: 0.005s
[15:29:49]     └─ 净值曲线计算: 0.002s
[15:29:49] 
  [图表] [回测引擎] 耗时汇总:
[15:29:49]       统计指标计算                      0.005s ( 20.7%) ####
[15:29:49]       构建矩阵                        0.004s ( 16.6%) ###
[15:29:49]       收益计算(矩阵)                    0.003s ( 12.5%) ##
[15:29:49]       净值曲线计算                      0.002s (  8.3%) #
[15:29:49]       截面分组(向量化)                   0.002s (  8.2%) #
[15:29:49]       权重计算(矩阵)                    0.000s (  0.0%)
[15:29:49]       ─────────────────────────────────────────────
[15:29:49]       总计                          0.024s
[15:29:49] [OK] 回测完成！
[15:29:49] [OK] Already cached: 26269 records, date: 2018-01-02 ~ 2025-12-01
[15:29:49]     [TIME] 创建透视表...
[15:29:49]       透视表完成: (266, 99), 耗时: 0.027s
[15:29:49]     └─ 获取透视表: 0.029s
[15:29:49]     └─ 转换为numpy: 0.000s
[15:29:49]     └─ IC计算: 0.016s
[15:29:49] 
  [图表] [calculate_ic(pearson)] 耗时汇总:
[15:29:49]       获取透视表                       0.029s ( 60.5%) ############
[15:29:49]       IC计算                        0.016s ( 33.2%) ######
[15:29:49]       转换为numpy                    0.000s (  0.0%)
[15:29:49]       ─────────────────────────────────────────────
[15:29:49]       总计                          0.048s
[15:29:49]     └─ 获取透视表: 0.000s
[15:29:49]     └─ 转换为numpy: 0.000s
[15:29:49]     └─ IC计算: 0.144s
[15:29:49] 
  [图表] [calculate_ic(spearman)] 耗时汇总:
[15:29:49]       IC计算                        0.144s ( 97.3%) ###################
[15:29:49]       获取透视表                       0.000s (  0.0%)
[15:29:49]       转换为numpy                    0.000s (  0.0%)
[15:29:49]       ─────────────────────────────────────────────
[15:29:49]       总计                          0.148s
[15:29:49]     └─ 获取透视表: 0.000s
[15:29:49]     └─ 按年度计算: 0.030s
[15:29:49] 
  [图表] [yearly_analysis] 耗时汇总:
[15:29:49]       按年度计算                       0.030s ( 90.9%) ##################
[15:29:49]       获取透视表                       0.000s (  0.0%)
[15:29:49]       ─────────────────────────────────────────────
[15:29:49]       总计                          0.033s
[15:29:49]     计算IC统计指标...
[15:29:49]     [OK] IC统计指标完成 (0.0s)
[15:29:49]     计算IC衰减 (10个滞后期)...
[15:29:49]     [TIME]️ 计算IC衰减 (max_lag=10)...
[15:29:49]       IC计算完成, 耗时: 0.072s
[15:29:49]     [TIME]️ IC衰减总计: 0.075s
[15:29:49]     [OK] IC衰减完成 (0.1s)
[15:29:49]     计算IC分布...
[15:29:49]     [OK] IC分布完成 (0.0s)
[15:29:49]     计算累计IC...
[15:29:49]     [OK] 累计IC完成 (0.0s)
[15:29:49]     计算IC自相关...
[15:29:49]     [OK] IC自相关完成 (0.0s)
[15:29:49] [基准数据] 开始加载: 000300.SH, 2018-01-02 ~ 2025-12-01
[15:29:49] ✅ 从 MySQL 加载基准数据成功: 000300.SH, 1920 条
[16:23:07] ✅ CSV 因子加载 (开盘价): 26269 条, 99 只股票
[16:23:07] 
开始因子分组回测 (截面模式-矩阵优化)...
[16:23:07]   分组数量: 5
[16:23:07]   加权方式: equal
[16:23:07]     └─ 构建矩阵: 0.005s
[16:23:07]     └─ 截面分组(向量化): 0.002s
[16:23:07]     └─ 权重计算(矩阵): 0.000s
[16:23:07]     └─ 收益计算(矩阵): 0.002s
[16:23:07]     └─ 统计指标计算: 0.005s
[16:23:07]     └─ 净值曲线计算: 0.001s
[16:23:07] 
  [图表] [回测引擎] 耗时汇总:
[16:23:07]       构建矩阵                        0.005s ( 23.7%) ####
[16:23:07]       统计指标计算                      0.005s ( 23.6%) ####
[16:23:07]       收益计算(矩阵)                    0.002s ( 10.5%) ##
[16:23:07]       截面分组(向量化)                   0.002s (  9.3%) #
[16:23:07]       净值曲线计算                      0.001s (  4.3%)
[16:23:07]       权重计算(矩阵)                    0.000s (  0.0%)
[16:23:07]       ─────────────────────────────────────────────
[16:23:07]       总计                          0.021s
[16:23:07] [OK] 回测完成！
[16:23:07] [OK] Already cached: 26269 records, date: 2018-01-02 ~ 2025-12-01
[16:23:07]     [TIME] 创建透视表...
[16:23:07]       透视表完成: (266, 99), 耗时: 0.025s
[16:23:07]     └─ 获取透视表: 0.025s
[16:23:07]     └─ 转换为numpy: 0.000s
[16:23:07]     └─ IC计算: 0.020s
[16:23:07] 
  [图表] [calculate_ic(pearson)] 耗时汇总:
[16:23:07]       获取透视表                       0.025s ( 51.0%) ##########
[16:23:07]       IC计算                        0.020s ( 40.7%) ########
[16:23:07]       转换为numpy                    0.000s (  0.0%)
[16:23:07]       ─────────────────────────────────────────────
[16:23:07]       总计                          0.049s
[16:23:07]     └─ 获取透视表: 0.000s
[16:23:07]     └─ 转换为numpy: 0.000s
[16:23:07]     └─ IC计算: 0.144s
[16:23:07] 
  [图表] [calculate_ic(spearman)] 耗时汇总:
[16:23:07]       IC计算                        0.144s ( 99.3%) ###################
[16:23:07]       获取透视表                       0.000s (  0.0%)
[16:23:07]       转换为numpy                    0.000s (  0.0%)
[16:23:07]       ─────────────────────────────────────────────
[16:23:07]       总计                          0.145s
[16:23:07]     └─ 获取透视表: 0.000s
[16:23:07]     └─ 按年度计算: 0.018s
[16:23:07] 
  [图表] [yearly_analysis] 耗时汇总:
[16:23:07]       按年度计算                       0.018s ( 85.6%) #################
[16:23:07]       获取透视表                       0.000s (  0.0%)
[16:23:07]       ─────────────────────────────────────────────
[16:23:07]       总计                          0.021s
[16:23:07]     计算IC统计指标...
[16:23:07]     [OK] IC统计指标完成 (0.0s)
[16:23:07]     计算IC衰减 (10个滞后期)...
[16:23:07]     [TIME]️ 计算IC衰减 (max_lag=10)...
[16:23:07]       IC计算完成, 耗时: 0.064s
[16:23:07]     [TIME]️ IC衰减总计: 0.066s
[16:23:07]     [OK] IC衰减完成 (0.1s)
[16:23:07]     计算IC分布...
[16:23:07]     [OK] IC分布完成 (0.0s)
[16:23:07]     计算累计IC...
[16:23:07]     [OK] 累计IC完成 (0.0s)
[16:23:07]     计算IC自相关...
[16:23:07]     [OK] IC自相关完成 (0.0s)
[16:23:07] [基准数据] 开始加载: 000300.SH, 2018-01-02 ~ 2025-12-01
[16:23:07] ✅ 从 MySQL 加载基准数据成功: 000300.SH, 1920 条
[16:24:58] ✅ CSV 因子加载 (开盘价): 26269 条, 99 只股票
[16:24:58] 
开始因子分组回测 (截面模式-矩阵优化)...
[16:24:58]   分组数量: 5
[16:24:58]   加权方式: equal
[16:24:58]     └─ 构建矩阵: 0.005s
[16:24:58]     └─ 截面分组(向量化): 0.003s
[16:24:58]     └─ 权重计算(矩阵): 0.000s
[16:24:58]     └─ 收益计算(矩阵): 0.003s
[16:24:58]     └─ 统计指标计算: 0.006s
[16:24:58]     └─ 净值曲线计算: 0.002s
[16:24:58] 
  [图表] [回测引擎] 耗时汇总:
[16:24:58]       统计指标计算                      0.006s ( 21.8%) ####
[16:24:58]       构建矩阵                        0.005s ( 17.4%) ###
[16:24:58]       截面分组(向量化)                   0.003s ( 10.4%) ##
[16:24:58]       收益计算(矩阵)                    0.003s ( 10.4%) ##
[16:24:58]       净值曲线计算                      0.002s (  6.9%) #
[16:24:58]       权重计算(矩阵)                    0.000s (  0.0%)
[16:24:58]       ─────────────────────────────────────────────
[16:24:58]       总计                          0.029s
[16:24:58] [OK] 回测完成！
[16:24:58] [OK] Already cached: 26269 records, date: 2018-01-02 ~ 2025-12-01
[16:24:58]     [TIME] 创建透视表...
[16:24:59]       透视表完成: (266, 99), 耗时: 0.037s
[16:24:59]     └─ 获取透视表: 0.038s
[16:24:59]     └─ 转换为numpy: 0.000s
[16:24:59]     └─ IC计算: 0.020s
[16:24:59] 
  [图表] [calculate_ic(pearson)] 耗时汇总:
[16:24:59]       获取透视表                       0.038s ( 63.1%) ############
[16:24:59]       IC计算                        0.020s ( 33.6%) ######
[16:24:59]       转换为numpy                    0.000s (  0.0%)
[16:24:59]       ─────────────────────────────────────────────
[16:24:59]       总计                          0.060s
[16:24:59]     └─ 获取透视表: 0.000s
[16:24:59]     └─ 转换为numpy: 0.000s
[16:24:59]     └─ IC计算: 0.146s
[16:24:59] 
  [图表] [calculate_ic(spearman)] 耗时汇总:
[16:24:59]       IC计算                        0.146s ( 98.6%) ###################
[16:24:59]       获取透视表                       0.000s (  0.0%)
[16:24:59]       转换为numpy                    0.000s (  0.0%)
[16:24:59]       ─────────────────────────────────────────────
[16:24:59]       总计                          0.148s
[16:24:59]     └─ 获取透视表: 0.000s
[16:24:59]     └─ 按年度计算: 0.021s
[16:24:59] 
  [图表] [yearly_analysis] 耗时汇总:
[16:24:59]       按年度计算                       0.021s ( 95.4%) ###################
[16:24:59]       获取透视表                       0.000s (  0.0%)
[16:24:59]       ─────────────────────────────────────────────
[16:24:59]       总计                          0.022s
[16:24:59]     计算IC统计指标...
[16:24:59]     [OK] IC统计指标完成 (0.0s)
[16:24:59]     计算IC衰减 (10个滞后期)...
[16:24:59]     [TIME]️ 计算IC衰减 (max_lag=10)...
[16:24:59]       IC计算完成, 耗时: 0.074s
[16:24:59]     [TIME]️ IC衰减总计: 0.076s
[16:24:59]     [OK] IC衰减完成 (0.1s)
[16:24:59]     计算IC分布...
[16:24:59]     [OK] IC分布完成 (0.0s)
[16:24:59]     计算累计IC...
[16:24:59]     [OK] 累计IC完成 (0.0s)
[16:24:59]     计算IC自相关...
[16:24:59]     [OK] IC自相关完成 (0.0s)
[16:24:59] [基准数据] 开始加载: 000300.SH, 2018-01-02 ~ 2025-12-01
[16:24:59] ✅ 从 MySQL 加载基准数据成功: 000300.SH, 1920 条
[16:27:51]     计算IC统计指标...
[16:27:51]     [TIME] 创建透视表...
[16:27:51]       透视表完成: (13, 4146), 耗时: 0.052s
[16:27:51]     └─ 获取透视表: 0.055s
[16:27:51]     └─ 转换为numpy: 0.000s
[16:27:51]     └─ IC计算: 0.004s
[16:27:51] 
  [图表] [calculate_ic(pearson)] 耗时汇总:
[16:27:51]       获取透视表                       0.055s ( 91.5%) ##################
[16:27:51]       IC计算                        0.004s (  6.1%) #
[16:27:51]       转换为numpy                    0.000s (  0.0%)
[16:27:51]       ─────────────────────────────────────────────
[16:27:51]       总计                          0.061s
[16:27:51]     └─ 获取透视表: 0.000s
[16:27:51]     └─ 转换为numpy: 0.000s
[16:27:51]     └─ IC计算: 0.026s
[16:27:51] 
  [图表] [calculate_ic(spearman)] 耗时汇总:
[16:27:51]       IC计算                        0.026s ( 89.8%) #################
[16:27:51]       获取透视表                       0.000s (  0.0%)
[16:27:51]       转换为numpy                    0.000s (  0.0%)
[16:27:51]       ─────────────────────────────────────────────
[16:27:51]       总计                          0.029s
[16:27:51]     [OK] IC统计指标完成 (0.1s)
[16:27:51]     计算IC衰减 (10个滞后期)...
[16:27:51]     [TIME]️ 计算IC衰减 (max_lag=10)...
[16:27:51]       IC计算完成, 耗时: 0.047s
[16:27:51]     [TIME]️ IC衰减总计: 0.049s
[16:27:51]     [OK] IC衰减完成 (0.1s)
[16:27:51]     计算IC分布...
[16:27:51]     [OK] IC分布完成 (0.0s)
[16:27:51]     计算累计IC...
[16:27:51]     [OK] 累计IC完成 (0.0s)
[16:27:51]     计算IC自相关...
[16:27:51]     [OK] IC自相关完成 (0.0s)
[16:27:51]     └─ 获取透视表: 0.000s
[16:27:51]     └─ 按年度计算: 0.019s
[16:27:51] 
  [图表] [yearly_analysis] 耗时汇总:
[16:27:51]       按年度计算                       0.019s ( 90.6%) ##################
[16:27:51]       获取透视表                       0.000s (  0.0%)
[16:27:51]       ─────────────────────────────────────────────
[16:27:51]       总计                          0.021s
[16:27:51] 
开始因子分组回测 (截面模式-矩阵优化)...
[16:27:51]   分组数量: 5
[16:27:51]   加权方式: equal
[16:27:51]     └─ 构建矩阵: 0.013s
[16:27:51]     └─ 截面分组(向量化): 0.007s
[16:27:51]     └─ 权重计算(矩阵): 0.000s
[16:27:51]     └─ 收益计算(矩阵): 0.007s
[16:27:51]     └─ 统计指标计算: 0.004s
[16:27:51]     └─ 净值曲线计算: 0.001s
[16:27:51] 
  [图表] [回测引擎] 耗时汇总:
[16:27:51]       构建矩阵                        0.013s ( 32.2%) ######
[16:27:51]       截面分组(向量化)                   0.007s ( 17.8%) ###
[16:27:51]       收益计算(矩阵)                    0.007s ( 16.5%) ###
[16:27:51]       统计指标计算                      0.004s (  9.7%) #
[16:27:51]       净值曲线计算                      0.001s (  2.4%)
[16:27:51]       权重计算(矩阵)                    0.000s (  0.0%)
[16:27:51]       ─────────────────────────────────────────────
[16:27:51]       总计                          0.041s
[16:27:51] [OK] 回测完成！
[16:33:33]     计算IC统计指标...
[16:33:33]     [TIME] 创建透视表...
[16:33:33]       透视表完成: (13, 4146), 耗时: 0.497s
[16:33:33]     └─ 获取透视表: 0.519s
[16:33:33]     └─ 转换为numpy: 0.000s
[16:33:35]     └─ IC计算: 1.138s
[16:33:35] 
  [图表] [calculate_ic(pearson)] 耗时汇总:
[16:33:35]       IC计算                        1.138s ( 63.7%) ############
[16:33:35]       获取透视表                       0.519s ( 29.1%) #####
[16:33:35]       转换为numpy                    0.000s (  0.0%)
[16:33:35]       (其他)                        0.128s (  7.2%)
[16:33:35]       ─────────────────────────────────────────────
[16:33:36]       总计                          1.786s
[16:33:36]     └─ 获取透视表: 0.000s
[16:33:36]     └─ 转换为numpy: 0.000s
[16:33:40]     └─ IC计算: 3.746s
[16:33:40] 
  [图表] [calculate_ic(spearman)] 耗时汇总:
[16:33:40]       IC计算                        3.746s ( 88.7%) #################
[16:33:40]       获取透视表                       0.000s (  0.0%)
[16:33:41]       转换为numpy                    0.000s (  0.0%)
[16:33:41]       (其他)                        0.476s ( 11.3%)
[16:33:41]       ─────────────────────────────────────────────
[16:33:41]       总计                          4.222s
[16:33:41]     [OK] IC统计指标完成 (7.7s)
[16:33:41]     计算IC衰减 (10个滞后期)...
[16:33:41]     [TIME]️ 计算IC衰减 (max_lag=10)...
[16:33:42]       IC计算完成, 耗时: 1.085s
[16:33:42]     [TIME]️ IC衰减总计: 1.092s
[16:33:42]     [OK] IC衰减完成 (1.1s)
[16:33:42]     计算IC分布...
[16:33:42]     [OK] IC分布完成 (0.0s)
[16:33:42]     计算累计IC...
[16:33:42]     [OK] 累计IC完成 (0.0s)
[16:33:42]     计算IC自相关...
[16:33:42]     [OK] IC自相关完成 (0.0s)
[16:33:42]     └─ 获取透视表: 0.000s
[16:33:42]     └─ 按年度计算: 0.141s
[16:33:42] 
  [图表] [yearly_analysis] 耗时汇总:
[16:33:42]       按年度计算                       0.141s ( 86.1%) #################
[16:33:42]       获取透视表                       0.000s (  0.0%)
[16:33:42]       (其他)                        0.023s ( 13.9%)
[16:33:42]       ─────────────────────────────────────────────
[16:33:42]       总计                          0.163s
[16:33:42] 
开始因子分组回测 (截面模式-矩阵优化)...
[16:33:42]   分组数量: 5
[16:33:42]   加权方式: equal
[16:33:42]     └─ 构建矩阵: 0.041s
[16:33:42]     └─ 截面分组(向量化): 0.007s
[16:33:42]     └─ 权重计算(矩阵): 0.000s
[16:33:42]     └─ 收益计算(矩阵): 0.010s
[16:33:42]     └─ 统计指标计算: 0.007s
[16:33:42]     └─ 净值曲线计算: 0.001s
[16:33:42] 
  [图表] [回测引擎] 耗时汇总:
[16:33:42]       构建矩阵                        0.041s ( 44.2%) ########
[16:33:42]       收益计算(矩阵)                    0.010s ( 10.5%) ##
[16:33:42]       统计指标计算                      0.007s (  8.0%) #
[16:33:42]       截面分组(向量化)                   0.007s (  7.7%) #
[16:33:42]       净值曲线计算                      0.001s (  1.1%)
[16:33:42]       权重计算(矩阵)                    0.000s (  0.0%)
[16:33:42]       (其他)                        0.026s ( 28.6%)
[16:33:42]       ─────────────────────────────────────────────
[16:33:42]       总计                          0.092s
[16:33:42] [OK] 回测完成！
[16:43:53]     计算IC统计指标...
[16:43:53]     [TIME] 创建透视表...
[16:43:54]       透视表完成: (13, 4146), 耗时: 0.180s
[16:43:54]     └─ 获取透视表: 0.191s
[16:43:54]     └─ 转换为numpy: 0.001s
[16:43:54]     └─ IC计算: 0.051s
[16:43:54] 
  [图表] [calculate_ic(pearson)] 耗时汇总:
[16:43:54]       获取透视表                       0.191s ( 74.1%) ##############
[16:43:54]       IC计算                        0.051s ( 20.0%) ###
[16:43:54]       转换为numpy                    0.001s (  0.3%)
[16:43:54]       (其他)                        0.014s (  5.5%)
[16:43:54]       ─────────────────────────────────────────────
[16:43:54]       总计                          0.257s
[16:43:54]     └─ 获取透视表: 0.000s
[16:43:54]     └─ 转换为numpy: 0.000s
[16:43:54]     └─ IC计算: 0.138s
[16:43:54] 
  [图表] [calculate_ic(spearman)] 耗时汇总:
[16:43:54]       IC计算                        0.138s ( 91.5%) ##################
[16:43:54]       获取透视表                       0.000s (  0.0%)
[16:43:54]       转换为numpy                    0.000s (  0.0%)
[16:43:54]       (其他)                        0.013s (  8.5%)
[16:43:54]       ─────────────────────────────────────────────
[16:43:54]       总计                          0.151s
[16:43:54]     [OK] IC统计指标完成 (0.5s)
[16:43:54]     计算IC衰减 (10个滞后期)...
[16:43:54]     [TIME]️ 计算IC衰减 (max_lag=10)...
[16:43:54]       IC计算完成, 耗时: 0.145s
[16:43:54]     [TIME]️ IC衰减总计: 0.149s
[16:43:54]     [OK] IC衰减完成 (0.2s)
[16:43:54]     计算IC分布...
[16:43:54]     [OK] IC分布完成 (0.0s)
[16:43:54]     计算累计IC...
[16:43:54]     [OK] 累计IC完成 (0.0s)
[16:43:54]     计算IC自相关...
[16:43:54]     [OK] IC自相关完成 (0.0s)
[16:43:54]     └─ 获取透视表: 0.000s
[16:43:54]     └─ 按年度计算: 0.020s
[16:43:54] 
  [图表] [yearly_analysis] 耗时汇总:
[16:43:54]       按年度计算                       0.020s ( 87.0%) #################
[16:43:54]       获取透视表                       0.000s (  0.0%)
[16:43:54]       ─────────────────────────────────────────────
[16:43:54]       总计                          0.023s
[16:43:54] 
开始因子分组回测 (截面模式-矩阵优化)...
[16:43:54]   分组数量: 5
[16:43:54]   加权方式: equal
[16:43:54]     └─ 构建矩阵: 0.007s
[16:43:54]     └─ 截面分组(向量化): 0.005s
[16:43:54]     └─ 权重计算(矩阵): 0.001s
[16:43:54]     └─ 收益计算(矩阵): 0.007s
[16:43:54]     └─ 统计指标计算: 0.005s
[16:43:54]     └─ 净值曲线计算: 0.001s
[16:43:54] 
  [图表] [回测引擎] 耗时汇总:
[16:43:54]       构建矩阵                        0.007s ( 22.3%) ####
[16:43:54]       收益计算(矩阵)                    0.007s ( 20.2%) ####
[16:43:54]       截面分组(向量化)                   0.005s ( 15.1%) ###
[16:43:54]       统计指标计算                      0.005s ( 15.1%) ###
[16:43:54]       净值曲线计算                      0.001s (  3.1%)
[16:43:54]       权重计算(矩阵)                    0.001s (  3.0%)
[16:43:54]       ─────────────────────────────────────────────
[16:43:54]       总计                          0.033s
[16:43:54] [OK] 回测完成！
[16:48:31] ✅ CSV 因子加载 (开盘价): 26269 条, 99 只股票
[16:48:31] 
开始因子分组回测 (截面模式-矩阵优化)...
[16:48:31]   分组数量: 5
[16:48:31]   加权方式: equal
[16:48:31]     └─ 构建矩阵: 0.003s
[16:48:31]     └─ 截面分组(向量化): 0.003s
[16:48:31]     └─ 权重计算(矩阵): 0.000s
[16:48:31]     └─ 收益计算(矩阵): 0.003s
[16:48:31]     └─ 统计指标计算: 0.006s
[16:48:31]     └─ 净值曲线计算: 0.002s
[16:48:31] 
  [图表] [回测引擎] 耗时汇总:
[16:48:31]       统计指标计算                      0.006s ( 23.1%) ####
[16:48:31]       收益计算(矩阵)                    0.003s ( 12.1%) ##
[16:48:31]       构建矩阵                        0.003s ( 11.9%) ##
[16:48:31]       截面分组(向量化)                   0.003s ( 11.4%) ##
[16:48:31]       净值曲线计算                      0.002s (  7.8%) #
[16:48:31]       权重计算(矩阵)                    0.000s (  0.0%)
[16:48:31]       ─────────────────────────────────────────────
[16:48:31]       总计                          0.026s
[16:48:31] [OK] 回测完成！
[16:48:31] [OK] Already cached: 26269 records, date: 2018-01-02 ~ 2025-12-01
[16:48:31]     [TIME] 创建透视表...
[16:48:32]       透视表完成: (266, 99), 耗时: 0.037s
[16:48:32]     └─ 获取透视表: 0.040s
[16:48:32]     └─ 转换为numpy: 0.000s
[16:48:32]     └─ IC计算: 0.022s
[16:48:32] 
  [图表] [calculate_ic(pearson)] 耗时汇总:
[16:48:32]       获取透视表                       0.040s ( 61.3%) ############
[16:48:32]       IC计算                        0.022s ( 34.2%) ######
[16:48:32]       转换为numpy                    0.000s (  0.0%)
[16:48:32]       ─────────────────────────────────────────────
[16:48:32]       总计                          0.065s
[16:48:32]     └─ 获取透视表: 0.000s
[16:48:32]     └─ 转换为numpy: 0.000s
[16:48:32]     └─ IC计算: 0.125s
[16:48:32] 
  [图表] [calculate_ic(spearman)] 耗时汇总:
[16:48:32]       IC计算                        0.125s ( 97.7%) ###################
[16:48:32]       获取透视表                       0.000s (  0.0%)
[16:48:32]       转换为numpy                    0.000s (  0.0%)
[16:48:32]       ─────────────────────────────────────────────
[16:48:32]       总计                          0.128s
[16:48:32]     └─ 获取透视表: 0.000s
[16:48:32]     └─ 按年度计算: 0.020s
[16:48:32] 
  [图表] [yearly_analysis] 耗时汇总:
[16:48:32]       按年度计算                       0.020s ( 91.0%) ##################
[16:48:32]       获取透视表                       0.000s (  0.0%)
[16:48:32]       ─────────────────────────────────────────────
[16:48:32]       总计                          0.022s
[16:48:32]     计算IC统计指标...
[16:48:32]     [OK] IC统计指标完成 (0.0s)
[16:48:32]     计算IC衰减 (10个滞后期)...
[16:48:32]     [TIME]️ 计算IC衰减 (max_lag=10)...
[16:48:32]       IC计算完成, 耗时: 0.087s
[16:48:32]     [TIME]️ IC衰减总计: 0.088s
[16:48:32]     [OK] IC衰减完成 (0.1s)
[16:48:32]     计算IC分布...
[16:48:32]     [OK] IC分布完成 (0.0s)
[16:48:32]     计算累计IC...
[16:48:32]     [OK] 累计IC完成 (0.0s)
[16:48:32]     计算IC自相关...
[16:48:32]     [OK] IC自相关完成 (0.0s)
[16:48:32] [基准数据] 开始加载: 000300.SH, 2018-01-02 ~ 2025-12-01
[16:48:32] ✅ 从 MySQL 加载基准数据成功: 000300.SH, 1920 条
[16:56:10]     计算IC统计指标...
[16:56:10]     [TIME] 创建透视表...
[16:56:11]       透视表完成: (266, 4186), 耗时: 0.865s
[16:56:11]     └─ 获取透视表: 0.865s
[16:56:11]     └─ 转换为numpy: 0.000s
[16:56:11]     └─ IC计算: 0.042s
[16:56:11] 
  [图表] [calculate_ic(pearson)] 耗时汇总:
[16:56:11]       获取透视表                       0.865s ( 95.0%) ###################
[16:56:11]       IC计算                        0.042s (  4.7%)
[16:56:11]       转换为numpy                    0.000s (  0.0%)
[16:56:11]       ─────────────────────────────────────────────
[16:56:11]       总计                          0.911s
[16:56:11]     └─ 获取透视表: 0.000s
[16:56:11]     └─ 转换为numpy: 0.000s
[16:56:12]     └─ IC计算: 0.431s
[16:56:12] 
  [图表] [calculate_ic(spearman)] 耗时汇总:
[16:56:12]       IC计算                        0.431s ( 99.3%) ###################
[16:56:12]       获取透视表                       0.000s (  0.0%)
[16:56:12]       转换为numpy                    0.000s (  0.0%)
[16:56:12]       ─────────────────────────────────────────────
[16:56:12]       总计                          0.434s
[16:56:12]     [OK] IC统计指标完成 (1.4s)
[16:56:12]     计算IC衰减 (10个滞后期)...
[16:56:12]     [TIME]️ 计算IC衰减 (max_lag=10)...
[16:56:13]       IC计算完成, 耗时: 1.019s
[16:56:13]     [TIME]️ IC衰减总计: 1.022s
[16:56:13]     [OK] IC衰减完成 (1.0s)
[16:56:13]     计算IC分布...
[16:56:13]     [OK] IC分布完成 (0.0s)
[16:56:13]     计算累计IC...
[16:56:13]     [OK] 累计IC完成 (0.0s)
[16:56:13]     计算IC自相关...
[16:56:13]     [OK] IC自相关完成 (0.0s)
[16:56:13]     └─ 获取透视表: 0.000s
[16:56:13]     └─ 按年度计算: 0.129s
[16:56:13] 
  [图表] [yearly_analysis] 耗时汇总:
[16:56:13]       按年度计算                       0.129s ( 98.5%) ###################
[16:56:13]       获取透视表                       0.000s (  0.0%)
[16:56:13]       ─────────────────────────────────────────────
[16:56:13]       总计                          0.131s
[16:56:13] 
开始因子分组回测 (截面模式-矩阵优化)...
[16:56:13]   分组数量: 5
[16:56:13]   加权方式: equal
[16:56:13]     └─ 构建矩阵: 0.087s
[16:56:13]     └─ 截面分组(向量化): 0.070s
[16:56:13]     └─ 权重计算(矩阵): 0.007s
[16:56:13]     └─ 收益计算(矩阵): 0.131s
[16:56:13]     └─ 统计指标计算: 0.004s
[16:56:13]     └─ 净值曲线计算: 0.002s
[16:56:13] 
  [图表] [回测引擎] 耗时汇总:
[16:56:13]       收益计算(矩阵)                    0.131s ( 40.8%) ########
[16:56:13]       构建矩阵                        0.087s ( 27.2%) #####
[16:56:13]       截面分组(向量化)                   0.070s ( 21.7%) ####
[16:56:13]       权重计算(矩阵)                    0.007s (  2.2%)
[16:56:13]       统计指标计算                      0.004s (  1.3%)
[16:56:13]       净值曲线计算                      0.002s (  0.6%)
[16:56:13]       (其他)                        0.020s (  6.2%)
[16:56:13]       ─────────────────────────────────────────────
[16:56:13]       总计                          0.321s
[16:56:13] [OK] 回测完成！
[16:58:52] ✅ CSV 因子加载 (开盘价): 26269 条, 99 只股票
[16:58:52] 
开始因子分组回测 (截面模式-矩阵优化)...
[16:58:52]   分组数量: 5
[16:58:52]   加权方式: equal
[16:58:52]     └─ 构建矩阵: 0.003s
[16:58:52]     └─ 截面分组(向量化): 0.001s
[16:58:52]     └─ 权重计算(矩阵): 0.001s
[16:58:52]     └─ 收益计算(矩阵): 0.002s
[16:58:52]     └─ 统计指标计算: 0.004s
[16:58:52]     └─ 净值曲线计算: 0.001s
[16:58:52] 
  [图表] [回测引擎] 耗时汇总:
[16:58:52]       统计指标计算                      0.004s ( 20.0%) ####
[16:58:52]       构建矩阵                        0.003s ( 17.1%) ###
[16:58:52]       收益计算(矩阵)                    0.002s ( 10.9%) ##
[16:58:52]       权重计算(矩阵)                    0.001s (  5.6%) #
[16:58:52]       净值曲线计算                      0.001s (  5.1%) #
[16:58:52]       截面分组(向量化)                   0.001s (  5.1%) #
[16:58:52]       ─────────────────────────────────────────────
[16:58:52]       总计                          0.018s
[16:58:52] [OK] 回测完成！
[16:58:52] [OK] Already cached: 26269 records, date: 2018-01-02 ~ 2025-12-01
[16:58:52]     [TIME] 创建透视表...
[16:58:52]       透视表完成: (266, 99), 耗时: 0.029s
[16:58:52]     └─ 获取透视表: 0.030s
[16:58:52]     └─ 转换为numpy: 0.000s
[16:58:52]     └─ IC计算: 0.024s
[16:58:52] 
  [图表] [calculate_ic(pearson)] 耗时汇总:
[16:58:52]       获取透视表                       0.030s ( 52.3%) ##########
[16:58:52]       IC计算                        0.024s ( 42.9%) ########
[16:58:52]       转换为numpy                    0.000s (  0.0%)
[16:58:52]       ─────────────────────────────────────────────
[16:58:52]       总计                          0.056s
[16:58:52]     └─ 获取透视表: 0.000s
[16:58:52]     └─ 转换为numpy: 0.000s
[16:58:52]     └─ IC计算: 0.098s
[16:58:52] 
  [图表] [calculate_ic(spearman)] 耗时汇总:
[16:58:52]       IC计算                        0.098s ( 97.9%) ###################
[16:58:52]       获取透视表                       0.000s (  0.0%)
[16:58:52]       转换为numpy                    0.000s (  0.0%)
[16:58:52]       ─────────────────────────────────────────────
[16:58:52]       总计                          0.100s
[16:58:52]     └─ 获取透视表: 0.000s
[16:58:52]     └─ 按年度计算: 0.016s
[16:58:52] 
  [图表] [yearly_analysis] 耗时汇总:
[16:58:53]       按年度计算                       0.016s ( 88.9%) #################
[16:58:53]       获取透视表                       0.000s (  0.0%)
[16:58:53]       ─────────────────────────────────────────────
[16:58:53]       总计                          0.018s
[16:58:53]     计算IC统计指标...
[16:58:53]     [OK] IC统计指标完成 (0.0s)
[16:58:53]     计算IC衰减 (10个滞后期)...
[16:58:53]     [TIME]️ 计算IC衰减 (max_lag=10)...
[16:58:53]       IC计算完成, 耗时: 0.079s
[16:58:53]     [TIME]️ IC衰减总计: 0.079s
[16:58:53]     [OK] IC衰减完成 (0.1s)
[16:58:53]     计算IC分布...
[16:58:53]     [OK] IC分布完成 (0.0s)
[16:58:53]     计算累计IC...
[16:58:53]     [OK] 累计IC完成 (0.0s)
[16:58:53]     计算IC自相关...
[16:58:53]     [OK] IC自相关完成 (0.0s)
[16:58:53] [基准数据] 开始加载: 000300.SH, 2018-01-02 ~ 2025-12-01
[16:58:53] ✅ 从 MySQL 加载基准数据成功: 000300.SH, 1920 条
[16:59:11]     计算IC统计指标...
[16:59:11]     [TIME] 创建透视表...
[16:59:11]       透视表完成: (13, 4146), 耗时: 0.059s
[16:59:11]     └─ 获取透视表: 0.060s
[16:59:11]     └─ 转换为numpy: 0.000s
[16:59:11]     └─ IC计算: 0.003s
[16:59:11] 
  [图表] [calculate_ic(pearson)] 耗时汇总:
[16:59:11]       获取透视表                       0.060s ( 90.6%) ##################
[16:59:11]       IC计算                        0.003s (  4.8%)
[16:59:11]       转换为numpy                    0.000s (  0.0%)
[16:59:11]       ─────────────────────────────────────────────
[16:59:11]       总计                          0.066s
[16:59:11]     └─ 获取透视表: 0.000s
[16:59:11]     └─ 转换为numpy: 0.000s
[16:59:11]     └─ IC计算: 0.025s
[16:59:11] 
  [图表] [calculate_ic(spearman)] 耗时汇总:
[16:59:11]       IC计算                        0.025s ( 91.6%) ##################
[16:59:11]       获取透视表                       0.000s (  0.0%)
[16:59:11]       转换为numpy                    0.000s (  0.0%)
[16:59:11]       ─────────────────────────────────────────────
[16:59:11]       总计                          0.027s
[16:59:11]     [OK] IC统计指标完成 (0.1s)
[16:59:11]     计算IC衰减 (10个滞后期)...
[16:59:11]     [TIME]️ 计算IC衰减 (max_lag=10)...
[16:59:11]       IC计算完成, 耗时: 0.049s
[16:59:11]     [TIME]️ IC衰减总计: 0.052s
[16:59:11]     [OK] IC衰减完成 (0.1s)
[16:59:11]     计算IC分布...
[16:59:11]     [OK] IC分布完成 (0.0s)
[16:59:11]     计算累计IC...
[16:59:11]     [OK] 累计IC完成 (0.0s)
[16:59:11]     计算IC自相关...
[16:59:11]     [OK] IC自相关完成 (0.0s)
[16:59:11]     └─ 获取透视表: 0.000s
[16:59:11]     └─ 按年度计算: 0.021s
[16:59:11] 
  [图表] [yearly_analysis] 耗时汇总:
[16:59:11]       按年度计算                       0.021s ( 87.4%) #################
[16:59:11]       获取透视表                       0.000s (  0.0%)
[16:59:11]       ─────────────────────────────────────────────
[16:59:11]       总计                          0.024s
[16:59:11] 
开始因子分组回测 (截面模式-矩阵优化)...
[16:59:11]   分组数量: 5
[16:59:11]   加权方式: equal
[16:59:11]     └─ 构建矩阵: 0.008s
[16:59:11]     └─ 截面分组(向量化): 0.002s
[16:59:11]     └─ 权重计算(矩阵): 0.000s
[16:59:11]     └─ 收益计算(矩阵): 0.006s
[16:59:11]     └─ 统计指标计算: 0.004s
[16:59:11]     └─ 净值曲线计算: 0.002s
[16:59:11] 
  [图表] [回测引擎] 耗时汇总:
[16:59:11]       构建矩阵                        0.008s ( 25.0%) ####
[16:59:11]       收益计算(矩阵)                    0.006s ( 19.0%) ###
[16:59:11]       统计指标计算                      0.004s ( 12.5%) ##
[16:59:11]       截面分组(向量化)                   0.002s (  6.2%) #
[16:59:11]       净值曲线计算                      0.002s (  6.0%) #
[16:59:11]       权重计算(矩阵)                    0.000s (  0.0%)
[16:59:11]       (其他)                        0.010s ( 31.3%)
[16:59:11]       ─────────────────────────────────────────────
[16:59:11]       总计                          0.032s
[16:59:11] [OK] 回测完成！
[17:00:31]     计算IC统计指标...
[17:00:31]     [TIME] 创建透视表...
[17:00:31]       透视表完成: (13, 4146), 耗时: 0.060s
[17:00:31]     └─ 获取透视表: 0.061s
[17:00:31]     └─ 转换为numpy: 0.000s
[17:00:31]     └─ IC计算: 0.013s
[17:00:31] 
  [图表] [calculate_ic(pearson)] 耗时汇总:
[17:00:31]       获取透视表                       0.061s ( 79.0%) ###############
[17:00:31]       IC计算                        0.013s ( 17.0%) ###
[17:00:31]       转换为numpy                    0.000s (  0.0%)
[17:00:31]       ─────────────────────────────────────────────
[17:00:31]       总计                          0.077s
[17:00:31]     └─ 获取透视表: 0.000s
[17:00:31]     └─ 转换为numpy: 0.001s
[17:00:31]     └─ IC计算: 0.034s
[17:00:31] 
  [图表] [calculate_ic(spearman)] 耗时汇总:
[17:00:31]       IC计算                        0.034s ( 90.1%) ##################
[17:00:31]       转换为numpy                    0.001s (  2.6%)
[17:00:31]       获取透视表                       0.000s (  0.0%)
[17:00:31]       ─────────────────────────────────────────────
[17:00:31]       总计                          0.038s
[17:00:31]     [OK] IC统计指标完成 (0.1s)
[17:00:31]     计算IC衰减 (10个滞后期)...
[17:00:31]     [TIME]️ 计算IC衰减 (max_lag=10)...
[17:00:31]     计算IC统计指标...
[17:00:31]     [TIME] 创建透视表...
[17:00:31]       IC计算完成, 耗时: 0.103s
[17:00:31]     [TIME]️ IC衰减总计: 0.105s
[17:00:31]     [OK] IC衰减完成 (0.1s)
[17:00:31]     计算IC分布...
[17:00:31]     [OK] IC分布完成 (0.0s)
[17:00:31]     计算累计IC...
[17:00:31]     [OK] 累计IC完成 (0.0s)
[17:00:31]     计算IC自相关...
[17:00:31]     [OK] IC自相关完成 (0.0s)
[17:00:31]     └─ 获取透视表: 0.000s
[17:00:31]     └─ 按年度计算: 0.035s
[17:00:31] 
  [图表] [yearly_analysis] 耗时汇总:
[17:00:31]       按年度计算                       0.035s ( 94.0%) ##################
[17:00:31]       透视表完成: (13, 4146), 耗时: 0.136s
[17:00:31]       获取透视表                       0.000s (  0.0%)
[17:00:31]     └─ 获取透视表: 0.140s
[17:00:31]       ─────────────────────────────────────────────
[17:00:31]     └─ 转换为numpy: 0.000s
[17:00:31]       总计                          0.037s
[17:00:31]     └─ IC计算: 0.010s
[17:00:31] 
  [图表] [calculate_ic(pearson)] 耗时汇总:
[17:00:31]       获取透视表                       0.140s ( 90.9%) ##################
[17:00:31]       IC计算                        0.010s (  6.5%) #
[17:00:31]       转换为numpy                    0.000s (  0.0%)
[17:00:31]       ─────────────────────────────────────────────
[17:00:31]       总计                          0.154s
[17:00:31]     └─ 获取透视表: 0.000s
[17:00:31]     └─ 转换为numpy: 0.000s
[17:00:31] 
开始因子分组回测 (截面模式-矩阵优化)...
[17:00:31]   分组数量: 5
[17:00:31]   加权方式: equal
[17:00:31]     └─ IC计算: 0.047s
[17:00:31] 
  [图表] [calculate_ic(spearman)] 耗时汇总:
[17:00:31]       IC计算                        0.047s ( 94.1%) ##################
[17:00:31]       获取透视表                       0.000s (  0.0%)
[17:00:31]       转换为numpy                    0.000s (  0.0%)
[17:00:31]       ─────────────────────────────────────────────
[17:00:31]       总计                          0.049s
[17:00:31]     [OK] IC统计指标完成 (0.2s)
[17:00:31]     └─ 构建矩阵: 0.011s
[17:00:31]     计算IC衰减 (10个滞后期)...
[17:00:31]     [TIME]️ 计算IC衰减 (max_lag=10)...
[17:00:31]     └─ 截面分组(向量化): 0.006s
[17:00:31]     └─ 权重计算(矩阵): 0.002s
[17:00:31]     └─ 收益计算(矩阵): 0.013s
[17:00:31]     └─ 统计指标计算: 0.004s
[17:00:31]     └─ 净值曲线计算: 0.001s
[17:00:31] 
  [图表] [回测引擎] 耗时汇总:
[17:00:31]       收益计算(矩阵)                    0.013s ( 23.9%) ####
[17:00:31]       构建矩阵                        0.011s ( 20.1%) ####
[17:00:31]       截面分组(向量化)                   0.006s ( 11.1%) ##
[17:00:31]       统计指标计算                      0.004s (  7.4%) #
[17:00:31]       权重计算(矩阵)                    0.002s (  3.7%)
[17:00:31]       净值曲线计算                      0.001s (  2.0%)
[17:00:31]       (其他)                        0.017s ( 31.8%)
[17:00:31]       ─────────────────────────────────────────────
[17:00:31]       总计                          0.054s
[17:00:31] [OK] 回测完成！
[17:00:31]       IC计算完成, 耗时: 0.074s
[17:00:31]     [TIME]️ IC衰减总计: 0.076s
[17:00:31]     [OK] IC衰减完成 (0.1s)
[17:00:31]     计算IC分布...
[17:00:31]     [OK] IC分布完成 (0.0s)
[17:00:31]     计算累计IC...
[17:00:31]     [OK] 累计IC完成 (0.0s)
[17:00:31]     计算IC自相关...
[17:00:31]     [OK] IC自相关完成 (0.0s)
[17:00:31]     └─ 获取透视表: 0.000s
[17:00:31]     └─ 按年度计算: 0.016s
[17:00:31] 
  [图表] [yearly_analysis] 耗时汇总:
[17:00:31]       按年度计算                       0.016s ( 94.2%) ##################
[17:00:31]       获取透视表                       0.000s (  0.0%)
[17:00:31]       ─────────────────────────────────────────────
[17:00:31]       总计                          0.017s
[17:00:31] 
开始因子分组回测 (截面模式-矩阵优化)...
[17:00:31]   分组数量: 5
[17:00:31]   加权方式: equal
[17:00:31]     └─ 构建矩阵: 0.009s
[17:00:31]     └─ 截面分组(向量化): 0.004s
[17:00:31]     └─ 权重计算(矩阵): 0.000s
[17:00:31]     └─ 收益计算(矩阵): 0.006s
[17:00:31]     └─ 统计指标计算: 0.003s
[17:00:31]     └─ 净值曲线计算: 0.001s
[17:00:31] 
  [图表] [回测引擎] 耗时汇总:
[17:00:31]       构建矩阵                        0.009s ( 26.1%) #####
[17:00:31]       收益计算(矩阵)                    0.006s ( 17.3%) ###
[17:00:31]       截面分组(向量化)                   0.004s ( 12.5%) ##
[17:00:31]       统计指标计算                      0.003s (  9.1%) #
[17:00:31]       净值曲线计算                      0.001s (  3.0%)
[17:00:31]       权重计算(矩阵)                    0.000s (  0.0%)
[17:00:31]       (其他)                        0.011s ( 32.0%)
[17:00:31]       ─────────────────────────────────────────────
[17:00:31]       总计                          0.033s
[17:00:31] [OK] 回测完成！
[17:03:54]     计算IC统计指标...
[17:03:54]     [TIME] 创建透视表...
[17:03:54]     计算IC统计指标...
[17:03:54]     [TIME] 创建透视表...
[17:03:54]       透视表完成: (13, 4146), 耗时: 0.085s
[17:03:54]     └─ 获取透视表: 0.086s
[17:03:54]     └─ 转换为numpy: 0.000s
[17:03:54]     └─ IC计算: 0.007s
[17:03:54] 
  [图表] [calculate_ic(pearson)] 耗时汇总:
[17:03:54]       获取透视表                       0.086s ( 89.5%) #################
[17:03:54]       IC计算                        0.007s (  7.3%) #
[17:03:54]       转换为numpy                    0.000s (  0.0%)
[17:03:54]       ─────────────────────────────────────────────
[17:03:54]       总计                          0.096s
[17:03:54]     └─ 获取透视表: 0.000s
[17:03:54]     └─ 转换为numpy: 0.000s
[17:03:54]       透视表完成: (13, 4146), 耗时: 0.094s
[17:03:54]     └─ IC计算: 0.049s
[17:03:54]     └─ 获取透视表: 0.096s
[17:03:54] 
  [图表] [calculate_ic(spearman)] 耗时汇总:
[17:03:54]     └─ 转换为numpy: 0.000s
[17:03:54]       IC计算                        0.049s ( 92.6%) ##################
[17:03:54]       获取透视表                       0.000s (  0.0%)
[17:03:54]       转换为numpy                    0.000s (  0.0%)
[17:03:54]       ─────────────────────────────────────────────
[17:03:54]       总计                          0.053s
[17:03:54]     └─ IC计算: 0.003s
[17:03:54]     [OK] IC统计指标完成 (0.2s)
[17:03:54] 
  [图表] [calculate_ic(pearson)] 耗时汇总:
[17:03:54]       获取透视表                       0.096s ( 92.8%) ##################
[17:03:54]     计算IC衰减 (10个滞后期)...
[17:03:54]       IC计算                        0.003s (  3.4%)
[17:03:54]     [TIME]️ 计算IC衰减 (max_lag=10)...
[17:03:54]       转换为numpy                    0.000s (  0.0%)
[17:03:54]       ─────────────────────────────────────────────
[17:03:54]       总计                          0.103s
[17:03:54]     └─ 获取透视表: 0.000s
[17:03:54]     └─ 转换为numpy: 0.000s
[17:03:54]       IC计算完成, 耗时: 0.073s
[17:03:54]     [TIME]️ IC衰减总计: 0.076s
[17:03:54]     [OK] IC衰减完成 (0.1s)
[17:03:54]     计算IC分布...
[17:03:54]     └─ IC计算: 0.065s
[17:03:54]     [OK] IC分布完成 (0.0s)
[17:03:54]     计算累计IC...
[17:03:54] 
  [图表] [calculate_ic(spearman)] 耗时汇总:
[17:03:54]       IC计算                        0.065s ( 92.8%) ##################
[17:03:54]     [OK] 累计IC完成 (0.0s)
[17:03:54]       获取透视表                       0.000s (  0.0%)
[17:03:54]     计算IC自相关...
[17:03:54]       转换为numpy                    0.000s (  0.0%)
[17:03:54]     [OK] IC自相关完成 (0.0s)
[17:03:54]       ─────────────────────────────────────────────
[17:03:54]     └─ 获取透视表: 0.000s
[17:03:54]       总计                          0.071s
[17:03:54]     [OK] IC统计指标完成 (0.2s)
[17:03:54]     计算IC衰减 (10个滞后期)...
[17:03:54]     [TIME]️ 计算IC衰减 (max_lag=10)...
[17:03:54]     └─ 按年度计算: 0.028s
[17:03:54] 
  [图表] [yearly_analysis] 耗时汇总:
[17:03:54]       按年度计算                       0.028s ( 85.1%) #################
[17:03:54]       获取透视表                       0.000s (  0.0%)
[17:03:54]       ─────────────────────────────────────────────
[17:03:54]       总计                          0.033s
[17:03:54]       IC计算完成, 耗时: 0.073s
[17:03:54]     [TIME]️ IC衰减总计: 0.077s
[17:03:54]     [OK] IC衰减完成 (0.1s)
[17:03:54]     计算IC分布...
[17:03:54]     [OK] IC分布完成 (0.0s)
[17:03:54]     计算累计IC...
[17:03:54]     [OK] 累计IC完成 (0.0s)
[17:03:54]     计算IC自相关...
[17:03:54] 
开始因子分组回测 (截面模式-矩阵优化)...
[17:03:54]   分组数量: 5
[17:03:54]     [OK] IC自相关完成 (0.0s)
[17:03:54]     └─ 获取透视表: 0.000s
[17:03:54]   加权方式: equal
[17:03:54]     └─ 构建矩阵: 0.014s
[17:03:54]     └─ 按年度计算: 0.029s
[17:03:54]     └─ 截面分组(向量化): 0.010s
[17:03:54] 
  [图表] [yearly_analysis] 耗时汇总:
[17:03:54]     └─ 权重计算(矩阵): 0.001s
[17:03:54]       按年度计算                       0.029s ( 90.6%) ##################
[17:03:54]       获取透视表                       0.000s (  0.0%)
[17:03:54]       ─────────────────────────────────────────────
[17:03:54]       总计                          0.032s
[17:03:54]     └─ 收益计算(矩阵): 0.010s
[17:03:54]     └─ 统计指标计算: 0.005s
[17:03:54]     └─ 净值曲线计算: 0.001s
[17:03:54] 
  [图表] [回测引擎] 耗时汇总:
[17:03:54]       构建矩阵                        0.014s ( 21.4%) ####
[17:03:54]       收益计算(矩阵)                    0.010s ( 15.3%) ###
[17:03:54]       截面分组(向量化)                   0.010s ( 14.9%) ##
[17:03:54]       统计指标计算                      0.005s (  7.6%) #
[17:03:54]       权重计算(矩阵)                    0.001s (  1.7%)
[17:03:54]       净值曲线计算                      0.001s (  1.5%)
[17:03:54]       (其他)                        0.025s ( 37.7%)
[17:03:54]       ─────────────────────────────────────────────
[17:03:54]       总计                          0.066s
[17:03:54] [OK] 回测完成！
[17:03:54] 
开始因子分组回测 (截面模式-矩阵优化)...
[17:03:54]   分组数量: 5
[17:03:54]   加权方式: equal
[17:03:54]     └─ 构建矩阵: 0.004s
[17:03:54]     └─ 截面分组(向量化): 0.003s
[17:03:54]     └─ 权重计算(矩阵): 0.001s
[17:03:54]     └─ 收益计算(矩阵): 0.005s
[17:03:54]     └─ 统计指标计算: 0.003s
[17:03:54]     └─ 净值曲线计算: 0.001s
[17:03:54] 
  [图表] [回测引擎] 耗时汇总:
[17:03:54]       收益计算(矩阵)                    0.005s ( 22.4%) ####
[17:03:54]       构建矩阵                        0.004s ( 17.9%) ###
[17:03:54]       截面分组(向量化)                   0.003s ( 14.9%) ##
[17:03:54]       统计指标计算                      0.003s ( 13.4%) ##
[17:03:54]       权重计算(矩阵)                    0.001s (  4.5%)
[17:03:54]       净值曲线计算                      0.001s (  4.5%)
[17:03:54]       ─────────────────────────────────────────────
[17:03:54]       总计                          0.022s
[17:03:54] [OK] 回测完成！
[16:14:32]     计算IC统计指标...
[16:14:32]     [TIME] 创建透视表...
[16:14:33]       透视表完成: (13, 98), 耗时: 0.021s
[16:14:33]     └─ 获取透视表: 0.023s
[16:14:33]     └─ 转换为numpy: 0.000s
[16:14:33]     └─ IC计算: 0.005s
[16:14:33] 
  [图表] [calculate_ic(pearson)] 耗时汇总:
[16:14:33]       获取透视表                       0.023s ( 74.3%) ##############
[16:14:33]       IC计算                        0.005s ( 16.0%) ###
[16:14:33]       转换为numpy                    0.000s (  0.0%)
[16:14:33]       ─────────────────────────────────────────────
[16:14:33]       总计                          0.031s
[16:14:33]     └─ 获取透视表: 0.000s
[16:14:33]     └─ 转换为numpy: 0.000s
[16:14:33]     └─ IC计算: 0.009s
[16:14:33] 
  [图表] [calculate_ic(spearman)] 耗时汇总:
[16:14:33]       IC计算                        0.009s ( 81.3%) ################
[16:14:33]       获取透视表                       0.000s (  0.0%)
[16:14:33]       转换为numpy                    0.000s (  0.0%)
[16:14:33]       ─────────────────────────────────────────────
[16:14:33]       总计                          0.011s
[16:14:33]     [OK] IC统计指标完成 (0.1s)
[16:14:33]     计算IC衰减 (10个滞后期)...
[16:14:33]     [TIME] calculate_ic_decay (max_lag=10)...
[16:14:33]       IC计算完成, 耗时: 0.053s
[16:14:33]     [TIME] ic_decay_total: 0.056s
[16:14:33]     [OK] IC衰减完成 (0.1s)
[16:14:33]     计算IC分布...
[16:14:33]     [OK] IC分布完成 (0.0s)
[16:14:33]     计算累计IC...
[16:14:33]     [OK] 累计IC完成 (0.0s)
[16:14:33]     计算IC自相关...
[16:14:33]     [OK] IC自相关完成 (0.0s)
[16:14:33]     └─ 获取透视表: 0.000s
[16:14:33]     └─ 按年度计算: 0.012s
[16:14:33] 
  [图表] [yearly_analysis] 耗时汇总:
[16:14:33]       按年度计算                       0.012s ( 90.2%) ##################
[16:14:33]       获取透视表                       0.000s (  0.0%)
[16:14:33]       ─────────────────────────────────────────────
[16:14:33]       总计                          0.014s
[16:14:33] 
开始因子分组回测 (截面模式-矩阵优化)...
[16:14:33]   分组数量: 5
[16:14:33]   加权方式: equal
[16:14:33]     └─ 构建矩阵: 0.001s
[16:14:33]     └─ 截面分组(向量化): 0.000s
[16:14:33]     └─ 权重计算(矩阵): 0.001s
[16:14:33]     └─ 收益计算(矩阵): 0.000s
[16:14:33]     └─ 统计指标计算: 0.005s
[16:14:33]     └─ 净值曲线计算: 0.001s
[16:14:33] 
  [图表] [回测引擎] 耗时汇总:
[16:14:33]       统计指标计算                      0.005s ( 33.1%) ######
[16:14:33]       权重计算(矩阵)                    0.001s (  8.0%) #
[16:14:33]       净值曲线计算                      0.001s (  6.4%) #
[16:14:33]       构建矩阵                        0.001s (  6.4%) #
[16:14:33]       截面分组(向量化)                   0.000s (  0.0%)
[16:14:33]       收益计算(矩阵)                    0.000s (  0.0%)
[16:14:33]       ─────────────────────────────────────────────
[16:14:33]       总计                          0.016s
[16:14:33] [OK] 回测完成！
[16:25:19]     计算IC统计指标...
[16:25:19]     [TIME] 创建透视表...
[16:25:19]     计算IC统计指标...
[16:25:19]     [TIME] 创建透视表...
[16:25:19]     计算IC统计指标...
[16:25:19]     [TIME] 创建透视表...
[16:25:19]     计算IC统计指标...
[16:25:19]     [TIME] 创建透视表...
[16:25:19]       透视表完成: (13, 98), 耗时: 0.041s
[16:25:19]     └─ 获取透视表: 0.047s
[16:25:19]     └─ 转换为numpy: 0.000s
[16:25:19]     └─ IC计算: 0.001s
[16:25:19] 
  [图表] [calculate_ic(pearson)] 耗时汇总:
[16:25:19]       透视表完成: (13, 98), 耗时: 0.041s
[16:25:19]       获取透视表                       0.047s ( 87.0%) #################
[16:25:19]       透视表完成: (13, 98), 耗时: 0.041s
[16:25:19]     └─ 获取透视表: 0.047s
[16:25:19]       IC计算                        0.001s (  1.9%)
[16:25:19]     └─ 获取透视表: 0.048s
[16:25:19]       透视表完成: (13, 98), 耗时: 0.039s
[16:25:19]     └─ 转换为numpy: 0.000s
[16:25:19]       转换为numpy                    0.000s (  0.0%)
[16:25:19]     └─ 转换为numpy: 0.000s
[16:25:19]     └─ 获取透视表: 0.041s
[16:25:19]     └─ IC计算: 0.001s
[16:25:19]       ─────────────────────────────────────────────
[16:25:19]     └─ IC计算: 0.001s
[16:25:19]     └─ 转换为numpy: 0.000s
[16:25:19] 
  [图表] [calculate_ic(pearson)] 耗时汇总:
[16:25:19]       总计                          0.054s
[16:25:19] 
  [图表] [calculate_ic(pearson)] 耗时汇总:
[16:25:19]     └─ IC计算: 0.001s
[16:25:19]       获取透视表                       0.047s ( 84.7%) ################
[16:25:19]     └─ 获取透视表: 0.000s
[16:25:19]       获取透视表                       0.048s ( 90.5%) ##################
[16:25:19] 
  [图表] [calculate_ic(pearson)] 耗时汇总:
[16:25:19]       IC计算                        0.001s (  1.8%)
[16:25:19]     └─ 转换为numpy: 0.000s
[16:25:19]       IC计算                        0.001s (  1.9%)
[16:25:19]       获取透视表                       0.041s ( 80.8%) ################
[16:25:19]       转换为numpy                    0.000s (  0.0%)
[16:25:19]     └─ IC计算: 0.006s
[16:25:19]       转换为numpy                    0.000s (  0.0%)
[16:25:19]       IC计算                        0.001s (  2.0%)
[16:25:19]       ─────────────────────────────────────────────
[16:25:19] 
  [图表] [calculate_ic(spearman)] 耗时汇总:
[16:25:19]       ─────────────────────────────────────────────
[16:25:19]       转换为numpy                    0.000s (  0.0%)
[16:25:19]       总计                          0.056s
[16:25:19]       IC计算                        0.006s ( 55.0%) ##########
[16:25:19]       总计                          0.053s
[16:25:19]       ─────────────────────────────────────────────
[16:25:19]     └─ 获取透视表: 0.000s
[16:25:19]       获取透视表                       0.000s (  0.0%)
[16:25:19]     └─ 获取透视表: 0.000s
[16:25:19]       总计                          0.050s
[16:25:19]     └─ 转换为numpy: 0.000s
[16:25:19]       转换为numpy                    0.000s (  0.0%)
[16:25:19]     └─ 转换为numpy: 0.000s
[16:25:19]     └─ 获取透视表: 0.000s
[16:25:19]     └─ IC计算: 0.005s
[16:25:19]       ─────────────────────────────────────────────
[16:25:19]     └─ IC计算: 0.005s
[16:25:19]     └─ 转换为numpy: 0.000s
[16:25:19] 
  [图表] [calculate_ic(spearman)] 耗时汇总:
[16:25:19]       总计                          0.011s
[16:25:19] 
  [图表] [calculate_ic(spearman)] 耗时汇总:
[16:25:19]     └─ IC计算: 0.006s
[16:25:19]       IC计算                        0.005s ( 23.7%) ####
[16:25:19]     [OK] IC统计指标完成 (0.1s)
[16:25:19]       IC计算                        0.005s ( 28.7%) #####
[16:25:19] 
  [图表] [calculate_ic(spearman)] 耗时汇总:
[16:25:19]       获取透视表                       0.000s (  0.0%)
[16:25:19]     计算IC衰减 (10个滞后期)...
[16:25:19]       获取透视表                       0.000s (  0.0%)
[16:25:19]       IC计算                        0.006s ( 26.7%) #####
[16:25:19]       转换为numpy                    0.000s (  0.0%)
[16:25:19]     [TIME] calculate_ic_decay (max_lag=10)...
[16:25:19]       转换为numpy                    0.000s (  0.0%)
[16:25:19]       获取透视表                       0.000s (  0.0%)
[16:25:19]       转换为numpy                    0.000s (  0.0%)
[16:25:19]       (其他)                        0.017s ( 73.3%)
[16:25:19]       IC计算完成, 耗时: 0.031s
[16:25:19]       (其他)                        0.015s ( 76.3%)
[16:25:19]       ─────────────────────────────────────────────
[16:25:19]       总计                          0.019s
[16:25:19]     [TIME] ic_decay_total: 0.035s
[16:25:19]       (其他)                        0.013s ( 71.3%)
[16:25:19]       ─────────────────────────────────────────────
[16:25:19]     [OK] IC统计指标完成 (0.1s)
[16:25:19]     [OK] IC衰减完成 (0.0s)
[16:25:19]       ─────────────────────────────────────────────
[16:25:19]       总计                          0.018s
[16:25:19]     计算IC衰减 (10个滞后期)...
[16:25:19]     计算IC分布...
[16:25:19]       总计                          0.023s
[16:25:19]     [OK] IC统计指标完成 (0.1s)
[16:25:19]     [TIME] calculate_ic_decay (max_lag=10)...
[16:25:19]     [OK] IC分布完成 (0.0s)
[16:25:19]     [OK] IC统计指标完成 (0.1s)
[16:25:19]     计算IC衰减 (10个滞后期)...
[16:25:19]     [TIME] calculate_ic_decay (max_lag=10)...
[16:25:19]     计算IC衰减 (10个滞后期)...
[16:25:19]       IC计算完成, 耗时: 0.031s
[16:25:19]     计算累计IC...
[16:25:19]     [TIME] calculate_ic_decay (max_lag=10)...
[16:25:19]     [TIME] ic_decay_total: 0.054s
[16:25:19]       IC计算完成, 耗时: 0.038s
[16:25:19]     [OK] 累计IC完成 (0.0s)
[16:25:19]     计算IC自相关...
[16:25:19]     [TIME] ic_decay_total: 0.061s
[16:25:19]     [OK] IC衰减完成 (0.1s)
[16:25:20]     计算IC分布...
[16:25:19]       IC计算完成, 耗时: 0.043s
[16:25:20]     [OK] IC衰减完成 (0.1s)
[16:25:19]     [OK] IC自相关完成 (0.0s)
[16:25:20]     [OK] IC分布完成 (0.0s)
[16:25:20]     [TIME] ic_decay_total: 0.079s
[16:25:20]     计算IC分布...
[16:25:20]     └─ 获取透视表: 0.000s
[16:25:20]     计算累计IC...
[16:25:20]     [OK] IC衰减完成 (0.1s)
[16:25:20]     [OK] IC分布完成 (0.0s)
[16:25:20]     └─ 按年度计算: 0.014s
[16:25:20]     [OK] 累计IC完成 (0.0s)
[16:25:20]     计算IC分布...
[16:25:20]     计算累计IC...
[16:25:20] 
  [图表] [yearly_analysis] 耗时汇总:
[16:25:20]     计算IC自相关...
[16:25:20]     [OK] IC分布完成 (0.0s)
[16:25:20]     [OK] 累计IC完成 (0.0s)
[16:25:20]       按年度计算                       0.014s ( 52.7%) ##########
[16:25:20]     [OK] IC自相关完成 (0.0s)
[16:25:20]     计算累计IC...
[16:25:20]     计算IC自相关...
[16:25:20]       获取透视表                       0.000s (  0.0%)
[16:25:20]     └─ 获取透视表: 0.000s
[16:25:20]     [OK] 累计IC完成 (0.0s)
[16:25:20]       (其他)                        0.012s ( 47.3%)
[16:25:20]     [OK] IC自相关完成 (0.0s)
[16:25:20]     计算IC自相关...
[16:25:20]     └─ 按年度计算: 0.013s
[16:25:20]       ─────────────────────────────────────────────
[16:25:20]     └─ 获取透视表: 0.000s
[16:25:20]     [OK] IC自相关完成 (0.0s)
[16:25:20] 
  [图表] [yearly_analysis] 耗时汇总:
[16:25:20]       总计                          0.026s
[16:25:20]     └─ 获取透视表: 0.000s
[16:25:20]     └─ 按年度计算: 0.016s
[16:25:20]       按年度计算                       0.013s ( 50.5%) ##########
[16:25:20] 
  [图表] [yearly_analysis] 耗时汇总:
[16:25:20]     └─ 按年度计算: 0.018s
[16:25:20]       获取透视表                       0.000s (  0.0%)
[16:25:20]       按年度计算                       0.016s ( 38.3%) #######
[16:25:20] 
  [图表] [yearly_analysis] 耗时汇总:
[16:25:20]       (其他)                        0.013s ( 49.5%)
[16:25:20] 
开始因子分组回测 (截面模式-矩阵优化)...
[16:25:20]       获取透视表                       0.000s (  0.0%)
[16:25:20]       按年度计算                       0.018s ( 59.9%) ###########
[16:25:20]       ─────────────────────────────────────────────
[16:25:20]   分组数量: 5
[16:25:20]       (其他)                        0.025s ( 61.7%)
[16:25:20]       获取透视表                       0.000s (  0.0%)
[16:25:20]       总计                          0.026s
[16:25:20]   加权方式: equal
[16:25:20]       ─────────────────────────────────────────────
[16:25:20]       (其他)                        0.012s ( 40.1%)
[16:25:20]     └─ 构建矩阵: 0.002s
[16:25:20]       总计                          0.041s
[16:25:20]       ─────────────────────────────────────────────
[16:25:20]     └─ 截面分组(向量化): 0.000s
[16:25:20]       总计                          0.030s
[16:25:20] 
开始因子分组回测 (截面模式-矩阵优化)...
[16:25:20]     └─ 权重计算(矩阵): 0.000s
[16:25:20]   分组数量: 5
[16:25:20]   加权方式: equal
[16:25:20]     └─ 收益计算(矩阵): 0.002s
[16:25:20] 
开始因子分组回测 (截面模式-矩阵优化)...
[16:25:20]     └─ 统计指标计算: 0.004s
[16:25:20]   分组数量: 5
[16:25:20]     └─ 构建矩阵: 0.007s
[16:25:20]     └─ 净值曲线计算: 0.001s
[16:25:20]   加权方式: equal
[16:25:20] 
开始因子分组回测 (截面模式-矩阵优化)...
[16:25:20]     └─ 截面分组(向量化): 0.000s
[16:25:20] 
  [图表] [回测引擎] 耗时汇总:
[16:25:20]       统计指标计算                      0.004s (  6.9%) #
[16:25:20]     └─ 构建矩阵: 0.003s
[16:25:20]       构建矩阵                        0.002s (  3.9%)
[16:25:20]     └─ 权重计算(矩阵): 0.000s
[16:25:20]   分组数量: 5
[16:25:20]     └─ 截面分组(向量化): 0.000s
[16:25:20]       收益计算(矩阵)                    0.002s (  3.6%)
[16:25:20]     └─ 收益计算(矩阵): 0.001s
[16:25:20]   加权方式: equal
[16:25:20]     └─ 权重计算(矩阵): 0.000s
[16:25:20]       净值曲线计算                      0.001s (  2.0%)
[16:25:20]     └─ 统计指标计算: 0.009s
[16:25:20]     └─ 收益计算(矩阵): 0.002s
[16:25:20]     └─ 构建矩阵: 0.006s
[16:25:20]       截面分组(向量化)                   0.000s (  0.0%)
[16:25:20]     └─ 净值曲线计算: 0.001s
[16:25:20]     └─ 统计指标计算: 0.008s
[16:25:20]     └─ 截面分组(向量化): 0.001s
[16:25:20]       权重计算(矩阵)                    0.000s (  0.0%)
[16:25:20] 
  [图表] [回测引擎] 耗时汇总:
[16:25:20]     └─ 净值曲线计算: 0.000s
[16:25:20]     └─ 权重计算(矩阵): 0.000s
[16:25:20]       (其他)                        0.043s ( 83.7%)
[16:25:20]       统计指标计算                      0.009s ( 11.5%) ##
[16:25:20] 
  [图表] [回测引擎] 耗时汇总:
[16:25:20]     └─ 收益计算(矩阵): 0.001s
[16:25:20]       ─────────────────────────────────────────────
[16:25:20]       构建矩阵                        0.007s (  9.0%) #
[16:25:20]       统计指标计算                      0.008s ( 11.8%) ##
[16:25:20]     └─ 统计指标计算: 0.006s
[16:25:20]       总计                          0.051s
[16:25:20]       净值曲线计算                      0.001s (  1.4%)
[16:25:20]       构建矩阵                        0.003s (  4.4%)
[16:25:20]     └─ 净值曲线计算: 0.000s
[16:25:20] [OK] 回测完成！
[16:25:20]       收益计算(矩阵)                    0.001s (  0.7%)
[16:25:20]       收益计算(矩阵)                    0.002s (  2.9%)
[16:25:20] 
  [图表] [回测引擎] 耗时汇总:
[16:25:20]       截面分组(向量化)                   0.000s (  0.0%)
[16:25:20]       截面分组(向量化)                   0.000s (  0.3%)
[16:25:20]       构建矩阵                        0.006s (  8.7%) #
[16:25:20]       权重计算(矩阵)                    0.000s (  0.0%)
[16:25:20]       权重计算(矩阵)                    0.000s (  0.0%)
[16:25:20]       净值曲线计算                      0.000s (  0.0%)
[16:25:20]       (其他)                        0.058s ( 77.4%)
[16:25:20]       统计指标计算                      0.006s (  7.9%) #
[16:25:20]       (其他)                        0.055s ( 80.6%)
[16:25:20]       ─────────────────────────────────────────────
[16:25:20]       截面分组(向量化)                   0.001s (  1.3%)
[16:25:20]       ─────────────────────────────────────────────
[16:25:20]       总计                          0.075s
[16:25:20]       收益计算(矩阵)                    0.001s (  1.3%)
[16:25:20]       总计                          0.069s
[16:25:20] [OK] 回测完成！
[16:25:20]       权重计算(矩阵)                    0.000s (  0.0%)
[16:25:20]       净值曲线计算                      0.000s (  0.0%)
[16:25:20] [OK] 回测完成！
[16:25:20]       (其他)                        0.060s ( 80.8%)
[16:25:20]       ─────────────────────────────────────────────
[16:25:20]       总计                          0.075s
[16:25:20] [OK] 回测完成！
[09:45:11] ✅ CSV 因子加载 (开盘价): 26269 条, 99 只股票
[09:45:11] 
开始因子分组回测 (截面模式-矩阵优化)...
[09:45:11]   分组数量: 5
[09:45:11]   加权方式: equal
[09:45:11]     └─ 构建矩阵: 0.002s
[09:45:11]     └─ 截面分组(向量化): 0.001s
[09:45:11]     └─ 权重计算(矩阵): 0.000s
[09:45:11]     └─ 收益计算(矩阵): 0.001s
[09:45:11]     └─ 统计指标计算: 0.005s
[09:45:11]     └─ 净值曲线计算: 0.002s
[09:45:11] 
  [图表] [回测引擎] 耗时汇总:
[09:45:11]       统计指标计算                      0.005s ( 26.3%) #####
[09:45:11]       构建矩阵                        0.002s ( 10.5%) ##
[09:45:11]       净值曲线计算                      0.002s ( 10.5%) ##
[09:45:11]       截面分组(向量化)                   0.001s (  5.3%) #
[09:45:11]       收益计算(矩阵)                    0.001s (  5.3%) #
[09:45:11]       权重计算(矩阵)                    0.000s (  0.0%)
[09:45:11]       ─────────────────────────────────────────────
[09:45:11]       总计                          0.019s
[09:45:11] [OK] 回测完成！
[09:45:11] [OK] Already cached: 26269 records, date: 2018-01-02 ~ 2025-12-01
[09:45:11]     [TIME] 创建透视表...
[09:45:11]       透视表完成: (266, 99), 耗时: 0.031s
[09:45:11]     └─ 获取透视表: 0.033s
[09:45:11]     └─ 转换为numpy: 0.000s
[09:45:11]     └─ IC计算: 0.021s
[09:45:11] 
  [图表] [calculate_ic(pearson)] 耗时汇总:
[09:45:11]       获取透视表                       0.033s ( 57.8%) ###########
[09:45:11]       IC计算                        0.021s ( 36.9%) #######
[09:45:11]       转换为numpy                    0.000s (  0.0%)
[09:45:11]       ─────────────────────────────────────────────
[09:45:11]       总计                          0.057s
[09:45:11]     └─ 获取透视表: 0.000s
[09:45:11]     └─ 转换为numpy: 0.000s
[09:45:11]     └─ IC计算: 0.134s
[09:45:11] 
  [图表] [calculate_ic(spearman)] 耗时汇总:
[09:45:11]       IC计算                        0.134s ( 98.5%) ###################
[09:45:11]       获取透视表                       0.000s (  0.0%)
[09:45:11]       转换为numpy                    0.000s (  0.0%)
[09:45:11]       ─────────────────────────────────────────────
[09:45:11]       总计                          0.136s
[09:45:11]     └─ 获取透视表: 0.000s
[09:45:11]     └─ 按年度计算: 0.017s
[09:45:11] 
  [图表] [yearly_analysis] 耗时汇总:
[09:45:11]       按年度计算                       0.017s ( 89.5%) #################
[09:45:11]       获取透视表                       0.000s (  0.0%)
[09:45:11]       ─────────────────────────────────────────────
[09:45:11]       总计                          0.019s
[09:45:11]     计算IC统计指标...
[09:45:11]     [OK] IC统计指标完成 (0.0s)
[09:45:11]     计算IC衰减 (10个滞后期)...
[09:45:11]     [TIME] calculate_ic_decay (max_lag=10)...
[09:45:11]       IC计算完成, 耗时: 0.077s
[09:45:11]     [TIME] ic_decay_total: 0.078s
[09:45:11]     [OK] IC衰减完成 (0.1s)
[09:45:11]     计算IC分布...
[09:45:11]     [OK] IC分布完成 (0.0s)
[09:45:11]     计算累计IC...
[09:45:12]     [OK] 累计IC完成 (0.0s)
[09:45:12]     计算IC自相关...
[09:45:12]     [OK] IC自相关完成 (0.0s)
[09:45:12] [基准数据] 开始加载: 000300.SH, 2018-01-02 ~ 2025-12-01
[09:45:12] ✅ 从 MySQL 加载基准数据成功: 000300.SH, 1920 条
[09:45:16] [相关性分析] 开始执行...
[09:45:16] [相关性分析] 参数: table=dividend_factors, source=current, threshold=0.0
[09:45:16] [相关性分析] 步骤1/4: 获取源因子数据...
[09:45:16] [相关性分析]   使用最近回测缓存数据: 26269 条记录, 耗时 0.00s
[09:45:16] [相关性分析] 步骤2/4: 获取对比因子表数据...
[09:45:16] [相关性分析]   使用回测日期范围: 2018-01-02 ~ 2025-12-01
[09:45:16] [DuckDB] 从本地parquet读取因子列: dividend_factors, 共 3 个
[09:45:16] [相关性分析]   目标因子列: ['DividendYield', 'Dividend_Yield_1', 'Dividend_Yield_2']
[09:45:16] [相关性分析]   开始加载对比因子数据...
[09:45:16] [相关性分析]   [进度]   5.00% | DuckDB读取 | 开始读取本地Parquet
[09:45:18] [相关性分析]   [进度]  90.00% | DuckDB读取 | 已读取 5103046 行
[09:45:18] [相关性分析]   [进度] 100.00% | DuckDB读取 | 本地Parquet读取完成
[09:45:18] [DuckDB] 本地多因子读取成功: 5103046 条 (dividend_factors.parquet)
[09:45:18] [相关性分析]   [因子连接方式] 对比因子实际来源: DuckDB本地Parquet
[09:45:18] [相关性分析]   对比因子加载完成: 5103046 条记录, 耗时 2.24s
[09:45:18] [相关性分析] 步骤3/4: 合并源因子与对比因子数据...
[09:45:20] [相关性分析]   合并后数据量: 15948 条, 耗时 1.07s
[09:45:20] [相关性分析] 步骤4/4: 执行相关性分析计算...
[09:45:20] 开始简化版因子相关性分析 (阈值=0.0)...
[09:45:20] ⏱️ filter_factors_by_correlation_threshold 执行耗时: 0.0000 秒
[09:45:20]   1. 计算因子相关性...
[09:45:21] ⏱️ _calculate_factor_correlation_chart 执行耗时: 1.0558 秒
[09:45:21]   2. 计算IC序列...
[09:45:22] ⏱️ _calculate_ic_chart 执行耗时: 1.2874 秒
[09:45:22]   3. 计算多空收益率...
[09:45:24] ⏱️ _calculate_return_chart 执行耗时: 2.2503 秒
[09:45:24] [OK] 简化版因子相关性分析完成!
[09:45:24] ⏱️ get_simplified_correlation_analysis 执行耗时: 4.5988 秒
[09:45:24] [相关性分析]   分析计算完成, 耗时 4.62s
[09:45:24] [相关性分析] ✅ 全部分析完成，总耗时 7.93s
[10:02:11] ✅ CSV 因子加载 (开盘价): 26269 条, 99 只股票
[10:02:12] 
开始因子分组回测 (截面模式-矩阵优化)...
[10:02:12]   分组数量: 5
[10:02:12]   加权方式: equal
[10:02:12]     └─ 构建矩阵: 0.004s
[10:02:12]     └─ 截面分组(向量化): 0.002s
[10:02:12]     └─ 权重计算(矩阵): 0.000s
[10:02:12]     └─ 收益计算(矩阵): 0.002s
[10:02:12]     └─ 统计指标计算: 0.006s
[10:02:12]     └─ 净值曲线计算: 0.001s
[10:02:12] 
  [图表] [回测引擎] 耗时汇总:
[10:02:12]       统计指标计算                      0.006s ( 27.2%) #####
[10:02:12]       构建矩阵                        0.004s ( 18.1%) ###
[10:02:12]       截面分组(向量化)                   0.002s (  9.1%) #
[10:02:12]       收益计算(矩阵)                    0.002s (  9.1%) #
[10:02:12]       净值曲线计算                      0.001s (  4.5%)
[10:02:12]       权重计算(矩阵)                    0.000s (  0.0%)
[10:02:12]       ─────────────────────────────────────────────
[10:02:12]       总计                          0.022s
[10:02:12] [OK] 回测完成！
[10:02:12] [OK] Already cached: 26269 records, date: 2018-01-02 ~ 2025-12-01
[10:02:12]     [TIME] 创建透视表...
[10:02:12]       透视表完成: (266, 99), 耗时: 0.035s
[10:02:12]     └─ 获取透视表: 0.037s
[10:02:12]     └─ 转换为numpy: 0.000s
[10:02:12]     └─ IC计算: 0.022s
[10:02:12] 
  [图表] [calculate_ic(pearson)] 耗时汇总:
[10:02:12]       获取透视表                       0.037s ( 59.8%) ###########
[10:02:12]       IC计算                        0.022s ( 35.4%) #######
[10:02:12]       转换为numpy                    0.000s (  0.0%)
[10:02:12]       ─────────────────────────────────────────────
[10:02:12]       总计                          0.062s
[10:02:12]     └─ 获取透视表: 0.000s
[10:02:12]     └─ 转换为numpy: 0.000s
[10:02:12]     └─ IC计算: 0.138s
[10:02:12] 
  [图表] [calculate_ic(spearman)] 耗时汇总:
[10:02:12]       IC计算                        0.138s ( 97.9%) ###################
[10:02:12]       获取透视表                       0.000s (  0.0%)
[10:02:12]       转换为numpy                    0.000s (  0.0%)
[10:02:12]       ─────────────────────────────────────────────
[10:02:12]       总计                          0.141s
[10:02:12]     └─ 获取透视表: 0.000s
[10:02:12]     └─ 按年度计算: 0.020s
[10:02:12] 
  [图表] [yearly_analysis] 耗时汇总:
[10:02:12]       按年度计算                       0.020s ( 91.0%) ##################
[10:02:12]       获取透视表                       0.000s (  0.0%)
[10:02:12]       ─────────────────────────────────────────────
[10:02:12]       总计                          0.023s
[10:02:12]     计算IC统计指标...
[10:02:12]     [OK] IC统计指标完成 (0.0s)
[10:02:12]     计算IC衰减 (10个滞后期)...
[10:02:12]     [TIME] calculate_ic_decay (max_lag=10)...
[10:02:12]       IC计算完成, 耗时: 0.066s
[10:02:12]     [TIME] ic_decay_total: 0.067s
[10:02:12]     [OK] IC衰减完成 (0.1s)
[10:02:12]     计算IC分布...
[10:02:12]     [OK] IC分布完成 (0.0s)
[10:02:12]     计算累计IC...
[10:02:12]     [OK] 累计IC完成 (0.0s)
[10:02:12]     计算IC自相关...
[10:02:12]     [OK] IC自相关完成 (0.0s)
[10:02:12] [基准数据] 开始加载: 000300.SH, 2018-01-02 ~ 2025-12-01
[10:02:12] ✅ 从 MySQL 加载基准数据成功: 000300.SH, 1920 条
[10:02:31] [相关性分析] 开始执行...
[10:02:31] [相关性分析] 参数: table=growth_factors, source=current, threshold=0.0
[10:02:31] [相关性分析] 步骤1/4: 获取源因子数据...
[10:02:31] [相关性分析]   使用最近回测缓存数据: 26269 条记录, 耗时 0.00s
[10:02:31] [相关性分析] 步骤2/4: 获取对比因子表数据...
[10:02:31] [相关性分析]   使用回测日期范围: 2018-01-02 ~ 2025-12-01
[10:02:31] [DuckDB] 从本地parquet读取因子列: growth_factors, 共 4 个
[10:02:31] [相关性分析]   目标因子列: ['EPSGrow5Y', 'Growth_1', 'Growth_2', 'SalesPSGrow5Y']
[10:02:31] [相关性分析]   开始加载对比因子数据...
[10:02:31] [相关性分析]   [进度]   5.00% | DuckDB读取 | 开始读取本地Parquet
[10:02:33] [相关性分析]   [进度]  90.00% | DuckDB读取 | 已读取 2237511 行
[10:02:33] [相关性分析]   [进度] 100.00% | DuckDB读取 | 本地Parquet读取完成
[10:02:33] [DuckDB] 本地多因子读取成功: 2237511 条 (growth_factors.parquet)
[10:02:33] [相关性分析]   [因子连接方式] 对比因子实际来源: DuckDB本地Parquet
[10:02:33] [相关性分析]   对比因子加载完成: 2237511 条记录, 耗时 1.62s
[10:02:33] [相关性分析] 步骤3/4: 合并源因子与对比因子数据...
[10:02:33] [相关性分析]   合并后数据量: 8240 条, 耗时 0.50s
[10:02:33] [相关性分析] 步骤4/4: 执行相关性分析计算...
[10:02:33] 开始简化版因子相关性分析 (阈值=0.0)...
[10:02:33] ⏱️ filter_factors_by_correlation_threshold 执行耗时: 0.0000 秒
[10:02:33]   1. 计算因子相关性...
[10:02:35] ⏱️ _calculate_factor_correlation_chart 执行耗时: 1.1819 秒
[10:02:35]   2. 计算IC序列...
[10:02:36] ⏱️ _calculate_ic_chart 执行耗时: 1.3800 秒
[10:02:36]   3. 计算多空收益率...
[10:02:39] ⏱️ _calculate_return_chart 执行耗时: 2.6090 秒
[10:02:39] [OK] 简化版因子相关性分析完成!
[10:02:39] ⏱️ get_simplified_correlation_analysis 执行耗时: 5.1750 秒
[10:02:39] [相关性分析]   分析计算完成, 耗时 5.18s
[10:02:39] [相关性分析] ✅ 全部分析完成，总耗时 7.31s
[11:12:33]     计算IC统计指标...
[11:12:33]     [TIME] 创建透视表...
[11:12:33]       透视表完成: (13, 98), 耗时: 0.028s
[11:12:33]     └─ 获取透视表: 0.030s
[11:12:33]     └─ 转换为numpy: 0.000s
[11:12:33]     └─ IC计算: 0.002s
[11:12:33] 
  [图表] [calculate_ic(pearson)] 耗时汇总:
[11:12:33]       获取透视表                       0.030s ( 83.3%) ################
[11:12:33]       IC计算                        0.002s (  5.6%) #
[11:12:33]       转换为numpy                    0.000s (  0.0%)
[11:12:33]       ─────────────────────────────────────────────
[11:12:33]       总计                          0.036s
[11:12:33]     └─ 获取透视表: 0.000s
[11:12:33]     └─ 转换为numpy: 0.000s
[11:12:33]     └─ IC计算: 0.016s
[11:12:33] 
  [图表] [calculate_ic(spearman)] 耗时汇总:
[11:12:33]       IC计算                        0.016s ( 78.7%) ###############
[11:12:33]       获取透视表                       0.000s (  0.0%)
[11:12:33]       转换为numpy                    0.000s (  0.0%)
[11:12:33]       ─────────────────────────────────────────────
[11:12:33]       总计                          0.020s
[11:12:33]     [OK] IC统计指标完成 (0.1s)
[11:12:33]     计算IC衰减 (10个滞后期)...
[11:12:33]     [TIME] calculate_ic_decay (max_lag=10)...
[11:12:33]       IC计算完成, 耗时: 0.069s
[11:12:33]     [TIME] ic_decay_total: 0.073s
[11:12:33]     [OK] IC衰减完成 (0.1s)
[11:12:33]     计算IC分布...
[11:12:33]     [OK] IC分布完成 (0.0s)
[11:12:33]     计算累计IC...
[11:12:33]     [OK] 累计IC完成 (0.0s)
[11:12:33]     计算IC自相关...
[11:12:33]     [OK] IC自相关完成 (0.0s)
[11:12:33]     └─ 获取透视表: 0.000s
[11:12:33]     └─ 按年度计算: 0.023s
[11:12:33] 
  [图表] [yearly_analysis] 耗时汇总:
[11:12:33]       按年度计算                       0.023s ( 82.3%) ################
[11:12:33]       获取透视表                       0.000s (  0.0%)
[11:12:33]       ─────────────────────────────────────────────
[11:12:33]       总计                          0.028s
[11:12:33] 
开始因子分组回测 (截面模式-矩阵优化)...
[11:12:33]   分组数量: 5
[11:12:33]   加权方式: equal
[11:12:33]     └─ 构建矩阵: 0.004s
[11:12:33]     └─ 截面分组(向量化): 0.002s
[11:12:33]     └─ 权重计算(矩阵): 0.000s
[11:12:33]     └─ 收益计算(矩阵): 0.003s
[11:12:33]     └─ 统计指标计算: 0.011s
[11:12:33]     └─ 净值曲线计算: 0.003s
[11:12:33] 
  [图表] [回测引擎] 耗时汇总:
[11:12:33]       统计指标计算                      0.011s ( 29.7%) #####
[11:12:33]       构建矩阵                        0.004s (  9.7%) #
[11:12:33]       收益计算(矩阵)                    0.003s (  8.2%) #
[11:12:33]       净值曲线计算                      0.003s (  7.9%) #
[11:12:33]       截面分组(向量化)                   0.002s (  5.6%) #
[11:12:33]       权重计算(矩阵)                    0.000s (  0.0%)
[11:12:33]       (其他)                        0.014s ( 38.9%)
[11:12:33]       ─────────────────────────────────────────────
[11:12:33]       总计                          0.037s
[11:12:33] [OK] 回测完成！
[11:15:41]     计算IC统计指标...
[11:15:41]     [TIME] 创建透视表...
[11:15:41]       透视表完成: (13, 98), 耗时: 0.036s
[11:15:41]     └─ 获取透视表: 0.039s
[11:15:41]     └─ 转换为numpy: 0.000s
[11:15:41]     └─ IC计算: 0.001s
[11:15:41] 
  [图表] [calculate_ic(pearson)] 耗时汇总:
[11:15:41]       获取透视表                       0.039s ( 88.6%) #################
[11:15:41]       IC计算                        0.001s (  2.3%)
[11:15:41]       转换为numpy                    0.000s (  0.0%)
[11:15:41]       ─────────────────────────────────────────────
[11:15:41]       总计                          0.044s
[11:15:41]     └─ 获取透视表: 0.000s
[11:15:41]     └─ 转换为numpy: 0.000s
[11:15:41]     └─ IC计算: 0.019s
[11:15:41] 
  [图表] [calculate_ic(spearman)] 耗时汇总:
[11:15:41]       IC计算                        0.019s ( 59.3%) ###########
[11:15:41]       获取透视表                       0.000s (  0.0%)
[11:15:41]       转换为numpy                    0.000s (  0.0%)
[11:15:41]       (其他)                        0.013s ( 40.7%)
[11:15:41]       ─────────────────────────────────────────────
[11:15:41]       总计                          0.032s
[11:15:41]     [OK] IC统计指标完成 (0.1s)
[11:15:41]     计算IC衰减 (10个滞后期)...
[11:15:41]     [TIME] calculate_ic_decay (max_lag=10)...
[11:15:41]       IC计算完成, 耗时: 0.059s
[11:15:41]     [TIME] ic_decay_total: 0.065s
[11:15:41]     [OK] IC衰减完成 (0.1s)
[11:15:41]     计算IC分布...
[11:15:41]     [OK] IC分布完成 (0.0s)
[11:15:41]     计算累计IC...
[11:15:41]     [OK] 累计IC完成 (0.0s)
[11:15:41]     计算IC自相关...
[11:15:41]     [OK] IC自相关完成 (0.0s)
[11:15:41]     └─ 获取透视表: 0.000s
[11:15:41]     └─ 按年度计算: 0.022s
[11:15:41] 
  [图表] [yearly_analysis] 耗时汇总:
[11:15:41]       按年度计算                       0.022s ( 66.4%) #############
[11:15:41]       获取透视表                       0.000s (  0.0%)
[11:15:41]       (其他)                        0.011s ( 33.6%)
[11:15:41]       ─────────────────────────────────────────────
[11:15:41]       总计                          0.033s
[11:15:43] 
开始因子分组回测 (截面模式-矩阵优化)...
[11:15:43]   分组数量: 5
[11:15:43]   加权方式: equal
[11:15:43]     └─ 构建矩阵: 0.035s
[11:15:43]     └─ 截面分组(向量化): 0.000s
[11:15:43]     └─ 权重计算(矩阵): 0.000s
[11:15:43]     └─ 收益计算(矩阵): 0.007s
[11:15:43]     └─ 统计指标计算: 0.007s
[11:15:43]     └─ 净值曲线计算: 0.002s
[11:15:43] 
  [图表] [回测引擎] 耗时汇总:
[11:15:43]       构建矩阵                        0.035s ( 57.9%) ###########
[11:15:43]       收益计算(矩阵)                    0.007s ( 12.2%) ##
[11:15:43]       统计指标计算                      0.007s ( 11.8%) ##
[11:15:45]       净值曲线计算                      0.002s (  3.3%)
[11:15:45]       截面分组(向量化)                   0.000s (  0.0%)
[11:15:45]       权重计算(矩阵)                    0.000s (  0.0%)
[11:15:45]       ─────────────────────────────────────────────
[11:15:45]       总计                          0.061s
[11:15:45] [OK] 回测完成！
[11:17:51]     计算IC统计指标...
[11:17:51]     [TIME] 创建透视表...
[11:17:51]       透视表完成: (13, 98), 耗时: 0.113s
[11:17:51]     └─ 获取透视表: 0.119s
[11:17:51]     └─ 转换为numpy: 0.000s
[11:17:51]     └─ IC计算: 0.007s
[11:17:51] 
  [图表] [calculate_ic(pearson)] 耗时汇总:
[11:17:51]       获取透视表                       0.119s ( 79.8%) ###############
[11:17:52]       IC计算                        0.007s (  4.7%)
[11:17:52]       转换为numpy                    0.000s (  0.0%)
[11:17:52]       (其他)                        0.023s ( 15.5%)
[11:17:52]       ─────────────────────────────────────────────
[11:17:52]       总计                          0.149s
[11:17:52]     └─ 获取透视表: 0.000s
[11:17:52]     └─ 转换为numpy: 0.000s
[11:17:52]     └─ IC计算: 0.381s
[11:17:52] 
  [图表] [calculate_ic(spearman)] 耗时汇总:
[11:17:52]       IC计算                        0.381s ( 97.8%) ###################
[11:17:52]       获取透视表                       0.000s (  0.0%)
[11:17:52]       转换为numpy                    0.000s (  0.0%)
[11:17:52]       ─────────────────────────────────────────────
[11:17:52]       总计                          0.390s
[11:17:52]     [OK] IC统计指标完成 (1.3s)
[11:17:52]     计算IC衰减 (10个滞后期)...
[11:17:52]     [TIME] calculate_ic_decay (max_lag=10)...
[11:17:52]       IC计算完成, 耗时: 0.047s
[11:17:52]     [TIME] ic_decay_total: 0.050s
[11:17:52]     [OK] IC衰减完成 (0.1s)
[11:17:52]     计算IC分布...
[11:17:52]     [OK] IC分布完成 (0.0s)
[11:17:52]     计算累计IC...
[11:17:52]     [OK] 累计IC完成 (0.0s)
[11:17:52]     计算IC自相关...
[11:17:52]     [OK] IC自相关完成 (0.0s)
[11:17:52]     └─ 获取透视表: 0.000s
[11:17:52]     └─ 按年度计算: 0.030s
[11:17:52] 
  [图表] [yearly_analysis] 耗时汇总:
[11:17:52]       按年度计算                       0.030s ( 82.5%) ################
[11:17:52]       获取透视表                       0.000s (  0.0%)
[11:17:52]       ─────────────────────────────────────────────
[11:17:52]       总计                          0.037s
[11:17:55] 
开始因子分组回测 (截面模式-矩阵优化)...
[11:17:55]   分组数量: 5
[11:17:55]   加权方式: equal
[11:17:56]     └─ 构建矩阵: 0.247s
[11:17:56]     └─ 截面分组(向量化): 0.279s
[11:17:57]     └─ 权重计算(矩阵): 0.030s
[11:17:57]     └─ 收益计算(矩阵): 0.248s
[11:17:57]     └─ 统计指标计算: 0.003s
[11:17:57]     └─ 净值曲线计算: 0.002s
[11:17:58] 
  [图表] [回测引擎] 耗时汇总:
[11:17:58]       截面分组(向量化)                   0.279s ( 10.3%) ##
[11:17:58]       收益计算(矩阵)                    0.248s (  9.2%) #
[11:17:58]       构建矩阵                        0.247s (  9.2%) #
[11:17:58]       权重计算(矩阵)                    0.030s (  1.1%)
[11:17:58]       统计指标计算                      0.003s (  0.1%)
[11:17:58]       净值曲线计算                      0.002s (  0.1%)
[11:17:58]       (其他)                        1.894s ( 70.1%)
[11:17:58]       ─────────────────────────────────────────────
[11:17:59]       总计                          2.703s
[11:17:59] [OK] 回测完成！
[14:42:10] 
============================================================
[14:42:10] 使用数据库因子回测: Dividend_Yield_1
[14:42:10] 日期范围: 2018-09-02 ~ 2025-06-01
[14:42:10] [因子连接方式] 优先 DuckDB 本地Parquet: dividend_factors.parquet
[14:42:10] ============================================================
[14:42:14] [DuckDB] 本地读取成功: Dividend_Yield_1, 4786265 条 (dividend_factors.parquet)
[14:42:14]     [因子连接方式] DuckDB读取本地Parquet
[14:42:14]     [TIME]️ 查询因子(duckdb_parquet): 4.275s
[14:42:15]     因子数据日期范围: 2018-09-03 ~ 2025-05-30
[14:42:15]     涉及股票数量: 5499
[14:42:15]     [TIME]️ 加载开盘价: 0.282s (过滤后 158304 条)
[14:42:17]     [TIME]️ 合并数据: 2.113s
[14:42:17] ✅ 从数据库加载因子 Dividend_Yield_1: 90957 条记录, 97 只股票 (使用开盘价)
[14:42:17]   [TIME]️ 加载耗时明细:
[14:42:17]      查询因子: 4.275s
[14:42:17]      加载价格: 0.282s
[14:42:17]      合并数据: 2.113s
[14:42:17]      清理: 0.004s
[14:42:17]      总计: 6.674s
[14:42:17] [OK] Already cached: 90957 records, date: 2018-09-02 ~ 2025-06-01
[14:42:18] 
开始因子分组回测 (截面模式-矩阵优化)...
[14:42:18]   分组数量: 5
[14:42:18]   加权方式: equal
[14:42:18]     └─ 构建矩阵: 0.029s
[14:42:18]     └─ 截面分组(向量化): 0.024s
[14:42:18]     └─ 权重计算(矩阵): 0.004s
[14:42:18]     └─ 收益计算(矩阵): 0.041s
[14:42:18]     └─ 统计指标计算: 0.014s
[14:42:18]     └─ 净值曲线计算: 0.004s
[14:42:18] 
  [图表] [回测引擎] 耗时汇总:
[14:42:18]       收益计算(矩阵)                    0.041s ( 29.2%) #####
[14:42:18]       构建矩阵                        0.029s ( 20.6%) ####
[14:42:18]       截面分组(向量化)                   0.024s ( 17.2%) ###
[14:42:18]       统计指标计算                      0.014s (  9.9%) #
[14:42:18]       净值曲线计算                      0.004s (  2.8%)
[14:42:18]       权重计算(矩阵)                    0.004s (  2.8%)
[14:42:18]       (其他)                        0.025s ( 17.5%)
[14:42:18]       ─────────────────────────────────────────────
[14:42:18]       总计                          0.142s
[14:42:18] [OK] 回测完成！
[14:42:18]   因子分析数据采样: 1632 个交易日 -> 800 个 (加速计算)
[14:42:18]     [TIME] 创建透视表...
[14:42:18]       透视表完成: (798, 97), 耗时: 0.123s
[14:42:18]     └─ 获取透视表: 0.125s
[14:42:18]     └─ 转换为numpy: 0.000s
[14:42:18]     └─ IC计算: 0.163s
[14:42:18] 
  [图表] [calculate_ic(pearson)] 耗时汇总:
[14:42:18]       IC计算                        0.163s ( 55.3%) ###########
[14:42:18]       获取透视表                       0.125s ( 42.3%) ########
[14:42:18]       转换为numpy                    0.000s (  0.0%)
[14:42:18]       ─────────────────────────────────────────────
[14:42:18]       总计                          0.295s
[14:42:18]     └─ 获取透视表: 0.000s
[14:42:18]     └─ 转换为numpy: 0.000s
[14:42:19]     └─ IC计算: 0.938s
[14:42:19] 
  [图表] [calculate_ic(spearman)] 耗时汇总:
[14:42:19]       IC计算                        0.938s ( 99.3%) ###################
[14:42:19]       获取透视表                       0.000s (  0.0%)
[14:42:19]       转换为numpy                    0.000s (  0.0%)
[14:42:19]       ─────────────────────────────────────────────
[14:42:19]       总计                          0.945s
[14:42:19]     └─ 获取透视表: 0.000s
[14:42:19]     └─ 按年度计算: 0.121s
[14:42:19] 
  [图表] [yearly_analysis] 耗时汇总:
[14:42:19]       按年度计算                       0.121s ( 96.9%) ###################
[14:42:19]       获取透视表                       0.000s (  0.0%)
[14:42:19]       ─────────────────────────────────────────────
[14:42:19]       总计                          0.125s
[14:42:19]     计算IC统计指标...
[14:42:19]     [OK] IC统计指标完成 (0.0s)
[14:42:19]     计算IC衰减 (10个滞后期)...
[14:42:19]     [TIME] calculate_ic_decay (max_lag=10)...
[14:42:19]       IC计算完成, 耗时: 0.274s
[14:42:19]     [TIME] ic_decay_total: 0.278s
[14:42:19]     [OK] IC衰减完成 (0.3s)
[14:42:19]     计算IC分布...
[14:42:20]     [OK] IC分布完成 (0.0s)
[14:42:20]     计算累计IC...
[14:42:20]     [OK] 累计IC完成 (0.0s)
[14:42:20]     计算IC自相关...
[14:42:20]     [OK] IC自相关完成 (0.0s)
[14:42:20] [基准数据] 开始加载: 000300.SH, 2018-09-02 ~ 2025-06-01
[14:42:20] ✅ 从 MySQL 加载基准数据成功: 000300.SH, 1632 条
[14:42:20] [OK] 回测完成，耗时: 9.37 秒
[14:43:12]     计算IC统计指标...
[14:43:12]     [TIME] 创建透视表...
[14:43:12]       透视表完成: (13, 98), 耗时: 0.041s
[14:43:12]     └─ 获取透视表: 0.043s
[14:43:12]     └─ 转换为numpy: 0.001s
[14:43:12]     └─ IC计算: 0.002s
[14:43:12] 
  [图表] [calculate_ic(pearson)] 耗时汇总:
[14:43:12]       获取透视表                       0.043s ( 84.4%) ################
[14:43:12]       IC计算                        0.002s (  3.9%)
[14:43:12]       转换为numpy                    0.001s (  1.9%)
[14:43:12]       ─────────────────────────────────────────────
[14:43:12]       总计                          0.051s
[14:43:12]     └─ 获取透视表: 0.000s
[14:43:12]     └─ 转换为numpy: 0.000s
[14:43:12]     └─ IC计算: 0.017s
[14:43:12] 
  [图表] [calculate_ic(spearman)] 耗时汇总:
[14:43:12]       IC计算                        0.017s ( 74.4%) ##############
[14:43:12]       获取透视表                       0.000s (  0.0%)
[14:43:12]       转换为numpy                    0.000s (  0.0%)
[14:43:12]       ─────────────────────────────────────────────
[14:43:12]       总计                          0.023s
[14:43:12]     [OK] IC统计指标完成 (0.1s)
[14:43:12]     计算IC衰减 (10个滞后期)...
[14:43:12]     [TIME] calculate_ic_decay (max_lag=10)...
[14:43:12]       IC计算完成, 耗时: 0.078s
[14:43:12]     [TIME] ic_decay_total: 0.082s
[14:43:12]     [OK] IC衰减完成 (0.1s)
[14:43:12]     计算IC分布...
[14:43:12]     [OK] IC分布完成 (0.0s)
[14:43:12]     计算累计IC...
[14:43:12]     [OK] 累计IC完成 (0.0s)
[14:43:12]     计算IC自相关...
[14:43:12]     [OK] IC自相关完成 (0.0s)
[14:43:12]     └─ 获取透视表: 0.000s
[14:43:12]     └─ 按年度计算: 0.025s
[14:43:12] 
  [图表] [yearly_analysis] 耗时汇总:
[14:43:12]       按年度计算                       0.025s ( 89.1%) #################
[14:43:12]       获取透视表                       0.000s (  0.0%)
[14:43:12]       ─────────────────────────────────────────────
[14:43:12]       总计                          0.028s
[14:43:12] 
开始因子分组回测 (截面模式-矩阵优化)...
[14:43:12]   分组数量: 5
[14:43:12]   加权方式: equal
[14:43:12]     └─ 构建矩阵: 0.003s
[14:43:12]     └─ 截面分组(向量化): 0.001s
[14:43:12]     └─ 权重计算(矩阵): 0.000s
[14:43:12]     └─ 收益计算(矩阵): 0.001s
[14:43:12]     └─ 统计指标计算: 0.008s
[14:43:12]     └─ 净值曲线计算: 0.002s
[14:43:12] 
  [图表] [回测引擎] 耗时汇总:
[14:43:12]       统计指标计算                      0.008s ( 23.8%) ####
[14:43:12]       构建矩阵                        0.003s (  8.8%) #
[14:43:12]       净值曲线计算                      0.002s (  6.1%) #
[14:43:12]       截面分组(向量化)                   0.001s (  3.1%)
[14:43:12]       收益计算(矩阵)                    0.001s (  3.0%)
[14:43:12]       权重计算(矩阵)                    0.000s (  0.0%)
[14:43:12]       (其他)                        0.019s ( 55.3%)
[14:43:12]       ─────────────────────────────────────────────
[14:43:12]       总计                          0.034s
[14:43:12] [OK] 回测完成！
[14:43:13]     计算IC统计指标...
[14:43:13]     [TIME] 创建透视表...
[14:43:13]       透视表完成: (13, 98), 耗时: 0.036s
[14:43:13]     └─ 获取透视表: 0.038s
[14:43:13]     └─ 转换为numpy: 0.001s
[14:43:13]     └─ IC计算: 0.003s
[14:43:13] 
  [图表] [calculate_ic(pearson)] 耗时汇总:
[14:43:13]       获取透视表                       0.038s ( 82.8%) ################
[14:43:13]       IC计算                        0.003s (  6.5%) #
[14:43:13]       转换为numpy                    0.001s (  2.2%)
[14:43:13]       ─────────────────────────────────────────────
[14:43:13]       总计                          0.046s
[14:43:13]     └─ 获取透视表: 0.000s
[14:43:13]     └─ 转换为numpy: 0.000s
[14:43:13]     └─ IC计算: 0.016s
[14:43:13] 
  [图表] [calculate_ic(spearman)] 耗时汇总:
[14:43:13]       IC计算                        0.016s ( 69.9%) #############
[14:43:13]       获取透视表                       0.000s (  0.0%)
[14:43:13]       转换为numpy                    0.000s (  0.0%)
[14:43:13]       ─────────────────────────────────────────────
[14:43:13]       总计                          0.023s
[14:43:13]     [OK] IC统计指标完成 (0.1s)
[14:43:13]     计算IC衰减 (10个滞后期)...
[14:43:13]     [TIME] calculate_ic_decay (max_lag=10)...
[14:43:13]       IC计算完成, 耗时: 0.081s
[14:43:13]     [TIME] ic_decay_total: 0.084s
[14:43:13]     [OK] IC衰减完成 (0.1s)
[14:43:13]     计算IC分布...
[14:43:13]     [OK] IC分布完成 (0.0s)
[14:43:13]     计算累计IC...
[14:43:13]     [OK] 累计IC完成 (0.0s)
[14:43:13]     计算IC自相关...
[14:43:13]     [OK] IC自相关完成 (0.0s)
[14:43:13]     └─ 获取透视表: 0.000s
[14:43:13]     └─ 按年度计算: 0.023s
[14:43:13] 
  [图表] [yearly_analysis] 耗时汇总:
[14:43:13]       按年度计算                       0.023s ( 85.3%) #################
[14:43:13]       获取透视表                       0.000s (  0.0%)
[14:43:13]       ─────────────────────────────────────────────
[14:43:13]       总计                          0.027s
[14:43:13] 
开始因子分组回测 (截面模式-矩阵优化)...
[14:43:13]   分组数量: 5
[14:43:13]   加权方式: equal
[14:43:13]     └─ 构建矩阵: 0.003s
[14:43:13]     └─ 截面分组(向量化): 0.000s
[14:43:13]     └─ 权重计算(矩阵): 0.000s
[14:43:13]     └─ 收益计算(矩阵): 0.001s
[14:43:13]     └─ 统计指标计算: 0.008s
[14:43:13]     └─ 净值曲线计算: 0.003s
[14:43:13] 
  [图表] [回测引擎] 耗时汇总:
[14:43:13]       统计指标计算                      0.008s ( 27.5%) #####
[14:43:13]       构建矩阵                        0.003s ( 10.3%) ##
[14:43:13]       净值曲线计算                      0.003s ( 10.0%) #
[14:43:13]       收益计算(矩阵)                    0.001s (  3.0%)
[14:43:13]       截面分组(向量化)                   0.000s (  0.0%)
[14:43:13]       权重计算(矩阵)                    0.000s (  0.0%)
[14:43:13]       (其他)                        0.014s ( 49.1%)
[14:43:13]       ─────────────────────────────────────────────
[14:43:13]       总计                          0.029s
[14:43:13] [OK] 回测完成！
[14:45:28] ✅ CSV 因子加载 (开盘价): 26269 条, 99 只股票
[14:45:28] 
开始因子分组回测 (截面模式-矩阵优化)...
[14:45:28]   分组数量: 5
[14:45:28]   加权方式: equal
[14:45:28]     └─ 构建矩阵: 0.008s
[14:45:28]     └─ 截面分组(向量化): 0.002s
[14:45:28]     └─ 权重计算(矩阵): 0.001s
[14:45:28]     └─ 收益计算(矩阵): 0.005s
[14:45:28]     └─ 统计指标计算: 0.011s
[14:45:28]     └─ 净值曲线计算: 0.003s
[14:45:28] 
  [图表] [回测引擎] 耗时汇总:
[14:45:28]       统计指标计算                      0.011s ( 24.3%) ####
[14:45:28]       构建矩阵                        0.008s ( 17.3%) ###
[14:45:28]       收益计算(矩阵)                    0.005s ( 10.8%) ##
[14:45:28]       净值曲线计算                      0.003s (  6.5%) #
[14:45:28]       截面分组(向量化)                   0.002s (  4.3%)
[14:45:28]       权重计算(矩阵)                    0.001s (  2.1%)
[14:45:28]       (其他)                        0.016s ( 34.7%)
[14:45:28]       ─────────────────────────────────────────────
[14:45:28]       总计                          0.046s
[14:45:28] [OK] 回测完成！
[14:45:28] [OK] Already cached: 26269 records, date: 2018-01-02 ~ 2025-12-01
[14:45:28]     [TIME] 创建透视表...
[14:45:28]       透视表完成: (266, 99), 耗时: 0.081s
[14:45:28]     └─ 获取透视表: 0.084s
[14:45:28]     └─ 转换为numpy: 0.000s
[14:45:28]     └─ IC计算: 0.054s
[14:45:28] 
  [图表] [calculate_ic(pearson)] 耗时汇总:
[14:45:28]       获取透视表                       0.084s ( 58.3%) ###########
[14:45:28]       IC计算                        0.054s ( 37.6%) #######
[14:45:28]       转换为numpy                    0.000s (  0.0%)
[14:45:28]       ─────────────────────────────────────────────
[14:45:28]       总计                          0.144s
[14:45:28]     └─ 获取透视表: 0.000s
[14:45:28]     └─ 转换为numpy: 0.000s
[14:45:29]     └─ IC计算: 0.286s
[14:45:29] 
  [图表] [calculate_ic(spearman)] 耗时汇总:
[14:45:29]       IC计算                        0.286s ( 97.6%) ###################
[14:45:29]       获取透视表                       0.000s (  0.0%)
[14:45:29]       转换为numpy                    0.000s (  0.0%)
[14:45:29]       ─────────────────────────────────────────────
[14:45:29]       总计                          0.293s
[14:45:29]     └─ 获取透视表: 0.000s
[14:45:29]     └─ 按年度计算: 0.048s
[14:45:29] 
  [图表] [yearly_analysis] 耗时汇总:
[14:45:29]       按年度计算                       0.048s ( 92.2%) ##################
[14:45:29]       获取透视表                       0.000s (  0.0%)
[14:45:29]       ─────────────────────────────────────────────
[14:45:29]       总计                          0.052s
[14:45:29]     计算IC统计指标...
[14:45:29]     [OK] IC统计指标完成 (0.0s)
[14:45:29]     计算IC衰减 (10个滞后期)...
[14:45:29]     [TIME] calculate_ic_decay (max_lag=10)...
[14:45:29]       IC计算完成, 耗时: 0.161s
[14:45:29]     [TIME] ic_decay_total: 0.164s
[14:45:29]     [OK] IC衰减完成 (0.2s)
[14:45:29]     计算IC分布...
[14:45:29]     [OK] IC分布完成 (0.0s)
[14:45:29]     计算累计IC...
[14:45:29]     [OK] 累计IC完成 (0.0s)
[14:45:29]     计算IC自相关...
[14:45:29]     [OK] IC自相关完成 (0.0s)
[14:45:29] [基准数据] 开始加载: 000300.SH, 2018-01-02 ~ 2025-12-01
[14:45:29] ✅ 从 MySQL 加载基准数据成功: 000300.SH, 1920 条
[14:46:10]     计算IC统计指标...
[14:46:10]     [TIME] 创建透视表...
[14:46:10]       透视表完成: (13, 98), 耗时: 0.028s
[14:46:10]     └─ 获取透视表: 0.030s
[14:46:10]     └─ 转换为numpy: 0.000s
[14:46:10]     └─ IC计算: 0.002s
[14:46:10] 
  [图表] [calculate_ic(pearson)] 耗时汇总:
[14:46:10]       获取透视表                       0.030s ( 83.4%) ################
[14:46:10]       IC计算                        0.002s (  5.4%) #
[14:46:10]       转换为numpy                    0.000s (  0.0%)
[14:46:10]       ─────────────────────────────────────────────
[14:46:10]       总计                          0.036s
[14:46:10]     └─ 获取透视表: 0.000s
[14:46:10]     └─ 转换为numpy: 0.000s
[14:46:10]     └─ IC计算: 0.015s
[14:46:10] 
  [图表] [calculate_ic(spearman)] 耗时汇总:
[14:46:10]       IC计算                        0.015s ( 83.0%) ################
[14:46:10]       获取透视表                       0.000s (  0.0%)
[14:46:10]       转换为numpy                    0.000s (  0.0%)
[14:46:10]       ─────────────────────────────────────────────
[14:46:10]       总计                          0.018s
[14:46:10]     [OK] IC统计指标完成 (0.1s)
[14:46:10]     计算IC衰减 (10个滞后期)...
[14:46:10]     [TIME] calculate_ic_decay (max_lag=10)...
[14:46:10]       IC计算完成, 耗时: 0.073s
[14:46:10]     [TIME] ic_decay_total: 0.077s
[14:46:10]     [OK] IC衰减完成 (0.1s)
[14:46:10]     计算IC分布...
[14:46:10]     [OK] IC分布完成 (0.0s)
[14:46:10]     计算累计IC...
[14:46:10]     [OK] 累计IC完成 (0.0s)
[14:46:10]     计算IC自相关...
[14:46:10]     [OK] IC自相关完成 (0.0s)
[14:46:10]     └─ 获取透视表: 0.000s
[14:46:10]     └─ 按年度计算: 0.019s
[14:46:10] 
  [图表] [yearly_analysis] 耗时汇总:
[14:46:10]       按年度计算                       0.019s ( 86.8%) #################
[14:46:10]       获取透视表                       0.000s (  0.0%)
[14:46:10]       ─────────────────────────────────────────────
[14:46:10]       总计                          0.022s
[14:46:10] 
开始因子分组回测 (截面模式-矩阵优化)...
[14:46:10]   分组数量: 5
[14:46:10]   加权方式: equal
[14:46:10]     └─ 构建矩阵: 0.002s
[14:46:10]     └─ 截面分组(向量化): 0.001s
[14:46:10]     └─ 权重计算(矩阵): 0.000s
[14:46:10]     └─ 收益计算(矩阵): 0.000s
[14:46:10]     └─ 统计指标计算: 0.011s
[14:46:10]     └─ 净值曲线计算: 0.003s
[14:46:10] 
  [图表] [回测引擎] 耗时汇总:
[14:46:10]       统计指标计算                      0.011s ( 31.8%) ######
[14:46:10]       净值曲线计算                      0.003s (  8.6%) #
[14:46:10]       构建矩阵                        0.002s (  5.6%) #
[14:46:10]       截面分组(向量化)                   0.001s (  2.5%)
[14:46:10]       权重计算(矩阵)                    0.000s (  0.0%)
[14:46:10]       收益计算(矩阵)                    0.000s (  0.0%)
[14:46:10]       (其他)                        0.018s ( 51.5%)
[14:46:10]       ─────────────────────────────────────────────
[14:46:10]       总计                          0.036s
[14:46:10] [OK] 回测完成！
[14:46:20]     计算IC统计指标...
[14:46:20]     [TIME] 创建透视表...
[14:46:20]       透视表完成: (13, 98), 耗时: 0.031s
[14:46:20]     └─ 获取透视表: 0.033s
[14:46:20]     └─ 转换为numpy: 0.000s
[14:46:20]     └─ IC计算: 0.003s
[14:46:20] 
  [图表] [calculate_ic(pearson)] 耗时汇总:
[14:46:20]       获取透视表                       0.033s ( 80.7%) ################
[14:46:20]       IC计算                        0.003s (  7.2%) #
[14:46:20]       转换为numpy                    0.000s (  0.0%)
[14:46:20]       ─────────────────────────────────────────────
[14:46:20]       总计                          0.041s
[14:46:20]     └─ 获取透视表: 0.000s
[14:46:20]     └─ 转换为numpy: 0.000s
[14:46:20]     └─ IC计算: 0.016s
[14:46:20] 
  [图表] [calculate_ic(spearman)] 耗时汇总:
[14:46:20]       IC计算                        0.016s ( 75.8%) ###############
[14:46:20]       获取透视表                       0.000s (  0.0%)
[14:46:20]       转换为numpy                    0.000s (  0.0%)
[14:46:20]       ─────────────────────────────────────────────
[14:46:20]       总计                          0.021s
[14:46:20]     [OK] IC统计指标完成 (0.1s)
[14:46:20]     计算IC衰减 (10个滞后期)...
[14:46:20]     [TIME] calculate_ic_decay (max_lag=10)...
[14:46:21]       IC计算完成, 耗时: 0.064s
[14:46:21]     [TIME] ic_decay_total: 0.068s
[14:46:21]     [OK] IC衰减完成 (0.1s)
[14:46:21]     计算IC分布...
[14:46:21]     [OK] IC分布完成 (0.0s)
[14:46:21]     计算累计IC...
[14:46:21]     [OK] 累计IC完成 (0.0s)
[14:46:21]     计算IC自相关...
[14:46:21]     [OK] IC自相关完成 (0.0s)
[14:46:21]     └─ 获取透视表: 0.000s
[14:46:21]     └─ 按年度计算: 0.020s
[14:46:21] 
  [图表] [yearly_analysis] 耗时汇总:
[14:46:21]       按年度计算                       0.020s ( 85.5%) #################
[14:46:21]       获取透视表                       0.000s (  0.0%)
[14:46:21]       ─────────────────────────────────────────────
[14:46:21]       总计                          0.023s
[14:46:21] 
开始因子分组回测 (截面模式-矩阵优化)...
[14:46:21]   分组数量: 5
[14:46:21]   加权方式: equal
[14:46:21]     └─ 构建矩阵: 0.002s
[14:46:21]     └─ 截面分组(向量化): 0.001s
[14:46:21]     └─ 权重计算(矩阵): 0.000s
[14:46:21]     └─ 收益计算(矩阵): 0.000s
[14:46:21]     └─ 统计指标计算: 0.010s
[14:46:21]     └─ 净值曲线计算: 0.003s
[14:46:21] 
  [图表] [回测引擎] 耗时汇总:
[14:46:21]       统计指标计算                      0.010s ( 33.4%) ######
[14:46:21]       净值曲线计算                      0.003s (  9.6%) #
[14:46:21]       构建矩阵                        0.002s (  6.9%) #
[14:46:21]       截面分组(向量化)                   0.001s (  3.0%)
[14:46:21]       权重计算(矩阵)                    0.000s (  0.0%)
[14:46:21]       收益计算(矩阵)                    0.000s (  0.0%)
[14:46:21]       (其他)                        0.014s ( 47.1%)
[14:46:21]       ─────────────────────────────────────────────
[14:46:21]       总计                          0.030s
[14:46:21] [OK] 回测完成！
[14:46:22]     计算IC统计指标...
[14:46:22]     [TIME] 创建透视表...
[14:46:22]       透视表完成: (13, 98), 耗时: 0.031s
[14:46:22]     └─ 获取透视表: 0.034s
[14:46:22]     └─ 转换为numpy: 0.000s
[14:46:22]     └─ IC计算: 0.002s
[14:46:22] 
  [图表] [calculate_ic(pearson)] 耗时汇总:
[14:46:22]       获取透视表                       0.034s ( 85.8%) #################
[14:46:22]       IC计算                        0.002s (  5.7%) #
[14:46:22]       转换为numpy                    0.000s (  0.0%)
[14:46:22]       ─────────────────────────────────────────────
[14:46:22]       总计                          0.039s
[14:46:22]     └─ 获取透视表: 0.000s
[14:46:22]     └─ 转换为numpy: 0.000s
[14:46:22]     └─ IC计算: 0.014s
[14:46:22] 
  [图表] [calculate_ic(spearman)] 耗时汇总:
[14:46:22]       IC计算                        0.014s ( 77.3%) ###############
[14:46:22]       获取透视表                       0.000s (  0.0%)
[14:46:22]       转换为numpy                    0.000s (  0.0%)
[14:46:22]       ─────────────────────────────────────────────
[14:46:22]       总计                          0.018s
[14:46:22]     [OK] IC统计指标完成 (0.1s)
[14:46:22]     计算IC衰减 (10个滞后期)...
[14:46:22]     [TIME] calculate_ic_decay (max_lag=10)...
[14:46:22]       IC计算完成, 耗时: 0.076s
[14:46:22]     [TIME] ic_decay_total: 0.080s
[14:46:22]     [OK] IC衰减完成 (0.1s)
[14:46:22]     计算IC分布...
[14:46:22]     [OK] IC分布完成 (0.0s)
[14:46:22]     计算累计IC...
[14:46:22]     [OK] 累计IC完成 (0.0s)
[14:46:22]     计算IC自相关...
[14:46:22]     [OK] IC自相关完成 (0.0s)
[14:46:22]     └─ 获取透视表: 0.000s
[14:46:22]     └─ 按年度计算: 0.024s
[14:46:22] 
  [图表] [yearly_analysis] 耗时汇总:
[14:46:22]       按年度计算                       0.024s ( 85.4%) #################
[14:46:22]       获取透视表                       0.000s (  0.0%)
[14:46:22]       ─────────────────────────────────────────────
[14:46:22]       总计                          0.028s
[14:46:22] 
开始因子分组回测 (截面模式-矩阵优化)...
[14:46:22]   分组数量: 5
[14:46:22]   加权方式: equal
[14:46:22]     └─ 构建矩阵: 0.003s
[14:46:22]     └─ 截面分组(向量化): 0.000s
[14:46:22]     └─ 权重计算(矩阵): 0.000s
[14:46:22]     └─ 收益计算(矩阵): 0.001s
[14:46:22]     └─ 统计指标计算: 0.012s
[14:46:22]     └─ 净值曲线计算: 0.003s
[14:46:22] 
  [图表] [回测引擎] 耗时汇总:
[14:46:22]       统计指标计算                      0.012s ( 33.9%) ######
[14:46:22]       构建矩阵                        0.003s (  9.2%) #
[14:46:22]       净值曲线计算                      0.003s (  8.1%) #
[14:46:22]       收益计算(矩阵)                    0.001s (  2.7%)
[14:46:22]       截面分组(向量化)                   0.000s (  0.0%)
[14:46:22]       权重计算(矩阵)                    0.000s (  0.0%)
[14:46:22]       (其他)                        0.017s ( 46.1%)
[14:46:22]       ─────────────────────────────────────────────
[14:46:22]       总计                          0.037s
[14:46:22] [OK] 回测完成！
[15:08:57]     计算IC统计指标...
[15:08:57]     [TIME] 创建透视表...
[15:08:57]       透视表完成: (13, 98), 耗时: 0.038s
[15:08:57]     └─ 获取透视表: 0.041s
[15:08:57]     └─ 转换为numpy: 0.000s
[15:08:57]     └─ IC计算: 0.002s
[15:08:57] 
  [图表] [calculate_ic(pearson)] 耗时汇总:
[15:08:57]       获取透视表                       0.041s ( 86.4%) #################
[15:08:57]       IC计算                        0.002s (  4.6%)
[15:08:57]       转换为numpy                    0.000s (  0.0%)
[15:08:57]       ─────────────────────────────────────────────
[15:08:57]       总计                          0.048s
[15:08:57]     └─ 获取透视表: 0.000s
[15:08:57]     └─ 转换为numpy: 0.000s
[15:08:57]     └─ IC计算: 0.012s
[15:08:57] 
  [图表] [calculate_ic(spearman)] 耗时汇总:
[15:08:57]       IC计算                        0.012s ( 62.8%) ############
[15:08:57]       获取透视表                       0.000s (  0.0%)
[15:08:57]       转换为numpy                    0.000s (  0.0%)
[15:08:57]       ─────────────────────────────────────────────
[15:08:57]       总计                          0.019s
[15:08:57]     [OK] IC统计指标完成 (0.1s)
[15:08:57]     计算IC衰减 (10个滞后期)...
[15:08:57]     [TIME] calculate_ic_decay (max_lag=10)...
[15:08:57]       IC计算完成, 耗时: 0.070s
[15:08:57]     [TIME] ic_decay_total: 0.074s
[15:08:57]     [OK] IC衰减完成 (0.1s)
[15:08:57]     计算IC分布...
[15:08:57]     [OK] IC分布完成 (0.0s)
[15:08:57]     计算累计IC...
[15:08:57]     [OK] 累计IC完成 (0.0s)
[15:08:57]     计算IC自相关...
[15:08:57]     [OK] IC自相关完成 (0.0s)
[15:08:57]     └─ 获取透视表: 0.000s
[15:08:57]     └─ 按年度计算: 0.025s
[15:08:57] 
  [图表] [yearly_analysis] 耗时汇总:
[15:08:57]       按年度计算                       0.025s ( 86.1%) #################
[15:08:57]       获取透视表                       0.000s (  0.0%)
[15:08:57]       ─────────────────────────────────────────────
[15:08:57]       总计                          0.029s
[15:08:57] 
开始因子分组回测 (截面模式-矩阵优化)...
[15:08:57]   分组数量: 5
[15:08:57]   加权方式: equal
[15:08:57]     └─ 构建矩阵: 0.002s
[15:08:57]     └─ 截面分组(向量化): 0.001s
[15:08:57]     └─ 权重计算(矩阵): 0.000s
[15:08:57]     └─ 收益计算(矩阵): 0.001s
[15:08:57]     └─ 统计指标计算: 0.010s
[15:08:57]     └─ 净值曲线计算: 0.002s
[15:08:57] 
  [图表] [回测引擎] 耗时汇总:
[15:08:57]       统计指标计算                      0.010s ( 32.9%) ######
[15:08:57]       构建矩阵                        0.002s (  6.5%) #
[15:08:57]       净值曲线计算                      0.002s (  6.5%) #
[15:08:57]       截面分组(向量化)                   0.001s (  4.1%)
[15:08:57]       收益计算(矩阵)                    0.001s (  3.3%)
[15:08:57]       权重计算(矩阵)                    0.000s (  0.0%)
[15:08:57]       (其他)                        0.014s ( 46.6%)
[15:08:57]       ─────────────────────────────────────────────
[15:08:57]       总计                          0.030s
[15:08:57] [OK] 回测完成！
[15:09:06]     计算IC统计指标...
[15:09:06]     [TIME] 创建透视表...
[15:09:07]       透视表完成: (13, 98), 耗时: 0.026s
[15:09:07]     └─ 获取透视表: 0.029s
[15:09:07]     └─ 转换为numpy: 0.000s
[15:09:07]     └─ IC计算: 0.003s
[15:09:07] 
  [图表] [calculate_ic(pearson)] 耗时汇总:
[15:09:07]       获取透视表                       0.029s ( 82.7%) ################
[15:09:07]       IC计算                        0.003s (  8.7%) #
[15:09:07]       转换为numpy                    0.000s (  0.0%)
[15:09:07]       ─────────────────────────────────────────────
[15:09:07]       总计                          0.035s
[15:09:07]     └─ 获取透视表: 0.000s
[15:09:07]     └─ 转换为numpy: 0.000s
[15:09:07]     └─ IC计算: 0.014s
[15:09:07] 
  [图表] [calculate_ic(spearman)] 耗时汇总:
[15:09:07]       IC计算                        0.014s ( 78.1%) ###############
[15:09:07]       获取透视表                       0.000s (  0.0%)
[15:09:07]       转换为numpy                    0.000s (  0.0%)
[15:09:07]       ─────────────────────────────────────────────
[15:09:07]       总计                          0.018s
[15:09:07]     [OK] IC统计指标完成 (0.1s)
[15:09:07]     计算IC衰减 (10个滞后期)...
[15:09:07]     [TIME] calculate_ic_decay (max_lag=10)...
[15:09:07]       IC计算完成, 耗时: 0.072s
[15:09:07]     [TIME] ic_decay_total: 0.077s
[15:09:07]     [OK] IC衰减完成 (0.1s)
[15:09:07]     计算IC分布...
[15:09:07]     [OK] IC分布完成 (0.0s)
[15:09:07]     计算累计IC...
[15:09:07]     [OK] 累计IC完成 (0.0s)
[15:09:07]     计算IC自相关...
[15:09:07]     [OK] IC自相关完成 (0.0s)
[15:09:07]     └─ 获取透视表: 0.000s
[15:09:07]     └─ 按年度计算: 0.023s
[15:09:07] 
  [图表] [yearly_analysis] 耗时汇总:
[15:09:07]       按年度计算                       0.023s ( 85.0%) #################
[15:09:07]       获取透视表                       0.000s (  0.0%)
[15:09:07]       ─────────────────────────────────────────────
[15:09:07]       总计                          0.026s
[15:09:07] 
开始因子分组回测 (截面模式-矩阵优化)...
[15:09:07]   分组数量: 5
[15:09:07]   加权方式: equal
[15:09:07]     └─ 构建矩阵: 0.002s
[15:09:07]     └─ 截面分组(向量化): 0.000s
[15:09:07]     └─ 权重计算(矩阵): 0.000s
[15:09:07]     └─ 收益计算(矩阵): 0.001s
[15:09:07]     └─ 统计指标计算: 0.009s
[15:09:07]     └─ 净值曲线计算: 0.003s
[15:09:07] 
  [图表] [回测引擎] 耗时汇总:
[15:09:07]       统计指标计算                      0.009s ( 28.8%) #####
[15:09:07]       净值曲线计算                      0.003s (  9.6%) #
[15:09:07]       构建矩阵                        0.002s (  6.9%) #
[15:09:07]       收益计算(矩阵)                    0.001s (  3.3%)
[15:09:07]       截面分组(向量化)                   0.000s (  0.0%)
[15:09:07]       权重计算(矩阵)                    0.000s (  0.0%)
[15:09:07]       (其他)                        0.016s ( 51.4%)
[15:09:07]       ─────────────────────────────────────────────
[15:09:07]       总计                          0.031s
[15:09:07] [OK] 回测完成！
[15:11:13]     计算IC统计指标...
[15:11:13]     计算IC统计指标...
[15:11:13]     [TIME] 创建透视表...
[15:11:13]     [TIME] 创建透视表...
[15:11:13]       透视表完成: (13, 98), 耗时: 0.072s
[15:11:13]     └─ 获取透视表: 0.079s
[15:11:13]     └─ 转换为numpy: 0.000s
[15:11:13]       透视表完成: (13, 98), 耗时: 0.078s
[15:11:13]     └─ IC计算: 0.004s
[15:11:13]     └─ 获取透视表: 0.093s
[15:11:13] 
  [图表] [calculate_ic(pearson)] 耗时汇总:
[15:11:13]     └─ 转换为numpy: 0.000s
[15:11:13]       获取透视表                       0.079s ( 81.5%) ################
[15:11:13]     └─ IC计算: 0.004s
[15:11:13]       IC计算                        0.004s (  4.1%)
[15:11:13] 
  [图表] [calculate_ic(pearson)] 耗时汇总:
[15:11:13]       转换为numpy                    0.000s (  0.0%)
[15:11:13]       获取透视表                       0.093s ( 86.5%) #################
[15:11:13]       (其他)                        0.014s ( 14.4%)
[15:11:13]       IC计算                        0.004s (  3.3%)
[15:11:13]       ─────────────────────────────────────────────
[15:11:13]       转换为numpy                    0.000s (  0.0%)
[15:11:13]       总计                          0.097s
[15:11:13]       (其他)                        0.011s ( 10.2%)
[15:11:13]     └─ 获取透视表: 0.000s
[15:11:13]       ─────────────────────────────────────────────
[15:11:13]     └─ 转换为numpy: 0.000s
[15:11:13]       总计                          0.108s
[15:11:13]     └─ 获取透视表: 0.000s
[15:11:13]     └─ IC计算: 0.021s
[15:11:14]     └─ 转换为numpy: 0.000s
[15:11:14] 
  [图表] [calculate_ic(spearman)] 耗时汇总:
[15:11:14]       IC计算                        0.021s ( 70.1%) ##############
[15:11:14]       获取透视表                       0.000s (  0.0%)
[15:11:14]     └─ IC计算: 0.019s
[15:11:14]       转换为numpy                    0.000s (  0.0%)
[15:11:14] 
  [图表] [calculate_ic(spearman)] 耗时汇总:
[15:11:14]       ─────────────────────────────────────────────
[15:11:14]       IC计算                        0.019s ( 65.0%) #############
[15:11:14]       总计                          0.030s
[15:11:14]       获取透视表                       0.000s (  0.0%)
[15:11:14]     [OK] IC统计指标完成 (0.2s)
[15:11:14]       转换为numpy                    0.000s (  0.0%)
[15:11:14]     计算IC衰减 (10个滞后期)...
[15:11:14]       (其他)                        0.010s ( 35.0%)
[15:11:14]     [TIME] calculate_ic_decay (max_lag=10)...
[15:11:14]       ─────────────────────────────────────────────
[15:11:14]       总计                          0.029s
[15:11:14]     [OK] IC统计指标完成 (0.2s)
[15:11:14]     计算IC衰减 (10个滞后期)...
[15:11:14]       IC计算完成, 耗时: 0.069s
[15:11:14]     [TIME] calculate_ic_decay (max_lag=10)...
[15:11:14]     [TIME] ic_decay_total: 0.074s
[15:11:14]     [OK] IC衰减完成 (0.1s)
[15:11:14]     计算IC分布...
[15:11:14]     [OK] IC分布完成 (0.0s)
[15:11:14]     计算累计IC...
[15:11:14]       IC计算完成, 耗时: 0.076s
[15:11:14]     [OK] 累计IC完成 (0.0s)
[15:11:14]     [TIME] ic_decay_total: 0.088s
[15:11:14]     计算IC自相关...
[15:11:14]     [OK] IC衰减完成 (0.1s)
[15:11:14]     [OK] IC自相关完成 (0.0s)
[15:11:14]     计算IC分布...
[15:11:14]     └─ 获取透视表: 0.000s
[15:11:14]     [OK] IC分布完成 (0.0s)
[15:11:14]     计算累计IC...
[15:11:14]     └─ 按年度计算: 0.026s
[15:11:14]     [OK] 累计IC完成 (0.0s)
[15:11:14] 
  [图表] [yearly_analysis] 耗时汇总:
[15:11:14]     计算IC自相关...
[15:11:14]       按年度计算                       0.026s ( 75.2%) ###############
[15:11:14]     [OK] IC自相关完成 (0.0s)
[15:11:14]       获取透视表                       0.000s (  0.0%)
[15:11:14]     └─ 获取透视表: 0.000s
[15:11:14]       ─────────────────────────────────────────────
[15:11:14]       总计                          0.035s
[15:11:14]     └─ 按年度计算: 0.025s
[15:11:14] 
  [图表] [yearly_analysis] 耗时汇总:
[15:11:14]       按年度计算                       0.025s ( 73.1%) ##############
[15:11:14]       获取透视表                       0.000s (  0.0%)
[15:11:14]       ─────────────────────────────────────────────
[15:11:14]       总计                          0.034s
[15:11:14] 
开始因子分组回测 (截面模式-矩阵优化)...
[15:11:14]   分组数量: 5
[15:11:14]   加权方式: equal
[15:11:14]     └─ 构建矩阵: 0.004s
[15:11:14]     └─ 截面分组(向量化): 0.003s
[15:11:14] 
开始因子分组回测 (截面模式-矩阵优化)...
[15:11:14]     └─ 权重计算(矩阵): 0.000s
[15:11:14]   分组数量: 5
[15:11:14]     └─ 收益计算(矩阵): 0.001s
[15:11:14]   加权方式: equal
[15:11:14]     └─ 统计指标计算: 0.010s
[15:11:14]     └─ 构建矩阵: 0.004s
[15:11:14]     └─ 净值曲线计算: 0.002s
[15:11:14]     └─ 截面分组(向量化): 0.000s
[15:11:14] 
  [图表] [回测引擎] 耗时汇总:
[15:11:14]     └─ 权重计算(矩阵): 0.000s
[15:11:14]       统计指标计算                      0.010s ( 17.4%) ###
[15:11:14]     └─ 收益计算(矩阵): 0.001s
[15:11:14]       构建矩阵                        0.004s (  7.7%) #
[15:11:14]     └─ 统计指标计算: 0.009s
[15:11:14]       截面分组(向量化)                   0.003s (  6.3%) #
[15:11:14]     └─ 净值曲线计算: 0.003s
[15:11:14]       净值曲线计算                      0.002s (  3.7%)
[15:11:14] 
  [图表] [回测引擎] 耗时汇总:
[15:11:14]       收益计算(矩阵)                    0.001s (  1.8%)
[15:11:14]       统计指标计算                      0.009s ( 19.0%) ###
[15:11:14]       权重计算(矩阵)                    0.000s (  0.0%)
[15:11:14]       构建矩阵                        0.004s (  8.4%) #
[15:11:14]       (其他)                        0.035s ( 63.1%)
[15:11:14]       净值曲线计算                      0.003s (  6.4%) #
[15:11:14]       ─────────────────────────────────────────────
[15:11:14]       收益计算(矩阵)                    0.001s (  2.9%)
[15:11:14]       截面分组(向量化)                   0.000s (  0.0%)
[15:11:14]       权重计算(矩阵)                    0.000s (  0.0%)
[15:11:14]       (其他)                        0.030s ( 63.3%)
[15:11:14]       ─────────────────────────────────────────────
[15:11:14]       总计                          0.047s
[15:11:14] [OK] 回测完成！
[15:11:14]       总计                          0.055s
[15:11:14] [OK] 回测完成！
[15:25:08]     计算IC统计指标...
[15:25:08]     [TIME] 创建透视表...
[15:25:08]     计算IC统计指标...
[15:25:08]     [TIME] 创建透视表...
[15:25:08]       透视表完成: (13, 98), 耗时: 0.055s
[15:25:08]     └─ 获取透视表: 0.066s
[15:25:08]     └─ 转换为numpy: 0.000s
[15:25:08]     └─ IC计算: 0.003s
[15:25:08] 
  [图表] [calculate_ic(pearson)] 耗时汇总:
[15:25:08]       获取透视表                       0.066s ( 78.4%) ###############
[15:25:08]       IC计算                        0.003s (  3.9%)
[15:25:08]       透视表完成: (13, 98), 耗时: 0.046s
[15:25:08]       转换为numpy                    0.000s (  0.0%)
[15:25:08]     └─ 获取透视表: 0.054s
[15:25:08]       (其他)                        0.015s ( 17.6%)
[15:25:08]     └─ 转换为numpy: 0.000s
[15:25:08]       ─────────────────────────────────────────────
[15:25:08]     └─ IC计算: 0.003s
[15:25:08]       总计                          0.085s
[15:25:08] 
  [图表] [calculate_ic(pearson)] 耗时汇总:
[15:25:08]     └─ 获取透视表: 0.000s
[15:25:08]       获取透视表                       0.054s ( 82.7%) ################
[15:25:08]     └─ 转换为numpy: 0.000s
[15:25:08]       IC计算                        0.003s (  4.6%)
[15:25:08]       转换为numpy                    0.000s (  0.0%)
[15:25:08]     └─ IC计算: 0.017s
[15:25:08]       ─────────────────────────────────────────────
[15:25:08] 
  [图表] [calculate_ic(spearman)] 耗时汇总:
[15:25:08]       总计                          0.065s
[15:25:08]       IC计算                        0.017s ( 69.4%) #############
[15:25:08]     └─ 获取透视表: 0.000s
[15:25:08]       获取透视表                       0.000s (  0.0%)
[15:25:08]     └─ 转换为numpy: 0.000s
[15:25:08]       转换为numpy                    0.000s (  0.0%)
[15:25:08]       ─────────────────────────────────────────────
[15:25:08]     └─ IC计算: 0.018s
[15:25:08]       总计                          0.025s
[15:25:08] 
  [图表] [calculate_ic(spearman)] 耗时汇总:
[15:25:08]     [OK] IC统计指标完成 (0.2s)
[15:25:08]       IC计算                        0.018s ( 69.2%) #############
[15:25:08]     计算IC衰减 (10个滞后期)...
[15:25:08]       获取透视表                       0.000s (  0.0%)
[15:25:08]     [TIME] calculate_ic_decay (max_lag=10)...
[15:25:08]       转换为numpy                    0.000s (  0.0%)
[15:25:08]       ─────────────────────────────────────────────
[15:25:08]       总计                          0.026s
[15:25:08]       IC计算完成, 耗时: 0.088s
[15:25:08]     [OK] IC统计指标完成 (0.2s)
[15:25:08]     [TIME] ic_decay_total: 0.095s
[15:25:08]     计算IC衰减 (10个滞后期)...
[15:25:08]     [OK] IC衰减完成 (0.1s)
[15:25:08]     [TIME] calculate_ic_decay (max_lag=10)...
[15:25:08]     计算IC分布...
[15:25:08]     [OK] IC分布完成 (0.0s)
[15:25:08]     计算累计IC...
[15:25:08]       IC计算完成, 耗时: 0.075s
[15:25:08]     [OK] 累计IC完成 (0.0s)
[15:25:08]     [TIME] ic_decay_total: 0.084s
[15:25:08]     计算IC自相关...
[15:25:08]     [OK] IC衰减完成 (0.1s)
[15:25:08]     [OK] IC自相关完成 (0.0s)
[15:25:08]     计算IC分布...
[15:25:08]     └─ 获取透视表: 0.000s
[15:25:08]     [OK] IC分布完成 (0.0s)
[15:25:08]     计算累计IC...
[15:25:08]     └─ 按年度计算: 0.025s
[15:25:08]     [OK] 累计IC完成 (0.0s)
[15:25:08] 
  [图表] [yearly_analysis] 耗时汇总:
[15:25:08]     计算IC自相关...
[15:25:08]       按年度计算                       0.025s ( 69.0%) #############
[15:25:08]     [OK] IC自相关完成 (0.0s)
[15:25:08]       获取透视表                       0.000s (  0.0%)
[15:25:08]     └─ 获取透视表: 0.000s
[15:25:08]       (其他)                        0.011s ( 31.0%)
[15:25:08]     └─ 按年度计算: 0.027s
[15:25:08]       ─────────────────────────────────────────────
[15:25:08] 
  [图表] [yearly_analysis] 耗时汇总:
[15:25:08]       总计                          0.036s
[15:25:08]       按年度计算                       0.027s ( 90.0%) ##################
[15:25:08]       获取透视表                       0.000s (  0.0%)
[15:25:08]       ─────────────────────────────────────────────
[15:25:08]       总计                          0.030s
[15:25:08] 
开始因子分组回测 (截面模式-矩阵优化)...
[15:25:08]   分组数量: 5
[15:25:08]   加权方式: equal
[15:25:08]     └─ 构建矩阵: 0.011s
[15:25:08] 
开始因子分组回测 (截面模式-矩阵优化)...
[15:25:08]     └─ 截面分组(向量化): 0.000s
[15:25:08]   分组数量: 5
[15:25:08]     └─ 权重计算(矩阵): 0.000s
[15:25:08]   加权方式: equal
[15:25:08]     └─ 收益计算(矩阵): 0.001s
[15:25:08]     └─ 构建矩阵: 0.004s
[15:25:08]     └─ 统计指标计算: 0.010s
[15:25:08]     └─ 截面分组(向量化): 0.001s
[15:25:08]     └─ 净值曲线计算: 0.003s
[15:25:08]     └─ 权重计算(矩阵): 0.000s
[15:25:08] 
  [图表] [回测引擎] 耗时汇总:
[15:25:08]     └─ 收益计算(矩阵): 0.001s
[15:25:08]       构建矩阵                        0.011s ( 18.2%) ###
[15:25:08]     └─ 统计指标计算: 0.009s
[15:25:08]       统计指标计算                      0.010s ( 16.9%) ###
[15:25:08]     └─ 净值曲线计算: 0.003s
[15:25:08]       净值曲线计算                      0.003s (  5.0%) #
[15:25:08] 
  [图表] [回测引擎] 耗时汇总:
[15:25:08]       收益计算(矩阵)                    0.001s (  1.7%)
[15:25:08]       统计指标计算                      0.009s ( 14.1%) ##
[15:25:08]       截面分组(向量化)                   0.000s (  0.0%)
[15:25:08]       构建矩阵                        0.004s (  7.3%) #
[15:25:08]       权重计算(矩阵)                    0.000s (  0.0%)
[15:25:08]       净值曲线计算                      0.003s (  5.0%)
[15:25:08]       (其他)                        0.035s ( 58.1%)
[15:25:08]       截面分组(向量化)                   0.001s (  1.7%)
[15:25:08]       ─────────────────────────────────────────────
[15:25:08]       收益计算(矩阵)                    0.001s (  1.6%)
[15:25:08]       总计                          0.060s
[15:25:08]       权重计算(矩阵)                    0.000s (  0.0%)
[15:25:08] [OK] 回测完成！
[15:25:08]       (其他)                        0.043s ( 70.4%)
[15:25:08]       ─────────────────────────────────────────────
[15:25:08]       总计                          0.060s
[15:25:08] [OK] 回测完成！
[15:35:21]     计算IC统计指标...
[15:35:21]     [TIME] 创建透视表...
[15:35:21]     计算IC统计指标...
[15:35:21]     [TIME] 创建透视表...
[15:35:21]       透视表完成: (13, 98), 耗时: 0.023s
[15:35:21]     └─ 获取透视表: 0.029s
[15:35:21]       透视表完成: (13, 98), 耗时: 0.024s
[15:35:21]     └─ 获取透视表: 0.028s
[15:35:21]     └─ 转换为numpy: 0.000s
[15:35:21]     └─ 转换为numpy: 0.000s
[15:35:21]     └─ IC计算: 0.001s
[15:35:21]     └─ IC计算: 0.000s
[15:35:21] 
  [图表] [calculate_ic(pearson)] 耗时汇总:
[15:35:21] 
  [图表] [calculate_ic(pearson)] 耗时汇总:
[15:35:21]       获取透视表                       0.028s ( 90.4%) ##################
[15:35:21]       获取透视表                       0.029s ( 82.8%) ################
[15:35:21]       IC计算                        0.001s (  3.1%)
[15:35:21]       转换为numpy                    0.000s (  0.0%)
[15:35:21]       转换为numpy                    0.000s (  0.0%)
[15:35:21]       IC计算                        0.000s (  0.0%)
[15:35:21]       ─────────────────────────────────────────────
[15:35:21]       ─────────────────────────────────────────────
[15:35:21]       总计                          0.031s
[15:35:21]       总计                          0.035s
[15:35:21]     └─ 获取透视表: 0.000s
[15:35:21]     └─ 获取透视表: 0.000s
[15:35:21]     └─ 转换为numpy: 0.000s
[15:35:21]     └─ 转换为numpy: 0.000s
[15:35:21]     └─ IC计算: 0.006s
[15:35:21]     └─ IC计算: 0.006s
[15:35:21] 
  [图表] [calculate_ic(spearman)] 耗时汇总:
[15:35:21] 
  [图表] [calculate_ic(spearman)] 耗时汇总:
[15:35:21]       IC计算                        0.006s ( 39.1%) #######
[15:35:21]       IC计算                        0.006s ( 38.0%) #######
[15:35:21]       获取透视表                       0.000s (  0.0%)
[15:35:21]       获取透视表                       0.000s (  0.0%)
[15:35:21]       转换为numpy                    0.000s (  0.0%)
[15:35:21]       转换为numpy                    0.000s (  0.0%)
[15:35:21]       ─────────────────────────────────────────────
[15:35:21]       ─────────────────────────────────────────────
[15:35:21]       总计                          0.015s
[15:35:21]       总计                          0.016s
[15:35:21]     [OK] IC统计指标完成 (0.1s)
[15:35:21]     计算IC衰减 (10个滞后期)...
[15:35:21]     [OK] IC统计指标完成 (0.1s)
[15:35:21]     [TIME] calculate_ic_decay (max_lag=10)...
[15:35:21]     计算IC衰减 (10个滞后期)...
[15:35:21]     [TIME] calculate_ic_decay (max_lag=10)...
[15:35:21]       IC计算完成, 耗时: 0.040s
[15:35:21]     [TIME] ic_decay_total: 0.044s
[15:35:21]       IC计算完成, 耗时: 0.046s
[15:35:21]     [OK] IC衰减完成 (0.1s)
[15:35:21]     [TIME] ic_decay_total: 0.056s
[15:35:21]     计算IC分布...
[15:35:21]     [OK] IC衰减完成 (0.1s)
[15:35:21]     计算IC分布...
[15:35:21]     [OK] IC分布完成 (0.0s)
[15:35:21]     计算累计IC...
[15:35:21]     [OK] IC分布完成 (0.0s)
[15:35:21]     计算累计IC...
[15:35:21]     [OK] 累计IC完成 (0.0s)
[15:35:21]     计算IC自相关...
[15:35:21]     [OK] 累计IC完成 (0.0s)
[15:35:21]     [OK] IC自相关完成 (0.0s)
[15:35:21]     计算IC自相关...
[15:35:21]     └─ 获取透视表: 0.000s
[15:35:21]     [OK] IC自相关完成 (0.0s)
[15:35:21]     └─ 按年度计算: 0.008s
[15:35:21]     └─ 获取透视表: 0.000s
[15:35:21] 
  [图表] [yearly_analysis] 耗时汇总:
[15:35:21]     └─ 按年度计算: 0.010s
[15:35:21]       按年度计算                       0.008s ( 62.2%) ############
[15:35:21]       获取透视表                       0.000s (  0.0%)
[15:35:21] 
  [图表] [yearly_analysis] 耗时汇总:
[15:35:21]       ─────────────────────────────────────────────
[15:35:21]       按年度计算                       0.010s ( 77.3%) ###############
[15:35:21]       总计                          0.013s
[15:35:21]       获取透视表                       0.000s (  0.0%)
[15:35:21]       ─────────────────────────────────────────────
[15:35:21]       总计                          0.013s
[15:35:21] 
开始因子分组回测 (截面模式-矩阵优化)...
[15:35:21]   分组数量: 5
[15:35:21] 
开始因子分组回测 (截面模式-矩阵优化)...
[15:35:21]   分组数量: 5
[15:35:21]   加权方式: equal
[15:35:21]   加权方式: equal
[15:35:21]     └─ 构建矩阵: 0.000s
[15:35:21]     └─ 构建矩阵: 0.001s
[15:35:21]     └─ 截面分组(向量化): 0.000s
[15:35:21]     └─ 截面分组(向量化): 0.001s
[15:35:21]     └─ 权重计算(矩阵): 0.000s
[15:35:21]     └─ 权重计算(矩阵): 0.000s
[15:35:21]     └─ 收益计算(矩阵): 0.001s
[15:35:21]     └─ 收益计算(矩阵): 0.000s
[15:35:21]     └─ 统计指标计算: 0.003s
[15:35:21]     └─ 统计指标计算: 0.003s
[15:35:21]     └─ 净值曲线计算: 0.001s
[15:35:21]     └─ 净值曲线计算: 0.001s
[15:35:21] 
  [图表] [回测引擎] 耗时汇总:
[15:35:21] 
  [图表] [回测引擎] 耗时汇总:
[15:35:21]       统计指标计算                      0.003s ( 13.9%) ##
[15:35:21]       统计指标计算                      0.003s ( 13.7%) ##
[15:35:21]       净值曲线计算                      0.001s (  4.9%)
[15:35:21]       截面分组(向量化)                   0.001s (  6.0%) #
[15:35:21]       收益计算(矩阵)                    0.001s (  4.8%)
[15:35:21]       构建矩阵                        0.001s (  4.7%)
[15:35:21]       构建矩阵                        0.000s (  0.0%)
[15:35:21]       净值曲线计算                      0.001s (  4.3%)
[15:35:21]       截面分组(向量化)                   0.000s (  0.0%)
[15:35:21]       权重计算(矩阵)                    0.000s (  0.0%)
[15:35:21]       权重计算(矩阵)                    0.000s (  0.0%)
[15:35:21]       收益计算(矩阵)                    0.000s (  0.0%)
[15:35:21]       (其他)                        0.017s ( 76.4%)
[15:35:21]       (其他)                        0.015s ( 71.2%)
[15:35:21]       ─────────────────────────────────────────────
[15:35:21]       ─────────────────────────────────────────────
[15:35:21]       总计                          0.021s
[15:35:21]       总计                          0.022s
[15:35:21] [OK] 回测完成！
[15:35:21] [OK] 回测完成！
[15:36:28]     计算IC统计指标...
[15:36:28]     [TIME] 创建透视表...
[15:36:28]       透视表完成: (13, 98), 耗时: 0.021s
[15:36:28]     └─ 获取透视表: 0.022s
[15:36:28]     └─ 转换为numpy: 0.000s
[15:36:28]     └─ IC计算: 0.001s
[15:36:28] 
  [图表] [calculate_ic(pearson)] 耗时汇总:
[15:36:28]       获取透视表                       0.022s ( 88.2%) #################
[15:36:28]       IC计算                        0.001s (  4.0%)
[15:36:28]       转换为numpy                    0.000s (  0.0%)
[15:36:28]       ─────────────────────────────────────────────
[15:36:28]       总计                          0.025s
[15:36:28]     └─ 获取透视表: 0.000s
[15:36:28]     └─ 转换为numpy: 0.000s
[15:36:28]     └─ IC计算: 0.007s
[15:36:28] 
  [图表] [calculate_ic(spearman)] 耗时汇总:
[15:36:28]       IC计算                        0.007s ( 78.6%) ###############
[15:36:28]       获取透视表                       0.000s (  0.0%)
[15:36:28]       转换为numpy                    0.000s (  0.0%)
[15:36:28]       ─────────────────────────────────────────────
[15:36:28]       总计                          0.009s
[15:36:28]     [OK] IC统计指标完成 (0.0s)
[15:36:28]     计算IC衰减 (10个滞后期)...
[15:36:28]     [TIME] calculate_ic_decay (max_lag=10)...
[15:36:28]       IC计算完成, 耗时: 0.033s
[15:36:28]     [TIME] ic_decay_total: 0.035s
[15:36:28]     [OK] IC衰减完成 (0.0s)
[15:36:28]     计算IC分布...
[15:36:28]     [OK] IC分布完成 (0.0s)
[15:36:28]     计算累计IC...
[15:36:28]     [OK] 累计IC完成 (0.0s)
[15:36:28]     计算IC自相关...
[15:36:28]     [OK] IC自相关完成 (0.0s)
[15:36:28]     └─ 获取透视表: 0.000s
[15:36:28]     └─ 按年度计算: 0.009s
[15:36:28] 
  [图表] [yearly_analysis] 耗时汇总:
[15:36:28]       按年度计算                       0.009s ( 82.8%) ################
[15:36:28]       获取透视表                       0.000s (  0.0%)
[15:36:28]       ─────────────────────────────────────────────
[15:36:28]       总计                          0.011s
[15:36:28] 
开始因子分组回测 (截面模式-矩阵优化)...
[15:36:28]   分组数量: 5
[15:36:28]   加权方式: equal
[15:36:28]     └─ 构建矩阵: 0.001s
[15:36:28]     └─ 截面分组(向量化): 0.000s
[15:36:28]     └─ 权重计算(矩阵): 0.000s
[15:36:28]     └─ 收益计算(矩阵): 0.001s
[15:36:28]     └─ 统计指标计算: 0.005s
[15:36:28]     └─ 净值曲线计算: 0.001s
[15:36:28] 
  [图表] [回测引擎] 耗时汇总:
[15:36:28]       统计指标计算                      0.005s ( 34.1%) ######
[15:36:28]       构建矩阵                        0.001s (  6.7%) #
[15:36:28]       收益计算(矩阵)                    0.001s (  6.6%) #
[15:36:28]       净值曲线计算                      0.001s (  6.5%) #
[15:36:28]       截面分组(向量化)                   0.000s (  0.0%)
[15:36:28]       权重计算(矩阵)                    0.000s (  0.0%)
[15:36:28]       ─────────────────────────────────────────────
[15:36:28]       总计                          0.015s
[15:36:28] [OK] 回测完成！
[15:37:37] ✅ CSV 因子加载 (开盘价): 26269 条, 99 只股票
[15:37:37] 
开始因子分组回测 (截面模式-矩阵优化)...
[15:37:37]   分组数量: 5
[15:37:37]   加权方式: equal
[15:37:37]     └─ 构建矩阵: 0.004s
[15:37:37]     └─ 截面分组(向量化): 0.002s
[15:37:37]     └─ 权重计算(矩阵): 0.000s
[15:37:37]     └─ 收益计算(矩阵): 0.002s
[15:37:37]     └─ 统计指标计算: 0.005s
[15:37:37]     └─ 净值曲线计算: 0.001s
[15:37:37] 
  [图表] [回测引擎] 耗时汇总:
[15:37:37]       统计指标计算                      0.005s ( 24.4%) ####
[15:37:37]       构建矩阵                        0.004s ( 20.6%) ####
[15:37:37]       截面分组(向量化)                   0.002s ( 11.8%) ##
[15:37:37]       收益计算(矩阵)                    0.002s ( 10.8%) ##
[15:37:37]       净值曲线计算                      0.001s (  5.4%) #
[15:37:37]       权重计算(矩阵)                    0.000s (  0.0%)
[15:37:37]       ─────────────────────────────────────────────
[15:37:37]       总计                          0.019s
[15:37:37] [OK] 回测完成！
[15:37:37] [OK] Already cached: 26269 records, date: 2018-01-02 ~ 2025-12-01
[15:37:37]     [TIME] 创建透视表...
[15:37:37]       透视表完成: (266, 99), 耗时: 0.025s
[15:37:37]     └─ 获取透视表: 0.027s
[15:37:37]     └─ 转换为numpy: 0.000s
[15:37:37]     └─ IC计算: 0.019s
[15:37:37] 
  [图表] [calculate_ic(pearson)] 耗时汇总:
[15:37:37]       获取透视表                       0.027s ( 56.7%) ###########
[15:37:37]       IC计算                        0.019s ( 39.1%) #######
[15:37:37]       转换为numpy                    0.000s (  0.0%)
[15:37:37]       ─────────────────────────────────────────────
[15:37:37]       总计                          0.048s
[15:37:37]     └─ 获取透视表: 0.000s
[15:37:37]     └─ 转换为numpy: 0.000s
[15:37:37]     └─ IC计算: 0.108s
[15:37:37] 
  [图表] [calculate_ic(spearman)] 耗时汇总:
[15:37:37]       IC计算                        0.108s ( 98.2%) ###################
[15:37:37]       获取透视表                       0.000s (  0.0%)
[15:37:37]       转换为numpy                    0.000s (  0.0%)
[15:37:37]       ─────────────────────────────────────────────
[15:37:37]       总计                          0.110s
[15:37:37]     └─ 获取透视表: 0.000s
[15:37:37]     └─ 按年度计算: 0.026s
[15:37:37] 
  [图表] [yearly_analysis] 耗时汇总:
[15:37:37]       按年度计算                       0.026s ( 92.9%) ##################
[15:37:37]       获取透视表                       0.000s (  0.0%)
[15:37:37]       ─────────────────────────────────────────────
[15:37:37]       总计                          0.028s
[15:37:37]     计算IC统计指标...
[15:37:37]     [OK] IC统计指标完成 (0.0s)
[15:37:37]     计算IC衰减 (10个滞后期)...
[15:37:37]     [TIME] calculate_ic_decay (max_lag=10)...
[15:37:37]       IC计算完成, 耗时: 0.081s
[15:37:37]     [TIME] ic_decay_total: 0.084s
[15:37:37]     [OK] IC衰减完成 (0.1s)
[15:37:37]     计算IC分布...
[15:37:37]     [OK] IC分布完成 (0.0s)
[15:37:37]     计算累计IC...
[15:37:37]     [OK] 累计IC完成 (0.0s)
[15:37:37]     计算IC自相关...
[15:37:37]     [OK] IC自相关完成 (0.0s)
[15:37:37] [基准数据] 开始加载: 000300.SH, 2018-01-02 ~ 2025-12-01
[15:37:37] ✅ 从 MySQL 加载基准数据成功: 000300.SH, 1920 条
[15:47:12]     计算IC统计指标...
[15:47:12]     [TIME] 创建透视表...
[15:47:12]       透视表完成: (13, 98), 耗时: 0.041s
[15:47:12]     计算IC统计指标...
[15:47:12]     └─ 获取透视表: 0.045s
[15:47:12]     [TIME] 创建透视表...
[15:47:12]     └─ 转换为numpy: 0.000s
[15:47:12]     └─ IC计算: 0.003s
[15:47:12] 
  [图表] [calculate_ic(pearson)] 耗时汇总:
[15:47:13]       获取透视表                       0.045s ( 83.3%) ################
[15:47:13]       IC计算                        0.003s (  5.8%) #
[15:47:13]       转换为numpy                    0.000s (  0.0%)
[15:47:13]       透视表完成: (13, 98), 耗时: 0.020s
[15:47:13]       ─────────────────────────────────────────────
[15:47:13]     └─ 获取透视表: 0.022s
[15:47:13]       总计                          0.054s
[15:47:13]     └─ 转换为numpy: 0.000s
[15:47:13]     └─ 获取透视表: 0.000s
[15:47:13]     └─ IC计算: 0.002s
[15:47:13]     └─ 转换为numpy: 0.001s
[15:47:13] 
  [图表] [calculate_ic(pearson)] 耗时汇总:
[15:47:13]     └─ IC计算: 0.009s
[15:47:13]       获取透视表                       0.022s ( 71.0%) ##############
[15:47:13]       IC计算                        0.002s (  6.7%) #
[15:47:13] 
  [图表] [calculate_ic(spearman)] 耗时汇总:
[15:47:13]       转换为numpy                    0.000s (  0.0%)
[15:47:13]       IC计算                        0.009s ( 60.4%) ############
[15:47:13]       ─────────────────────────────────────────────
[15:47:13]       转换为numpy                    0.001s (  6.1%) #
[15:47:13]       总计                          0.031s
[15:47:13]       获取透视表                       0.000s (  0.0%)
[15:47:13]     └─ 获取透视表: 0.000s
[15:47:13]     └─ 转换为numpy: 0.000s
[15:47:13]       ─────────────────────────────────────────────
[15:47:13]       总计                          0.015s
[15:47:13]     └─ IC计算: 0.004s
[15:47:13]     [OK] IC统计指标完成 (0.1s)
[15:47:13]     计算IC衰减 (10个滞后期)...
[15:47:13] 
  [图表] [calculate_ic(spearman)] 耗时汇总:
[15:47:13]     [TIME] calculate_ic_decay (max_lag=10)...
[15:47:13]       IC计算                        0.004s ( 51.0%) ##########
[15:47:13]       获取透视表                       0.000s (  0.0%)
[15:47:13]       转换为numpy                    0.000s (  0.0%)
[15:47:13]       IC计算完成, 耗时: 0.035s
[15:47:13]       ─────────────────────────────────────────────
[15:47:13]     [TIME] ic_decay_total: 0.038s
[15:47:13]       总计                          0.008s
[15:47:13]     [OK] IC衰减完成 (0.0s)
[15:47:13]     [OK] IC统计指标完成 (0.1s)
[15:47:13]     计算IC衰减 (10个滞后期)...
[15:47:13]     计算IC分布...
[15:47:13]     [TIME] calculate_ic_decay (max_lag=10)...
[15:47:13]     [OK] IC分布完成 (0.0s)
[15:47:13]     计算累计IC...
[15:47:13]     [OK] 累计IC完成 (0.0s)
[15:47:13]       IC计算完成, 耗时: 0.037s
[15:47:13]     计算IC自相关...
[15:47:13]     [TIME] ic_decay_total: 0.039s
[15:47:13]     [OK] IC自相关完成 (0.0s)
[15:47:13]     [OK] IC衰减完成 (0.0s)
[15:47:13]     └─ 获取透视表: 0.000s
[15:47:13]     计算IC分布...
[15:47:13]     └─ 按年度计算: 0.014s
[15:47:13]     [OK] IC分布完成 (0.0s)
[15:47:13] 
  [图表] [yearly_analysis] 耗时汇总:
[15:47:13]     计算累计IC...
[15:47:13]       按年度计算                       0.014s ( 82.9%) ################
[15:47:13]       获取透视表                       0.000s (  0.0%)
[15:47:13]       ─────────────────────────────────────────────
[15:47:13]     [OK] 累计IC完成 (0.0s)
[15:47:13]     计算IC自相关...
[15:47:13]       总计                          0.017s
[15:47:13]     [OK] IC自相关完成 (0.0s)
[15:47:13]     └─ 获取透视表: 0.000s
[15:47:13]     └─ 按年度计算: 0.009s
[15:47:13] 
  [图表] [yearly_analysis] 耗时汇总:
[15:47:13]       按年度计算                       0.009s ( 60.7%) ############
[15:47:13]       获取透视表                       0.000s (  0.0%)
[15:47:13] 
开始因子分组回测 (截面模式-矩阵优化)...
[15:47:13]   分组数量: 5
[15:47:13]       ─────────────────────────────────────────────
[15:47:13]   加权方式: equal
[15:47:13]       总计                          0.015s
[15:47:13]     └─ 构建矩阵: 0.003s
[15:47:13]     └─ 截面分组(向量化): 0.001s
[15:47:13]     └─ 权重计算(矩阵): 0.000s
[15:47:13]     └─ 收益计算(矩阵): 0.000s
[15:47:13]     └─ 统计指标计算: 0.008s
[15:47:13]     └─ 净值曲线计算: 0.001s
[15:47:13] 
开始因子分组回测 (截面模式-矩阵优化)...
[15:47:13] 
  [图表] [回测引擎] 耗时汇总:
[15:47:13]   分组数量: 5
[15:47:13]       统计指标计算                      0.008s ( 25.4%) #####
[15:47:13]   加权方式: equal
[15:47:13]       构建矩阵                        0.003s (  9.4%) #
[15:47:13]       净值曲线计算                      0.001s (  3.2%)
[15:47:13]     └─ 构建矩阵: 0.001s
[15:47:13]       截面分组(向量化)                   0.001s (  3.1%)
[15:47:13]     └─ 截面分组(向量化): 0.000s
[15:47:13]       权重计算(矩阵)                    0.000s (  0.0%)
[15:47:13]     └─ 权重计算(矩阵): 0.000s
[15:47:13]       收益计算(矩阵)                    0.000s (  0.0%)
[15:47:13]       (其他)                        0.019s ( 58.9%)
[15:47:13]       ─────────────────────────────────────────────
[15:47:13]       总计                          0.032s
[15:47:13]     └─ 收益计算(矩阵): 0.000s
[15:47:13] [OK] 回测完成！
[15:47:13]     └─ 统计指标计算: 0.008s
[15:47:13]     └─ 净值曲线计算: 0.002s
[15:47:13] 
  [图表] [回测引擎] 耗时汇总:
[15:47:13]       统计指标计算                      0.008s ( 25.8%) #####
[15:47:13]       净值曲线计算                      0.002s (  6.5%) #
[15:47:13]       构建矩阵                        0.001s (  3.2%)
[15:47:13]       截面分组(向量化)                   0.000s (  0.0%)
[15:47:13]       权重计算(矩阵)                    0.000s (  0.0%)
[15:47:13]       收益计算(矩阵)                    0.000s (  0.0%)
[15:47:13]       (其他)                        0.020s ( 64.5%)
[15:47:13]       ─────────────────────────────────────────────
[15:47:13]       总计                          0.031s
[15:47:13] [OK] 回测完成！
[16:41:31]     计算IC统计指标...
[16:41:31]     [TIME] 创建透视表...
[16:41:31]     计算IC统计指标...
[16:41:31]     [TIME] 创建透视表...
[16:41:31]       透视表完成: (13, 98), 耗时: 0.035s
[16:41:31]       透视表完成: (13, 98), 耗时: 0.033s
[16:41:31]     └─ 获取透视表: 0.043s
[16:41:31]     └─ 获取透视表: 0.037s
[16:41:31]     └─ 转换为numpy: 0.000s
[16:41:31]     └─ 转换为numpy: 0.000s
[16:41:31]     └─ IC计算: 0.002s
[16:41:31]     └─ IC计算: 0.002s
[16:41:31] 
  [图表] [calculate_ic(pearson)] 耗时汇总:
[16:41:31] 
  [图表] [calculate_ic(pearson)] 耗时汇总:
[16:41:31]       获取透视表                       0.043s ( 85.9%) #################
[16:41:31]       获取透视表                       0.037s ( 84.0%) ################
[16:41:31]       IC计算                        0.002s (  4.0%)
[16:41:31]       IC计算                        0.002s (  4.6%)
[16:41:31]       转换为numpy                    0.000s (  0.0%)
[16:41:31]       转换为numpy                    0.000s (  0.0%)
[16:41:31]       ─────────────────────────────────────────────
[16:41:31]       ─────────────────────────────────────────────
[16:41:31]       总计                          0.050s
[16:41:31]       总计                          0.044s
[16:41:31]     └─ 获取透视表: 0.000s
[16:41:31]     └─ 获取透视表: 0.000s
[16:41:31]     └─ 转换为numpy: 0.000s
[16:41:31]     └─ 转换为numpy: 0.000s
[16:41:31]     └─ IC计算: 0.007s
[16:41:31]     └─ IC计算: 0.008s
[16:41:31] 
  [图表] [calculate_ic(spearman)] 耗时汇总:
[16:41:31] 
  [图表] [calculate_ic(spearman)] 耗时汇总:
[16:41:31]       IC计算                        0.008s ( 39.0%) #######
[16:41:31]       IC计算                        0.007s ( 30.7%) ######
[16:41:31]       获取透视表                       0.000s (  0.0%)
[16:41:31]       获取透视表                       0.000s (  0.0%)
[16:41:31]       转换为numpy                    0.000s (  0.0%)
[16:41:31]       转换为numpy                    0.000s (  0.0%)
[16:41:31]       (其他)                        0.012s ( 61.0%)
[16:41:31]       (其他)                        0.017s ( 69.3%)
[16:41:31]       ─────────────────────────────────────────────
[16:41:31]       ─────────────────────────────────────────────
[16:41:31]       总计                          0.020s
[16:41:31]       总计                          0.024s
[16:41:31]     [OK] IC统计指标完成 (0.1s)
[16:41:31]     [OK] IC统计指标完成 (0.1s)
[16:41:31]     计算IC衰减 (10个滞后期)...
[16:41:31]     计算IC衰减 (10个滞后期)...
[16:41:31]     [TIME] calculate_ic_decay (max_lag=10)...
[16:41:31]     [TIME] calculate_ic_decay (max_lag=10)...
[16:41:31]       IC计算完成, 耗时: 0.062s
[16:41:31]       IC计算完成, 耗时: 0.069s
[16:41:31]     [TIME] ic_decay_total: 0.084s
[16:41:31]     [TIME] ic_decay_total: 0.084s
[16:41:31]     [OK] IC衰减完成 (0.1s)
[16:41:31]     计算IC分布...
[16:41:31]     [OK] IC衰减完成 (0.1s)
[16:41:31]     计算IC分布...
[16:41:31]     [OK] IC分布完成 (0.0s)
[16:41:31]     计算累计IC...
[16:41:31]     [OK] IC分布完成 (0.0s)
[16:41:31]     [OK] 累计IC完成 (0.0s)
[16:41:31]     计算IC自相关...
[16:41:31]     计算累计IC...
[16:41:31]     [OK] IC自相关完成 (0.0s)
[16:41:31]     [OK] 累计IC完成 (0.0s)
[16:41:31]     └─ 获取透视表: 0.000s
[16:41:31]     计算IC自相关...
[16:41:31]     [OK] IC自相关完成 (0.0s)
[16:41:31]     └─ 按年度计算: 0.018s
[16:41:31]     └─ 获取透视表: 0.000s
[16:41:31] 
  [图表] [yearly_analysis] 耗时汇总:
[16:41:31]     └─ 按年度计算: 0.018s
[16:41:31]       按年度计算                       0.018s ( 73.8%) ##############
[16:41:31] 
  [图表] [yearly_analysis] 耗时汇总:
[16:41:31]       获取透视表                       0.000s (  0.0%)
[16:41:31]       按年度计算                       0.018s ( 78.2%) ###############
[16:41:31]       ─────────────────────────────────────────────
[16:41:31]       获取透视表                       0.000s (  0.0%)
[16:41:31]       总计                          0.025s
[16:41:31]       ─────────────────────────────────────────────
[16:41:31]       总计                          0.023s
[16:41:31] 
开始因子分组回测 (截面模式-矩阵优化)...
[16:41:31] 
开始因子分组回测 (截面模式-矩阵优化)...
[16:41:31]   分组数量: 5
[16:41:31]   分组数量: 5
[16:41:31]   加权方式: equal
[16:41:31]   加权方式: equal
[16:41:31]     └─ 构建矩阵: 0.003s
[16:41:31]     └─ 构建矩阵: 0.002s
[16:41:31]     └─ 截面分组(向量化): 0.000s
[16:41:31]     └─ 截面分组(向量化): 0.000s
[16:41:31]     └─ 权重计算(矩阵): 0.000s
[16:41:31]     └─ 权重计算(矩阵): 0.000s
[16:41:31]     └─ 收益计算(矩阵): 0.000s
[16:41:31]     └─ 收益计算(矩阵): 0.001s
[16:41:31]     └─ 统计指标计算: 0.010s
[16:41:31]     └─ 统计指标计算: 0.009s
[16:41:31]     └─ 净值曲线计算: 0.002s
[16:41:31]     └─ 净值曲线计算: 0.003s
[16:41:31] 
  [图表] [回测引擎] 耗时汇总:
[16:41:31] 
  [图表] [回测引擎] 耗时汇总:
[16:41:31]       统计指标计算                      0.010s ( 21.9%) ####
[16:41:31]       统计指标计算                      0.009s ( 18.2%) ###
[16:41:31]       构建矩阵                        0.003s (  6.5%) #
[16:41:31]       净值曲线计算                      0.003s (  5.9%) #
[16:41:31]       净值曲线计算                      0.002s (  4.3%)
[16:41:31]       截面分组(向量化)                   0.000s (  0.0%)
[16:41:31]       构建矩阵                        0.002s (  4.1%)
[16:41:31]       权重计算(矩阵)                    0.000s (  0.0%)
[16:41:31]       收益计算(矩阵)                    0.001s (  2.0%)
[16:41:31]       收益计算(矩阵)                    0.000s (  0.0%)
[16:41:31]       截面分组(向量化)                   0.000s (  0.0%)
[16:41:31]       (其他)                        0.031s ( 67.3%)
[16:41:31]       权重计算(矩阵)                    0.000s (  0.0%)
[16:41:31]       ─────────────────────────────────────────────
[16:41:31]       (其他)                        0.035s ( 69.8%)
[16:41:31]       总计                          0.046s
[16:41:31]       ─────────────────────────────────────────────
[16:41:31] [OK] 回测完成！
[16:41:31]       总计                          0.050s
[16:41:31] [OK] 回测完成！
[09:48:33]     计算IC统计指标...
[09:48:33]     [TIME] 创建透视表...
[09:48:33]       透视表完成: (13, 98), 耗时: 0.011s
[09:48:33]     └─ 获取透视表: 0.014s
[09:48:33]     └─ 转换为numpy: 0.001s
[09:48:33]     └─ IC计算: 0.002s
[09:48:33] 
  [图表] [calculate_ic(pearson)] 耗时汇总:
[09:48:33]       获取透视表                       0.014s ( 82.0%) ################
[09:48:33]       IC计算                        0.002s ( 12.0%) ##
[09:48:33]       转换为numpy                    0.001s (  6.0%) #
[09:48:33]       ─────────────────────────────────────────────
[09:48:33]       总计                          0.017s
[09:48:33]     └─ 获取透视表: 0.000s
[09:48:33]     └─ 转换为numpy: 0.000s
[09:48:33]     └─ IC计算: 0.007s
[09:48:33] 
  [图表] [calculate_ic(spearman)] 耗时汇总:
[09:48:33]       IC计算                        0.007s ( 76.7%) ###############
[09:48:33]       获取透视表                       0.000s (  0.0%)
[09:48:33]       转换为numpy                    0.000s (  0.0%)
[09:48:33]       ─────────────────────────────────────────────
[09:48:33]       总计                          0.009s
[09:48:33]     [OK] IC统计指标完成 (0.0s)
[09:48:33]     计算IC衰减 (10个滞后期)...
[09:48:33]     [TIME] calculate_ic_decay (max_lag=10)...
[09:48:33]       IC计算完成, 耗时: 0.031s
[09:48:33]     [TIME] ic_decay_total: 0.033s
[09:48:33]     [OK] IC衰减完成 (0.0s)
[09:48:33]     计算IC分布...
[09:48:33]     [OK] IC分布完成 (0.0s)
[09:48:33]     计算累计IC...
[09:48:33]     [OK] 累计IC完成 (0.0s)
[09:48:33]     计算IC自相关...
[09:48:33]     [OK] IC自相关完成 (0.0s)
[09:48:33]     └─ 获取透视表: 0.000s
[09:48:33]     └─ 按年度计算: 0.011s
[09:48:33] 
  [图表] [yearly_analysis] 耗时汇总:
[09:48:33]       按年度计算                       0.011s ( 84.7%) ################
[09:48:33]       获取透视表                       0.000s (  0.0%)
[09:48:33]       ─────────────────────────────────────────────
[09:48:33]       总计                          0.013s
[09:48:33] 
开始因子分组回测 (截面模式-矩阵优化)...
[09:48:33]   分组数量: 5
[09:48:33]   加权方式: equal
[09:48:33]     └─ 构建矩阵: 0.001s
[09:48:33]     └─ 截面分组(向量化): 0.001s
[09:48:33]     └─ 权重计算(矩阵): 0.000s
[09:48:33]     └─ 收益计算(矩阵): 0.000s
[09:48:33]     └─ 统计指标计算: 0.003s
[09:48:33]     └─ 净值曲线计算: 0.001s
[09:48:33] 
  [图表] [回测引擎] 耗时汇总:
[09:48:33]       统计指标计算                      0.003s ( 28.2%) #####
[09:48:33]       构建矩阵                        0.001s (  9.6%) #
[09:48:33]       截面分组(向量化)                   0.001s (  8.7%) #
[09:48:33]       净值曲线计算                      0.001s (  8.4%) #
[09:48:33]       权重计算(矩阵)                    0.000s (  0.0%)
[09:48:33]       收益计算(矩阵)                    0.000s (  0.0%)
[09:48:33]       ─────────────────────────────────────────────
[09:48:33]       总计                          0.011s
[09:48:33] [OK] 回测完成！
[10:03:58]     计算IC统计指标...
[10:03:58]     [TIME] 创建透视表...
[10:03:58]       透视表完成: (13, 98), 耗时: 0.014s
[10:03:58]     └─ 获取透视表: 0.015s
[10:03:58]     └─ 转换为numpy: 0.000s
[10:03:58]     └─ IC计算: 0.004s
[10:03:58] 
  [图表] [calculate_ic(pearson)] 耗时汇总:
[10:03:58]       获取透视表                       0.015s ( 62.8%) ############
[10:03:58]       IC计算                        0.004s ( 16.5%) ###
[10:03:58]       转换为numpy                    0.000s (  0.0%)
[10:03:58]       ─────────────────────────────────────────────
[10:03:58]       总计                          0.024s
[10:03:58]     └─ 获取透视表: 0.000s
[10:03:58]     └─ 转换为numpy: 0.000s
[10:03:58]     └─ IC计算: 0.005s
[10:03:58] 
  [图表] [calculate_ic(spearman)] 耗时汇总:
[10:03:58]       IC计算                        0.005s ( 71.4%) ##############
[10:03:58]       获取透视表                       0.000s (  0.0%)
[10:03:58]       转换为numpy                    0.000s (  0.0%)
[10:03:58]       ─────────────────────────────────────────────
[10:03:58]       总计                          0.007s
[10:03:58]     [OK] IC统计指标完成 (0.0s)
[10:03:58]     计算IC衰减 (10个滞后期)...
[10:03:58]     [TIME] calculate_ic_decay (max_lag=10)...
[10:03:58]       IC计算完成, 耗时: 0.028s
[10:03:58]     [TIME] ic_decay_total: 0.030s
[10:03:58]     [OK] IC衰减完成 (0.0s)
[10:03:58]     计算IC分布...
[10:03:58]     [OK] IC分布完成 (0.0s)
[10:03:58]     计算累计IC...
[10:03:58]     [OK] 累计IC完成 (0.0s)
[10:03:58]     计算IC自相关...
[10:03:58]     [OK] IC自相关完成 (0.0s)
[10:03:58]     └─ 获取透视表: 0.000s
[10:03:58]     └─ 按年度计算: 0.009s
[10:03:58] 
  [图表] [yearly_analysis] 耗时汇总:
[10:03:58]       按年度计算                       0.009s ( 81.8%) ################
[10:03:58]       获取透视表                       0.000s (  0.0%)
[10:03:58]       ─────────────────────────────────────────────
[10:03:58]       总计                          0.011s
[10:03:58] 
开始因子分组回测 (截面模式-矩阵优化)...
[10:03:58]   分组数量: 5
[10:03:58]   加权方式: equal
[10:03:58]     └─ 构建矩阵: 0.001s
[10:03:58]     └─ 截面分组(向量化): 0.000s
[10:03:58]     └─ 权重计算(矩阵): 0.001s
[10:03:58]     └─ 收益计算(矩阵): 0.000s
[10:03:58]     └─ 统计指标计算: 0.004s
[10:03:58]     └─ 净值曲线计算: 0.001s
[10:03:58] 
  [图表] [回测引擎] 耗时汇总:
[10:03:58]       统计指标计算                      0.004s ( 36.5%) #######
[10:03:58]       构建矩阵                        0.001s (  9.3%) #
[10:03:58]       净值曲线计算                      0.001s (  8.9%) #
[10:03:58]       权重计算(矩阵)                    0.001s (  8.9%) #
[10:03:58]       截面分组(向量化)                   0.000s (  0.0%)
[10:03:58]       收益计算(矩阵)                    0.000s (  0.0%)
[10:03:58]       ─────────────────────────────────────────────
[10:03:58]       总计                          0.011s
[10:03:58] [OK] 回测完成！
[10:28:21]     计算IC统计指标...
[10:28:21]     [TIME] 创建透视表...
[10:28:21]       透视表完成: (13, 98), 耗时: 0.012s
[10:28:21]     └─ 获取透视表: 0.014s
[10:28:21]     └─ 转换为numpy: 0.000s
[10:28:21]     └─ IC计算: 0.001s
[10:28:21] 
  [图表] [calculate_ic(pearson)] 耗时汇总:
[10:28:21]       获取透视表                       0.014s ( 81.9%) ################
[10:28:21]       IC计算                        0.001s (  6.0%) #
[10:28:21]       转换为numpy                    0.000s (  0.0%)
[10:28:21]       ─────────────────────────────────────────────
[10:28:21]       总计                          0.017s
[10:28:21]     └─ 获取透视表: 0.000s
[10:28:21]     └─ 转换为numpy: 0.000s
[10:28:21]     └─ IC计算: 0.004s
[10:28:21] 
  [图表] [calculate_ic(spearman)] 耗时汇总:
[10:28:21]       IC计算                        0.004s ( 57.0%) ###########
[10:28:21]       获取透视表                       0.000s (  0.0%)
[10:28:21]       转换为numpy                    0.000s (  0.0%)
[10:28:21]       ─────────────────────────────────────────────
[10:28:21]       总计                          0.007s
[10:28:21]     [OK] IC统计指标完成 (0.0s)
[10:28:21]     计算IC衰减 (10个滞后期)...
[10:28:21]     [TIME] calculate_ic_decay (max_lag=10)...
[10:28:21]       IC计算完成, 耗时: 0.030s
[10:28:21]     [TIME] ic_decay_total: 0.033s
[10:28:21]     [OK] IC衰减完成 (0.0s)
[10:28:21]     计算IC分布...
[10:28:21]     [OK] IC分布完成 (0.0s)
[10:28:21]     计算累计IC...
[10:28:21]     [OK] 累计IC完成 (0.0s)
[10:28:21]     计算IC自相关...
[10:28:21]     [OK] IC自相关完成 (0.0s)
[10:28:21]     └─ 获取透视表: 0.000s
[10:28:21]     └─ 按年度计算: 0.009s
[10:28:21] 
  [图表] [yearly_analysis] 耗时汇总:
[10:28:21]       按年度计算                       0.009s ( 90.0%) #################
[10:28:21]       获取透视表                       0.000s (  0.0%)
[10:28:21]       ─────────────────────────────────────────────
[10:28:21]       总计                          0.010s
[10:28:21] 
开始因子分组回测 (截面模式-矩阵优化)...
[10:28:21]   分组数量: 5
[10:28:21]   加权方式: equal
[10:28:21]     └─ 构建矩阵: 0.001s
[10:28:21]     └─ 截面分组(向量化): 0.000s
[10:28:21]     └─ 权重计算(矩阵): 0.000s
[10:28:21]     └─ 收益计算(矩阵): 0.001s
[10:28:21]     └─ 统计指标计算: 0.005s
[10:28:21]     └─ 净值曲线计算: 0.002s
[10:28:21] 
  [图表] [回测引擎] 耗时汇总:
[10:28:21]       统计指标计算                      0.005s ( 33.5%) ######
[10:28:21]       净值曲线计算                      0.002s ( 12.2%) ##
[10:28:21]       构建矩阵                        0.001s (  6.6%) #
[10:28:21]       收益计算(矩阵)                    0.001s (  6.1%) #
[10:28:21]       截面分组(向量化)                   0.000s (  0.0%)
[10:28:21]       权重计算(矩阵)                    0.000s (  0.0%)
[10:28:21]       ─────────────────────────────────────────────
[10:28:21]       总计                          0.016s
[10:28:21] [OK] 回测完成！
[10:36:41]     计算IC统计指标...
[10:36:41]     [TIME] 创建透视表...
[10:36:41]       透视表完成: (13, 98), 耗时: 0.016s
[10:36:41]     └─ 获取透视表: 0.018s
[10:36:41]     └─ 转换为numpy: 0.000s
[10:36:41]     └─ IC计算: 0.001s
[10:36:41] 
  [图表] [calculate_ic(pearson)] 耗时汇总:
[10:36:41]       获取透视表                       0.018s ( 85.0%) #################
[10:36:41]       IC计算                        0.001s (  4.8%)
[10:36:41]       转换为numpy                    0.000s (  0.0%)
[10:36:41]       ─────────────────────────────────────────────
[10:36:41]       总计                          0.021s
[10:36:41]     └─ 获取透视表: 0.000s
[10:36:41]     └─ 转换为numpy: 0.000s
[10:36:41]     └─ IC计算: 0.006s
[10:36:41] 
  [图表] [calculate_ic(spearman)] 耗时汇总:
[10:36:41]       IC计算                        0.006s ( 66.7%) #############
[10:36:41]       获取透视表                       0.000s (  0.0%)
[10:36:41]       转换为numpy                    0.000s (  0.0%)
[10:36:41]       ─────────────────────────────────────────────
[10:36:41]       总计                          0.009s
[10:36:41]     [OK] IC统计指标完成 (0.0s)
[10:36:41]     计算IC衰减 (10个滞后期)...
[10:36:41]     [TIME] calculate_ic_decay (max_lag=10)...
[10:36:41]       IC计算完成, 耗时: 0.029s
[10:36:41]     [TIME] ic_decay_total: 0.032s
[10:36:41]     [OK] IC衰减完成 (0.0s)
[10:36:41]     计算IC分布...
[10:36:41]     [OK] IC分布完成 (0.0s)
[10:36:41]     计算累计IC...
[10:36:41]     [OK] 累计IC完成 (0.0s)
[10:36:41]     计算IC自相关...
[10:36:41]     [OK] IC自相关完成 (0.0s)
[10:36:41]     └─ 获取透视表: 0.000s
[10:36:41]     └─ 按年度计算: 0.014s
[10:36:41] 
  [图表] [yearly_analysis] 耗时汇总:
[10:36:41]       按年度计算                       0.014s ( 87.6%) #################
[10:36:41]       获取透视表                       0.000s (  0.0%)
[10:36:41]       ─────────────────────────────────────────────
[10:36:41]       总计                          0.016s
[10:36:41] 
开始因子分组回测 (截面模式-矩阵优化)...
[10:36:41]   分组数量: 5
[10:36:41]   加权方式: equal
[10:36:41]     └─ 构建矩阵: 0.001s
[10:36:41]     └─ 截面分组(向量化): 0.000s
[10:36:41]     └─ 权重计算(矩阵): 0.000s
[10:36:41]     └─ 收益计算(矩阵): 0.000s
[10:36:41]     └─ 统计指标计算: 0.005s
[10:36:41]     └─ 净值曲线计算: 0.001s
[10:36:41] 
  [图表] [回测引擎] 耗时汇总:
[10:36:41]       统计指标计算                      0.005s ( 34.9%) ######
[10:36:41]       构建矩阵                        0.001s (  6.9%) #
[10:36:41]       净值曲线计算                      0.001s (  6.9%) #
[10:36:41]       截面分组(向量化)                   0.000s (  0.0%)
[10:36:41]       权重计算(矩阵)                    0.000s (  0.0%)
[10:36:41]       收益计算(矩阵)                    0.000s (  0.0%)
[10:36:41]       ─────────────────────────────────────────────
[10:36:41]       总计                          0.014s
[10:36:41] [OK] 回测完成！
[10:37:29]     计算IC统计指标...
[10:37:29]     计算IC统计指标...
[10:37:29]     [TIME] 创建透视表...
[10:37:29]     [TIME] 创建透视表...
[10:37:29]       透视表完成: (13, 98), 耗时: 0.021s
[10:37:29]     └─ 获取透视表: 0.022s
[10:37:29]       透视表完成: (13, 98), 耗时: 0.022s
[10:37:29]     └─ 转换为numpy: 0.000s
[10:37:29]     └─ 获取透视表: 0.025s
[10:37:29]     └─ IC计算: 0.001s
[10:37:29]     └─ 转换为numpy: 0.000s
[10:37:29] 
  [图表] [calculate_ic(pearson)] 耗时汇总:
[10:37:29]     └─ IC计算: 0.001s
[10:37:29]       获取透视表                       0.022s ( 80.2%) ################
[10:37:29] 
  [图表] [calculate_ic(pearson)] 耗时汇总:
[10:37:29]       IC计算                        0.001s (  5.0%) #
[10:37:29]       获取透视表                       0.025s ( 82.1%) ################
[10:37:29]       转换为numpy                    0.000s (  0.0%)
[10:37:29]       IC计算                        0.001s (  3.3%)
[10:37:29]       ─────────────────────────────────────────────
[10:37:29]       转换为numpy                    0.000s (  0.0%)
[10:37:29]       总计                          0.028s
[10:37:29]       ─────────────────────────────────────────────
[10:37:29]     └─ 获取透视表: 0.000s
[10:37:29]       总计                          0.031s
[10:37:29]     └─ 转换为numpy: 0.000s
[10:37:29]     └─ 获取透视表: 0.000s
[10:37:29]     └─ 转换为numpy: 0.000s
[10:37:29]     └─ IC计算: 0.010s
[10:37:29] 
  [图表] [calculate_ic(spearman)] 耗时汇总:
[10:37:29]     └─ IC计算: 0.007s
[10:37:29]       IC计算                        0.010s ( 54.4%) ##########
[10:37:29] 
  [图表] [calculate_ic(spearman)] 耗时汇总:
[10:37:29]       获取透视表                       0.000s (  0.0%)
[10:37:29]       IC计算                        0.007s ( 36.7%) #######
[10:37:29]       转换为numpy                    0.000s (  0.0%)
[10:37:29]       获取透视表                       0.000s (  0.0%)
[10:37:29]       ─────────────────────────────────────────────
[10:37:29]       转换为numpy                    0.000s (  0.0%)
[10:37:29]       总计                          0.018s
[10:37:29]       (其他)                        0.012s ( 63.3%)
[10:37:29]     [OK] IC统计指标完成 (0.1s)
[10:37:29]       ─────────────────────────────────────────────
[10:37:29]     计算IC衰减 (10个滞后期)...
[10:37:29]       总计                          0.019s
[10:37:29]     [TIME] calculate_ic_decay (max_lag=10)...
[10:37:29]     [OK] IC统计指标完成 (0.1s)
[10:37:29]     计算IC衰减 (10个滞后期)...
[10:37:29]       IC计算完成, 耗时: 0.036s
[10:37:29]     [TIME] calculate_ic_decay (max_lag=10)...
[10:37:29]     [TIME] ic_decay_total: 0.038s
[10:37:29]     [OK] IC衰减完成 (0.0s)
[10:37:29]     计算IC分布...
[10:37:29]       IC计算完成, 耗时: 0.029s
[10:37:29]     [OK] IC分布完成 (0.0s)
[10:37:29]     [TIME] ic_decay_total: 0.034s
[10:37:29]     计算累计IC...
[10:37:29]     [OK] IC衰减完成 (0.0s)
[10:37:29]     [OK] 累计IC完成 (0.0s)
[10:37:29]     计算IC分布...
[10:37:29]     计算IC自相关...
[10:37:29]     [OK] IC分布完成 (0.0s)
[10:37:29]     [OK] IC自相关完成 (0.0s)
[10:37:29]     计算累计IC...
[10:37:29]     └─ 获取透视表: 0.000s
[10:37:29]     [OK] 累计IC完成 (0.0s)
[10:37:29]     计算IC自相关...
[10:37:29]     └─ 按年度计算: 0.014s
[10:37:29]     [OK] IC自相关完成 (0.0s)
[10:37:29] 
  [图表] [yearly_analysis] 耗时汇总:
[10:37:29]     └─ 获取透视表: 0.000s
[10:37:29]       按年度计算                       0.014s ( 69.1%) #############
[10:37:29]     └─ 按年度计算: 0.012s
[10:37:29]       获取透视表                       0.000s (  0.0%)
[10:37:29] 
  [图表] [yearly_analysis] 耗时汇总:
[10:37:29]       ─────────────────────────────────────────────
[10:37:29]       按年度计算                       0.012s ( 85.3%) #################
[10:37:29]       总计                          0.021s
[10:37:29]       获取透视表                       0.000s (  0.0%)
[10:37:29]       ─────────────────────────────────────────────
[10:37:29]       总计                          0.014s
[10:37:29] 
开始因子分组回测 (截面模式-矩阵优化)...
[10:37:29]   分组数量: 5
[10:37:29] 
开始因子分组回测 (截面模式-矩阵优化)...
[10:37:29]   加权方式: equal
[10:37:29]   分组数量: 5
[10:37:29]   加权方式: equal
[10:37:29]     └─ 构建矩阵: 0.001s
[10:37:29]     └─ 截面分组(向量化): 0.000s
[10:37:29]     └─ 构建矩阵: 0.001s
[10:37:29]     └─ 权重计算(矩阵): 0.001s
[10:37:29]     └─ 截面分组(向量化): 0.000s
[10:37:29]     └─ 收益计算(矩阵): 0.001s
[10:37:29]     └─ 权重计算(矩阵): 0.000s
[10:37:29]     └─ 统计指标计算: 0.006s
[10:37:29]     └─ 收益计算(矩阵): 0.001s
[10:37:29]     └─ 净值曲线计算: 0.001s
[10:37:29]     └─ 统计指标计算: 0.004s
[10:37:29] 
  [图表] [回测引擎] 耗时汇总:
[10:37:29]     └─ 净值曲线计算: 0.002s
[10:37:29]       统计指标计算                      0.006s ( 22.0%) ####
[10:37:29] 
  [图表] [回测引擎] 耗时汇总:
[10:37:29]       净值曲线计算                      0.001s (  3.7%)
[10:37:29]       统计指标计算                      0.004s ( 14.9%) ##
[10:37:29]       权重计算(矩阵)                    0.001s (  3.7%)
[10:37:29]       净值曲线计算                      0.002s (  7.3%) #
[10:37:29]       收益计算(矩阵)                    0.001s (  3.7%)
[10:37:29]       收益计算(矩阵)                    0.001s (  5.5%) #
[10:37:29]       构建矩阵                        0.001s (  3.7%)
[10:37:29]       构建矩阵                        0.001s (  4.3%)
[10:37:29]       截面分组(向量化)                   0.000s (  0.0%)
[10:37:29]       截面分组(向量化)                   0.000s (  0.0%)
[10:37:29]       (其他)                        0.017s ( 63.3%)
[10:37:29]       权重计算(矩阵)                    0.000s (  0.0%)
[10:37:29]       ─────────────────────────────────────────────
[10:37:29]       (其他)                        0.018s ( 68.0%)
[10:37:29]       总计                          0.027s
[10:37:29]       ─────────────────────────────────────────────
[10:37:29] [OK] 回测完成！
[10:37:29]       总计                          0.027s
[10:37:29] [OK] 回测完成！
[16:26:53]     计算IC统计指标...
[16:26:53]     计算IC统计指标...
[16:26:53]     [TIME] 创建透视表...
[16:26:53]     [TIME] 创建透视表...
[16:26:53]       透视表完成: (13, 98), 耗时: 0.083s
[16:26:53]     └─ 获取透视表: 0.093s
[16:26:53]       透视表完成: (13, 98), 耗时: 0.082s
[16:26:53]     └─ 转换为numpy: 0.000s
[16:26:53]     └─ 获取透视表: 0.113s
[16:26:53]     └─ 转换为numpy: 0.000s
[16:26:53]     └─ IC计算: 0.007s
[16:26:53]     └─ IC计算: 0.016s
[16:26:53] 
  [图表] [calculate_ic(pearson)] 耗时汇总:
[16:26:53] 
  [图表] [calculate_ic(pearson)] 耗时汇总:
[16:26:53]       获取透视表                       0.113s ( 83.7%) ################
[16:26:53]       获取透视表                       0.093s ( 66.0%) #############
[16:26:53]       IC计算                        0.007s (  5.0%)
[16:26:53]       IC计算                        0.016s ( 11.2%) ##
[16:26:53]       转换为numpy                    0.000s (  0.0%)
[16:26:53]       转换为numpy                    0.000s (  0.0%)
[16:26:53]       (其他)                        0.015s ( 11.3%)
[16:26:53]       (其他)                        0.032s ( 22.8%)
[16:26:53]       ─────────────────────────────────────────────
[16:26:53]       ─────────────────────────────────────────────
[16:26:53]       总计                          0.134s
[16:26:53]       总计                          0.141s
[16:26:53]     └─ 获取透视表: 0.000s
[16:26:53]     └─ 获取透视表: 0.000s
[16:26:53]     └─ 转换为numpy: 0.000s
[16:26:53]     └─ 转换为numpy: 0.000s
[16:26:53]     └─ IC计算: 0.043s
[16:26:53]     └─ IC计算: 0.032s
[16:26:53] 
  [图表] [calculate_ic(spearman)] 耗时汇总:
[16:26:53] 
  [图表] [calculate_ic(spearman)] 耗时汇总:
[16:26:53]       IC计算                        0.043s ( 64.0%) ############
[16:26:53]       IC计算                        0.032s ( 53.7%) ##########
[16:26:53]       获取透视表                       0.000s (  0.0%)
[16:26:53]       获取透视表                       0.000s (  0.0%)
[16:26:53]       转换为numpy                    0.000s (  0.0%)
[16:26:53]       转换为numpy                    0.000s (  0.0%)
[16:26:53]       (其他)                        0.028s ( 46.3%)
[16:26:53]       (其他)                        0.024s ( 36.0%)
[16:26:53]       ─────────────────────────────────────────────
[16:26:53]       ─────────────────────────────────────────────
[16:26:53]       总计                          0.060s
[16:26:53]       总计                          0.067s
[16:26:53]     [OK] IC统计指标完成 (0.3s)
[16:26:53]     [OK] IC统计指标完成 (0.3s)
[16:26:53]     计算IC衰减 (10个滞后期)...
[16:26:53]     计算IC衰减 (10个滞后期)...
[16:26:53]     [TIME] calculate_ic_decay (max_lag=10)...
[16:26:53]     [TIME] calculate_ic_decay (max_lag=10)...
[16:26:53]       IC计算完成, 耗时: 0.181s
[16:26:53]     [TIME] ic_decay_total: 0.190s
[16:26:53]     [OK] IC衰减完成 (0.2s)
[16:26:53]     计算IC分布...
[16:26:53]     [OK] IC分布完成 (0.0s)
[16:26:53]     计算累计IC...
[16:26:53]     [OK] 累计IC完成 (0.0s)
[16:26:53]     计算IC自相关...
[16:26:53]     [OK] IC自相关完成 (0.0s)
[16:26:53]     └─ 获取透视表: 0.000s
[16:26:53]       IC计算完成, 耗时: 0.203s
[16:26:53]     [TIME] ic_decay_total: 0.320s
[16:26:53]     └─ 按年度计算: 0.052s
[16:26:53]     [OK] IC衰减完成 (0.3s)
[16:26:53] 
  [图表] [yearly_analysis] 耗时汇总:
[16:26:53]     计算IC分布...
[16:26:53]       按年度计算                       0.052s ( 75.0%) ###############
[16:26:53]       获取透视表                       0.000s (  0.0%)
[16:26:53]       (其他)                        0.017s ( 25.0%)
[16:26:53]       ─────────────────────────────────────────────
[16:26:53]       总计                          0.070s
[16:26:53]     [OK] IC分布完成 (0.0s)
[16:26:53]     计算累计IC...
[16:26:53]     [OK] 累计IC完成 (0.0s)
[16:26:53]     计算IC自相关...
[16:26:53]     [OK] IC自相关完成 (0.0s)
[16:26:53]     └─ 获取透视表: 0.000s
[16:26:53] 
开始因子分组回测 (截面模式-矩阵优化)...
[16:26:53]   分组数量: 5
[16:26:53]     └─ 按年度计算: 0.029s
[16:26:53]   加权方式: equal
[16:26:53] 
  [图表] [yearly_analysis] 耗时汇总:
[16:26:53]       按年度计算                       0.029s ( 75.2%) ###############
[16:26:53]       获取透视表                       0.000s (  0.0%)
[16:26:53]     └─ 构建矩阵: 0.007s
[16:26:53]       ─────────────────────────────────────────────
[16:26:53]       总计                          0.039s
[16:26:53]     └─ 截面分组(向量化): 0.003s
[16:26:53]     └─ 权重计算(矩阵): 0.003s
[16:26:53]     └─ 收益计算(矩阵): 0.001s
[16:26:53]     └─ 统计指标计算: 0.020s
[16:26:53]     └─ 净值曲线计算: 0.002s
[16:26:53] 
  [图表] [回测引擎] 耗时汇总:
[16:26:53]       统计指标计算                      0.020s ( 26.4%) #####
[16:26:53]       构建矩阵                        0.007s (  9.3%) #
[16:26:53]       截面分组(向量化)                   0.003s (  4.5%)
[16:26:53]       权重计算(矩阵)                    0.003s (  3.8%)
[16:26:53]       净值曲线计算                      0.002s (  3.2%)
[16:26:53]       收益计算(矩阵)                    0.001s (  1.6%)
[16:26:53] 
开始因子分组回测 (截面模式-矩阵优化)...
[16:26:53]       (其他)                        0.039s ( 51.3%)
[16:26:53]       ─────────────────────────────────────────────
[16:26:53]       总计                          0.075s
[16:26:53] [OK] 回测完成！
[16:26:53]   分组数量: 5
[16:26:53]   加权方式: equal
[16:26:53]     └─ 构建矩阵: 0.003s
[16:26:53]     └─ 截面分组(向量化): 0.004s
[16:26:53]     └─ 权重计算(矩阵): 0.001s
[16:26:53]     └─ 收益计算(矩阵): 0.001s
[16:26:53]     └─ 统计指标计算: 0.014s
[16:26:53]     └─ 净值曲线计算: 0.003s
[16:26:53] 
  [图表] [回测引擎] 耗时汇总:
[16:26:53]       统计指标计算                      0.014s ( 21.9%) ####
[16:26:53]       截面分组(向量化)                   0.004s (  6.8%) #
[16:26:53]       构建矩阵                        0.003s (  4.9%)
[16:26:53]       净值曲线计算                      0.003s (  4.0%)
[16:26:53]       权重计算(矩阵)                    0.001s (  2.3%)
[16:26:53]       收益计算(矩阵)                    0.001s (  1.6%)
[16:26:53]       (其他)                        0.036s ( 58.5%)
[16:26:53]       ─────────────────────────────────────────────
[16:26:53]       总计                          0.062s
[16:26:53] [OK] 回测完成！
[09:55:14]     计算IC统计指标...
[09:55:14]     [TIME] 创建透视表...
[09:55:14]       透视表完成: (94, 100), 耗时: 0.026s
[09:55:14]     └─ 获取透视表: 0.027s
[09:55:14]     └─ 转换为numpy: 0.000s
[09:55:14]     └─ IC计算: 0.012s
[09:55:14] 
  [图表] [calculate_ic(pearson)] 耗时汇总:
[09:55:14]       获取透视表                       0.027s ( 64.3%) ############
[09:55:14]       IC计算                        0.012s ( 28.6%) #####
[09:55:14]       转换为numpy                    0.000s (  0.0%)
[09:55:14]       ─────────────────────────────────────────────
[09:55:14]       总计                          0.042s
[09:55:14]     └─ 获取透视表: 0.000s
[09:55:14]     └─ 转换为numpy: 0.000s
[09:55:14]     └─ IC计算: 0.078s
[09:55:14] 
  [图表] [calculate_ic(spearman)] 耗时汇总:
[09:55:14]       IC计算                        0.078s ( 96.3%) ###################
[09:55:14]       获取透视表                       0.000s (  0.0%)
[09:55:14]       转换为numpy                    0.000s (  0.0%)
[09:55:14]       ─────────────────────────────────────────────
[09:55:14]       总计                          0.081s
[09:55:14]     [OK] IC统计指标完成 (0.1s)
[09:55:14]     计算IC衰减 (10个滞后期)...
[09:55:14]     [TIME] calculate_ic_decay (max_lag=10)...
[09:55:14]       IC计算完成, 耗时: 0.079s
[09:55:14]     [TIME] ic_decay_total: 0.082s
[09:55:14]     [OK] IC衰减完成 (0.1s)
[09:55:14]     计算IC分布...
[09:55:14]     [OK] IC分布完成 (0.0s)
[09:55:14]     计算累计IC...
[09:55:14]     [OK] 累计IC完成 (0.0s)
[09:55:14]     计算IC自相关...
[09:55:14]     [OK] IC自相关完成 (0.0s)
[09:55:14]     └─ 获取透视表: 0.000s
[09:55:14]     └─ 按年度计算: 0.061s
[09:55:14] 
  [图表] [yearly_analysis] 耗时汇总:
[09:55:14]       按年度计算                       0.061s ( 98.4%) ###################
[09:55:14]       获取透视表                       0.000s (  0.0%)
[09:55:14]       ─────────────────────────────────────────────
[09:55:14]       总计                          0.062s
[09:55:14] 
开始因子分组回测 (截面模式-矩阵优化)...
[09:55:14]   分组数量: 5
[09:55:14]   加权方式: equal
[09:55:14]     └─ 构建矩阵: 0.002s
[09:55:14]     └─ 截面分组(向量化): 0.001s
[09:55:14]     └─ 权重计算(矩阵): 0.000s
[09:55:14]     └─ 收益计算(矩阵): 0.001s
[09:55:14]     └─ 统计指标计算: 0.009s
[09:55:14]     └─ 净值曲线计算: 0.002s
[09:55:14] 
  [图表] [回测引擎] 耗时汇总:
[09:55:14]       统计指标计算                      0.009s ( 41.4%) ########
[09:55:14]       净值曲线计算                      0.002s (  9.4%) #
[09:55:14]       构建矩阵                        0.002s (  9.3%) #
[09:55:14]       收益计算(矩阵)                    0.001s (  4.6%)
[09:55:14]       截面分组(向量化)                   0.001s (  4.6%)
[09:55:14]       权重计算(矩阵)                    0.000s (  0.0%)
[09:55:14]       ─────────────────────────────────────────────
[09:55:14]       总计                          0.022s
[09:55:14] [OK] 回测完成！
